comparison_group_id,comparison_group,variant,dataset_name,dataset_split,hardware_device,kind,metric,n_runs,mean,sd,min,max,seeds,experiment_ids
COUNTERFEIT_SAFETY,Safety of the deployed counterfeit check,"App path, bm/genuine",bm/genuine,whole-note photos,laptop (DESKTOP-EA33S9L),metrics,checked,1,277.0,,277,277,,EXP_0058
COUNTERFEIT_SAFETY,Safety of the deployed counterfeit check,"App path, bm/genuine",bm/genuine,whole-note photos,laptop (DESKTOP-EA33S9L),metrics,likely_genuine,1,1.0,,1,1,,EXP_0058
COUNTERFEIT_SAFETY,Safety of the deployed counterfeit check,"App path, bm/genuine",bm/genuine,whole-note photos,laptop (DESKTOP-EA33S9L),metrics,n_images,1,303.0,,303,303,,EXP_0058
COUNTERFEIT_SAFETY,Safety of the deployed counterfeit check,"App path, bt/genuine",bt/genuine,whole-note photos,laptop (DESKTOP-EA33S9L),metrics,checked,1,296.0,,296,296,,EXP_0059
COUNTERFEIT_SAFETY,Safety of the deployed counterfeit check,"App path, bt/genuine",bt/genuine,whole-note photos,laptop (DESKTOP-EA33S9L),metrics,likely_genuine,1,6.0,,6,6,,EXP_0059
COUNTERFEIT_SAFETY,Safety of the deployed counterfeit check,"App path, bt/genuine",bt/genuine,whole-note photos,laptop (DESKTOP-EA33S9L),metrics,n_images,1,300.0,,300,300,,EXP_0059
COUNTERFEIT_SAFETY,Safety of the deployed counterfeit check,"App path, cf/counterfeit",cf/counterfeit,whole-note photos,laptop (DESKTOP-EA33S9L),metrics,checked,1,20.0,,20,20,,EXP_0056
COUNTERFEIT_SAFETY,Safety of the deployed counterfeit check,"App path, cf/counterfeit",cf/counterfeit,whole-note photos,laptop (DESKTOP-EA33S9L),metrics,likely_genuine,1,0.0,,0,0,,EXP_0056
COUNTERFEIT_SAFETY,Safety of the deployed counterfeit check,"App path, cf/counterfeit",cf/counterfeit,whole-note photos,laptop (DESKTOP-EA33S9L),metrics,n_images,1,27.0,,27,27,,EXP_0056
COUNTERFEIT_SAFETY,Safety of the deployed counterfeit check,"App path, cf/genuine",cf/genuine,whole-note photos,laptop (DESKTOP-EA33S9L),metrics,checked,1,1138.0,,1138,1138,,EXP_0057
COUNTERFEIT_SAFETY,Safety of the deployed counterfeit check,"App path, cf/genuine",cf/genuine,whole-note photos,laptop (DESKTOP-EA33S9L),metrics,likely_genuine,1,192.0,,192,192,,EXP_0057
COUNTERFEIT_SAFETY,Safety of the deployed counterfeit check,"App path, cf/genuine",cf/genuine,whole-note photos,laptop (DESKTOP-EA33S9L),metrics,n_images,1,1199.0,,1199,1199,,EXP_0057
COUNTERFEIT_SAFETY,Safety of the deployed counterfeit check,"Policy E, JaalTaka test",JaalTaka,test,laptop (DESKTOP-EA33S9L),metrics,counterfeit_n,1,88.0,,88,88,,EXP_0055
COUNTERFEIT_SAFETY,Safety of the deployed counterfeit check,"Policy E, JaalTaka test",JaalTaka,test,laptop (DESKTOP-EA33S9L),metrics,counterfeit_passed,1,0.0,,0,0,,EXP_0055
COUNTERFEIT_SAFETY,Safety of the deployed counterfeit check,"Policy E, JaalTaka test",JaalTaka,test,laptop (DESKTOP-EA33S9L),metrics,genuine_n,1,120.0,,120,120,,EXP_0055
COUNTERFEIT_SAFETY,Safety of the deployed counterfeit check,"Policy E, JaalTaka test",JaalTaka,test,laptop (DESKTOP-EA33S9L),metrics,genuine_passed,1,69.0,,69,69,,EXP_0055
COUNTERFEIT_SAFETY,Safety of the deployed counterfeit check,"Quality gate, k=1",JaalTaka,test,laptop (DESKTOP-EA33S9L),metrics,blocked_black,1,0.039083285914460954,,0.039083285914460954,0.039083285914460954,42,EXP_0060
COUNTERFEIT_SAFETY,Safety of the deployed counterfeit check,"Quality gate, k=1",JaalTaka,test,laptop (DESKTOP-EA33S9L),metrics,blown_sat,1,0.0941621289710686,,0.0941621289710686,0.0941621289710686,42,EXP_0060
COUNTERFEIT_SAFETY,Safety of the deployed counterfeit check,"Quality gate, k=1",JaalTaka,test,laptop (DESKTOP-EA33S9L),metrics,dark_mean_y,1,109.30437670789225,,109.30437670789225,109.30437670789225,42,EXP_0060
COUNTERFEIT_SAFETY,Safety of the deployed counterfeit check,"Quality gate, k=1",JaalTaka,test,laptop (DESKTOP-EA33S9L),metrics,gate_rejected_notes,5,168.2,88.99550550449163,9,208,42 42 42 42 42,EXP_0061 EXP_0062 EXP_0063 EXP_0064 EXP_0065
COUNTERFEIT_SAFETY,Safety of the deployed counterfeit check,"Quality gate, k=6",JaalTaka,test,laptop (DESKTOP-EA33S9L),metrics,blocked_black,1,0.04121668389118817,,0.04121668389118817,0.04121668389118817,42,EXP_0066
COUNTERFEIT_SAFETY,Safety of the deployed counterfeit check,"Quality gate, k=6",JaalTaka,test,laptop (DESKTOP-EA33S9L),metrics,blown_sat,1,0.1372788581419855,,0.1372788581419855,0.1372788581419855,42,EXP_0066
COUNTERFEIT_SAFETY,Safety of the deployed counterfeit check,"Quality gate, k=6",JaalTaka,test,laptop (DESKTOP-EA33S9L),metrics,dark_mean_y,1,80.517150585992,,80.517150585992,80.517150585992,42,EXP_0066
COUNTERFEIT_SAFETY,Safety of the deployed counterfeit check,"Quality gate, k=6",JaalTaka,test,laptop (DESKTOP-EA33S9L),metrics,gate_rejected_notes,5,171.2,82.28730157199226,24,208,42 42 42 42 42,EXP_0067 EXP_0068 EXP_0069 EXP_0070 EXP_0071
DEVICE_BEHAVIOUR,Glass interaction behaviour,capture guide,JaalTaka,"test (serial-disjoint), back-lit view 6",laptop (DESKTOP-EA33S9L),metrics,accepted,4,56.0,104.7950380504726,0,213,,EXP_0179 EXP_0180 EXP_0181 EXP_0182
DEVICE_BEHAVIOUR,Glass interaction behaviour,capture guide,JaalTaka,"test (serial-disjoint), back-lit view 6",laptop (DESKTOP-EA33S9L),metrics,accepted_rate,4,0.25225225225225223,0.47204972094807474,0.0,0.9594594594594594,,EXP_0179 EXP_0180 EXP_0181 EXP_0182
DEVICE_BEHAVIOUR,Glass interaction behaviour,capture guide,JaalTaka,"test (serial-disjoint), back-lit view 6",laptop (DESKTOP-EA33S9L),metrics,rejected_blurry,4,107.5,121.3438640118788,0,218,,EXP_0179 EXP_0180 EXP_0181 EXP_0182
DEVICE_BEHAVIOUR,Glass interaction behaviour,capture guide,JaalTaka,"test (serial-disjoint), back-lit view 6",laptop (DESKTOP-EA33S9L),metrics,rejected_dark,4,58.5,109.0,4,222,,EXP_0179 EXP_0180 EXP_0181 EXP_0182
DEVICE_BEHAVIOUR,Glass interaction behaviour,mode switch after,,,laptop CPU (DESKTOP-EA33S9L),performance,activate_again_ms,1,0.0,,0.0,0.0,,EXP_0184
DEVICE_BEHAVIOUR,Glass interaction behaviour,mode switch after,,,laptop CPU (DESKTOP-EA33S9L),performance,activate_first_ms,1,1996.0,,1996.0,1996.0,,EXP_0184
DEVICE_BEHAVIOUR,Glass interaction behaviour,mode switch after,,,laptop CPU (DESKTOP-EA33S9L),performance,first_check_ms,1,43.1,,43.1,43.1,,EXP_0184
DEVICE_BEHAVIOUR,Glass interaction behaviour,mode switch after,,,laptop CPU (DESKTOP-EA33S9L),performance,steady_check_ms,1,40.7,,40.7,40.7,,EXP_0184
DEVICE_BEHAVIOUR,Glass interaction behaviour,mode switch after,,,laptop CPU (DESKTOP-EA33S9L),performance,warm_up_ms,1,682.9,,682.9,682.9,,EXP_0184
DEVICE_BEHAVIOUR,Glass interaction behaviour,mode switch after_wm,,,laptop CPU (DESKTOP-EA33S9L),performance,activate_again_ms,1,0.0,,0.0,0.0,,EXP_0186
DEVICE_BEHAVIOUR,Glass interaction behaviour,mode switch after_wm,,,laptop CPU (DESKTOP-EA33S9L),performance,activate_first_ms,1,1974.9,,1974.9,1974.9,,EXP_0186
DEVICE_BEHAVIOUR,Glass interaction behaviour,mode switch after_wm,,,laptop CPU (DESKTOP-EA33S9L),performance,first_check_ms,1,78.4,,78.4,78.4,,EXP_0186
DEVICE_BEHAVIOUR,Glass interaction behaviour,mode switch after_wm,,,laptop CPU (DESKTOP-EA33S9L),performance,steady_check_ms,1,40.0,,40.0,40.0,,EXP_0186
DEVICE_BEHAVIOUR,Glass interaction behaviour,mode switch after_wm,,,laptop CPU (DESKTOP-EA33S9L),performance,warm_up_ms,1,1096.3,,1096.3,1096.3,,EXP_0186
DEVICE_BEHAVIOUR,Glass interaction behaviour,mode switch before,,,laptop CPU (DESKTOP-EA33S9L),performance,activate_again_ms,1,317.6,,317.6,317.6,,EXP_0183
DEVICE_BEHAVIOUR,Glass interaction behaviour,mode switch before,,,laptop CPU (DESKTOP-EA33S9L),performance,activate_first_ms,1,1959.9,,1959.9,1959.9,,EXP_0183
DEVICE_BEHAVIOUR,Glass interaction behaviour,mode switch before,,,laptop CPU (DESKTOP-EA33S9L),performance,first_check_ms,1,661.2,,661.2,661.2,,EXP_0183
DEVICE_BEHAVIOUR,Glass interaction behaviour,mode switch before,,,laptop CPU (DESKTOP-EA33S9L),performance,steady_check_ms,1,39.4,,39.4,39.4,,EXP_0183
DEVICE_BEHAVIOUR,Glass interaction behaviour,mode switch before_wm,,,laptop CPU (DESKTOP-EA33S9L),performance,activate_again_ms,1,306.4,,306.4,306.4,,EXP_0185
DEVICE_BEHAVIOUR,Glass interaction behaviour,mode switch before_wm,,,laptop CPU (DESKTOP-EA33S9L),performance,activate_first_ms,1,2018.2,,2018.2,2018.2,,EXP_0185
DEVICE_BEHAVIOUR,Glass interaction behaviour,mode switch before_wm,,,laptop CPU (DESKTOP-EA33S9L),performance,first_check_ms,1,714.7,,714.7,714.7,,EXP_0185
DEVICE_BEHAVIOUR,Glass interaction behaviour,mode switch before_wm,,,laptop CPU (DESKTOP-EA33S9L),performance,steady_check_ms,1,37.5,,37.5,37.5,,EXP_0185
JAALTAKA_FROZEN_PROBES,"Frozen ImageNet backbones, linear probe",densenet121,JaalTaka,"test (note-disjoint, seed 42)",laptop (DESKTOP-EA33S9L),metrics,accuracy_k1,1,0.9759615384615384,,0.9759615384615384,0.9759615384615384,deterministic,EXP_0019
JAALTAKA_FROZEN_PROBES,"Frozen ImageNet backbones, linear probe",densenet121,JaalTaka,"test (note-disjoint, seed 42)",laptop (DESKTOP-EA33S9L),metrics,accuracy_k2,1,0.9903846153846154,,0.9903846153846154,0.9903846153846154,deterministic,EXP_0019
JAALTAKA_FROZEN_PROBES,"Frozen ImageNet backbones, linear probe",densenet121,JaalTaka,"test (note-disjoint, seed 42)",laptop (DESKTOP-EA33S9L),metrics,accuracy_k3,1,0.9903846153846154,,0.9903846153846154,0.9903846153846154,deterministic,EXP_0019
JAALTAKA_FROZEN_PROBES,"Frozen ImageNet backbones, linear probe",densenet121,JaalTaka,"test (note-disjoint, seed 42)",laptop (DESKTOP-EA33S9L),metrics,accuracy_k4,1,0.9903846153846154,,0.9903846153846154,0.9903846153846154,deterministic,EXP_0019
JAALTAKA_FROZEN_PROBES,"Frozen ImageNet backbones, linear probe",densenet121,JaalTaka,"test (note-disjoint, seed 42)",laptop (DESKTOP-EA33S9L),metrics,accuracy_k5,1,0.9903846153846154,,0.9903846153846154,0.9903846153846154,deterministic,EXP_0019
JAALTAKA_FROZEN_PROBES,"Frozen ImageNet backbones, linear probe",densenet121,JaalTaka,"test (note-disjoint, seed 42)",laptop (DESKTOP-EA33S9L),metrics,accuracy_k6,1,0.9903846153846154,,0.9903846153846154,0.9903846153846154,deterministic,EXP_0019
JAALTAKA_FROZEN_PROBES,"Frozen ImageNet backbones, linear probe",densenet121,JaalTaka,"test (note-disjoint, seed 42)",laptop (DESKTOP-EA33S9L),metrics,val_accuracy_k1,1,0.9759615384615384,,0.9759615384615384,0.9759615384615384,deterministic,EXP_0019
JAALTAKA_FROZEN_PROBES,"Frozen ImageNet backbones, linear probe",densenet121,JaalTaka,"test (note-disjoint, seed 42)",laptop (DESKTOP-EA33S9L),metrics,val_accuracy_k2,1,0.9903846153846154,,0.9903846153846154,0.9903846153846154,deterministic,EXP_0019
JAALTAKA_FROZEN_PROBES,"Frozen ImageNet backbones, linear probe",densenet121,JaalTaka,"test (note-disjoint, seed 42)",laptop (DESKTOP-EA33S9L),metrics,val_accuracy_k3,1,0.9903846153846154,,0.9903846153846154,0.9903846153846154,deterministic,EXP_0019
JAALTAKA_FROZEN_PROBES,"Frozen ImageNet backbones, linear probe",densenet121,JaalTaka,"test (note-disjoint, seed 42)",laptop (DESKTOP-EA33S9L),metrics,val_accuracy_k4,1,0.9903846153846154,,0.9903846153846154,0.9903846153846154,deterministic,EXP_0019
JAALTAKA_FROZEN_PROBES,"Frozen ImageNet backbones, linear probe",densenet121,JaalTaka,"test (note-disjoint, seed 42)",laptop (DESKTOP-EA33S9L),metrics,val_accuracy_k5,1,0.9903846153846154,,0.9903846153846154,0.9903846153846154,deterministic,EXP_0019
JAALTAKA_FROZEN_PROBES,"Frozen ImageNet backbones, linear probe",densenet121,JaalTaka,"test (note-disjoint, seed 42)",laptop (DESKTOP-EA33S9L),metrics,val_accuracy_k6,1,0.9903846153846154,,0.9903846153846154,0.9903846153846154,deterministic,EXP_0019
JAALTAKA_FROZEN_PROBES,"Frozen ImageNet backbones, linear probe",inception_v3,JaalTaka,"test (note-disjoint, seed 42)",laptop (DESKTOP-EA33S9L),metrics,accuracy_k1,1,0.9663461538461539,,0.9663461538461539,0.9663461538461539,deterministic,EXP_0022
JAALTAKA_FROZEN_PROBES,"Frozen ImageNet backbones, linear probe",inception_v3,JaalTaka,"test (note-disjoint, seed 42)",laptop (DESKTOP-EA33S9L),metrics,accuracy_k2,1,0.9855769230769231,,0.9855769230769231,0.9855769230769231,deterministic,EXP_0022
JAALTAKA_FROZEN_PROBES,"Frozen ImageNet backbones, linear probe",inception_v3,JaalTaka,"test (note-disjoint, seed 42)",laptop (DESKTOP-EA33S9L),metrics,accuracy_k3,1,0.9807692307692307,,0.9807692307692307,0.9807692307692307,deterministic,EXP_0022
JAALTAKA_FROZEN_PROBES,"Frozen ImageNet backbones, linear probe",inception_v3,JaalTaka,"test (note-disjoint, seed 42)",laptop (DESKTOP-EA33S9L),metrics,accuracy_k4,1,0.9855769230769231,,0.9855769230769231,0.9855769230769231,deterministic,EXP_0022
JAALTAKA_FROZEN_PROBES,"Frozen ImageNet backbones, linear probe",inception_v3,JaalTaka,"test (note-disjoint, seed 42)",laptop (DESKTOP-EA33S9L),metrics,accuracy_k5,1,0.9855769230769231,,0.9855769230769231,0.9855769230769231,deterministic,EXP_0022
JAALTAKA_FROZEN_PROBES,"Frozen ImageNet backbones, linear probe",inception_v3,JaalTaka,"test (note-disjoint, seed 42)",laptop (DESKTOP-EA33S9L),metrics,accuracy_k6,1,0.9855769230769231,,0.9855769230769231,0.9855769230769231,deterministic,EXP_0022
JAALTAKA_FROZEN_PROBES,"Frozen ImageNet backbones, linear probe",inception_v3,JaalTaka,"test (note-disjoint, seed 42)",laptop (DESKTOP-EA33S9L),metrics,val_accuracy_k1,1,0.9903846153846154,,0.9903846153846154,0.9903846153846154,deterministic,EXP_0022
JAALTAKA_FROZEN_PROBES,"Frozen ImageNet backbones, linear probe",inception_v3,JaalTaka,"test (note-disjoint, seed 42)",laptop (DESKTOP-EA33S9L),metrics,val_accuracy_k2,1,0.9903846153846154,,0.9903846153846154,0.9903846153846154,deterministic,EXP_0022
JAALTAKA_FROZEN_PROBES,"Frozen ImageNet backbones, linear probe",inception_v3,JaalTaka,"test (note-disjoint, seed 42)",laptop (DESKTOP-EA33S9L),metrics,val_accuracy_k3,1,0.9903846153846154,,0.9903846153846154,0.9903846153846154,deterministic,EXP_0022
JAALTAKA_FROZEN_PROBES,"Frozen ImageNet backbones, linear probe",inception_v3,JaalTaka,"test (note-disjoint, seed 42)",laptop (DESKTOP-EA33S9L),metrics,val_accuracy_k4,1,0.9903846153846154,,0.9903846153846154,0.9903846153846154,deterministic,EXP_0022
JAALTAKA_FROZEN_PROBES,"Frozen ImageNet backbones, linear probe",inception_v3,JaalTaka,"test (note-disjoint, seed 42)",laptop (DESKTOP-EA33S9L),metrics,val_accuracy_k5,1,0.9903846153846154,,0.9903846153846154,0.9903846153846154,deterministic,EXP_0022
JAALTAKA_FROZEN_PROBES,"Frozen ImageNet backbones, linear probe",inception_v3,JaalTaka,"test (note-disjoint, seed 42)",laptop (DESKTOP-EA33S9L),metrics,val_accuracy_k6,1,0.9903846153846154,,0.9903846153846154,0.9903846153846154,deterministic,EXP_0022
JAALTAKA_FROZEN_PROBES,"Frozen ImageNet backbones, linear probe",mobilenet_v2,JaalTaka,"test (note-disjoint, seed 42)",laptop (DESKTOP-EA33S9L),metrics,accuracy_k1,1,0.9663461538461539,,0.9663461538461539,0.9663461538461539,deterministic,EXP_0021
JAALTAKA_FROZEN_PROBES,"Frozen ImageNet backbones, linear probe",mobilenet_v2,JaalTaka,"test (note-disjoint, seed 42)",laptop (DESKTOP-EA33S9L),metrics,accuracy_k2,1,0.9807692307692307,,0.9807692307692307,0.9807692307692307,deterministic,EXP_0021
JAALTAKA_FROZEN_PROBES,"Frozen ImageNet backbones, linear probe",mobilenet_v2,JaalTaka,"test (note-disjoint, seed 42)",laptop (DESKTOP-EA33S9L),metrics,accuracy_k3,1,0.9903846153846154,,0.9903846153846154,0.9903846153846154,deterministic,EXP_0021
JAALTAKA_FROZEN_PROBES,"Frozen ImageNet backbones, linear probe",mobilenet_v2,JaalTaka,"test (note-disjoint, seed 42)",laptop (DESKTOP-EA33S9L),metrics,accuracy_k4,1,0.9903846153846154,,0.9903846153846154,0.9903846153846154,deterministic,EXP_0021
JAALTAKA_FROZEN_PROBES,"Frozen ImageNet backbones, linear probe",mobilenet_v2,JaalTaka,"test (note-disjoint, seed 42)",laptop (DESKTOP-EA33S9L),metrics,accuracy_k5,1,0.9903846153846154,,0.9903846153846154,0.9903846153846154,deterministic,EXP_0021
JAALTAKA_FROZEN_PROBES,"Frozen ImageNet backbones, linear probe",mobilenet_v2,JaalTaka,"test (note-disjoint, seed 42)",laptop (DESKTOP-EA33S9L),metrics,accuracy_k6,1,0.9855769230769231,,0.9855769230769231,0.9855769230769231,deterministic,EXP_0021
JAALTAKA_FROZEN_PROBES,"Frozen ImageNet backbones, linear probe",mobilenet_v2,JaalTaka,"test (note-disjoint, seed 42)",laptop (DESKTOP-EA33S9L),metrics,val_accuracy_k1,1,0.9759615384615384,,0.9759615384615384,0.9759615384615384,deterministic,EXP_0021
JAALTAKA_FROZEN_PROBES,"Frozen ImageNet backbones, linear probe",mobilenet_v2,JaalTaka,"test (note-disjoint, seed 42)",laptop (DESKTOP-EA33S9L),metrics,val_accuracy_k2,1,0.9855769230769231,,0.9855769230769231,0.9855769230769231,deterministic,EXP_0021
JAALTAKA_FROZEN_PROBES,"Frozen ImageNet backbones, linear probe",mobilenet_v2,JaalTaka,"test (note-disjoint, seed 42)",laptop (DESKTOP-EA33S9L),metrics,val_accuracy_k3,1,0.9903846153846154,,0.9903846153846154,0.9903846153846154,deterministic,EXP_0021
JAALTAKA_FROZEN_PROBES,"Frozen ImageNet backbones, linear probe",mobilenet_v2,JaalTaka,"test (note-disjoint, seed 42)",laptop (DESKTOP-EA33S9L),metrics,val_accuracy_k4,1,0.9903846153846154,,0.9903846153846154,0.9903846153846154,deterministic,EXP_0021
JAALTAKA_FROZEN_PROBES,"Frozen ImageNet backbones, linear probe",mobilenet_v2,JaalTaka,"test (note-disjoint, seed 42)",laptop (DESKTOP-EA33S9L),metrics,val_accuracy_k5,1,0.9903846153846154,,0.9903846153846154,0.9903846153846154,deterministic,EXP_0021
JAALTAKA_FROZEN_PROBES,"Frozen ImageNet backbones, linear probe",mobilenet_v2,JaalTaka,"test (note-disjoint, seed 42)",laptop (DESKTOP-EA33S9L),metrics,val_accuracy_k6,1,0.9903846153846154,,0.9903846153846154,0.9903846153846154,deterministic,EXP_0021
JAALTAKA_FROZEN_PROBES,"Frozen ImageNet backbones, linear probe",resnet50,JaalTaka,"test (note-disjoint, seed 42)",laptop (DESKTOP-EA33S9L),metrics,accuracy_k1,1,0.9807692307692307,,0.9807692307692307,0.9807692307692307,deterministic,EXP_0018
JAALTAKA_FROZEN_PROBES,"Frozen ImageNet backbones, linear probe",resnet50,JaalTaka,"test (note-disjoint, seed 42)",laptop (DESKTOP-EA33S9L),metrics,accuracy_k2,1,0.9855769230769231,,0.9855769230769231,0.9855769230769231,deterministic,EXP_0018
JAALTAKA_FROZEN_PROBES,"Frozen ImageNet backbones, linear probe",resnet50,JaalTaka,"test (note-disjoint, seed 42)",laptop (DESKTOP-EA33S9L),metrics,accuracy_k3,1,0.9855769230769231,,0.9855769230769231,0.9855769230769231,deterministic,EXP_0018
JAALTAKA_FROZEN_PROBES,"Frozen ImageNet backbones, linear probe",resnet50,JaalTaka,"test (note-disjoint, seed 42)",laptop (DESKTOP-EA33S9L),metrics,accuracy_k4,1,0.9903846153846154,,0.9903846153846154,0.9903846153846154,deterministic,EXP_0018
JAALTAKA_FROZEN_PROBES,"Frozen ImageNet backbones, linear probe",resnet50,JaalTaka,"test (note-disjoint, seed 42)",laptop (DESKTOP-EA33S9L),metrics,accuracy_k5,1,0.9903846153846154,,0.9903846153846154,0.9903846153846154,deterministic,EXP_0018
JAALTAKA_FROZEN_PROBES,"Frozen ImageNet backbones, linear probe",resnet50,JaalTaka,"test (note-disjoint, seed 42)",laptop (DESKTOP-EA33S9L),metrics,accuracy_k6,1,0.9903846153846154,,0.9903846153846154,0.9903846153846154,deterministic,EXP_0018
JAALTAKA_FROZEN_PROBES,"Frozen ImageNet backbones, linear probe",resnet50,JaalTaka,"test (note-disjoint, seed 42)",laptop (DESKTOP-EA33S9L),metrics,val_accuracy_k1,1,0.9855769230769231,,0.9855769230769231,0.9855769230769231,deterministic,EXP_0018
JAALTAKA_FROZEN_PROBES,"Frozen ImageNet backbones, linear probe",resnet50,JaalTaka,"test (note-disjoint, seed 42)",laptop (DESKTOP-EA33S9L),metrics,val_accuracy_k2,1,0.9903846153846154,,0.9903846153846154,0.9903846153846154,deterministic,EXP_0018
JAALTAKA_FROZEN_PROBES,"Frozen ImageNet backbones, linear probe",resnet50,JaalTaka,"test (note-disjoint, seed 42)",laptop (DESKTOP-EA33S9L),metrics,val_accuracy_k3,1,0.9903846153846154,,0.9903846153846154,0.9903846153846154,deterministic,EXP_0018
JAALTAKA_FROZEN_PROBES,"Frozen ImageNet backbones, linear probe",resnet50,JaalTaka,"test (note-disjoint, seed 42)",laptop (DESKTOP-EA33S9L),metrics,val_accuracy_k4,1,0.9903846153846154,,0.9903846153846154,0.9903846153846154,deterministic,EXP_0018
JAALTAKA_FROZEN_PROBES,"Frozen ImageNet backbones, linear probe",resnet50,JaalTaka,"test (note-disjoint, seed 42)",laptop (DESKTOP-EA33S9L),metrics,val_accuracy_k5,1,0.9903846153846154,,0.9903846153846154,0.9903846153846154,deterministic,EXP_0018
JAALTAKA_FROZEN_PROBES,"Frozen ImageNet backbones, linear probe",resnet50,JaalTaka,"test (note-disjoint, seed 42)",laptop (DESKTOP-EA33S9L),metrics,val_accuracy_k6,1,0.9903846153846154,,0.9903846153846154,0.9903846153846154,deterministic,EXP_0018
JAALTAKA_FROZEN_PROBES,"Frozen ImageNet backbones, linear probe",vgg16,JaalTaka,"test (note-disjoint, seed 42)",laptop (DESKTOP-EA33S9L),metrics,accuracy_k1,1,0.9663461538461539,,0.9663461538461539,0.9663461538461539,deterministic,EXP_0020
JAALTAKA_FROZEN_PROBES,"Frozen ImageNet backbones, linear probe",vgg16,JaalTaka,"test (note-disjoint, seed 42)",laptop (DESKTOP-EA33S9L),metrics,accuracy_k2,1,0.9759615384615384,,0.9759615384615384,0.9759615384615384,deterministic,EXP_0020
JAALTAKA_FROZEN_PROBES,"Frozen ImageNet backbones, linear probe",vgg16,JaalTaka,"test (note-disjoint, seed 42)",laptop (DESKTOP-EA33S9L),metrics,accuracy_k3,1,0.9855769230769231,,0.9855769230769231,0.9855769230769231,deterministic,EXP_0020
JAALTAKA_FROZEN_PROBES,"Frozen ImageNet backbones, linear probe",vgg16,JaalTaka,"test (note-disjoint, seed 42)",laptop (DESKTOP-EA33S9L),metrics,accuracy_k4,1,0.9855769230769231,,0.9855769230769231,0.9855769230769231,deterministic,EXP_0020
JAALTAKA_FROZEN_PROBES,"Frozen ImageNet backbones, linear probe",vgg16,JaalTaka,"test (note-disjoint, seed 42)",laptop (DESKTOP-EA33S9L),metrics,accuracy_k5,1,0.9855769230769231,,0.9855769230769231,0.9855769230769231,deterministic,EXP_0020
JAALTAKA_FROZEN_PROBES,"Frozen ImageNet backbones, linear probe",vgg16,JaalTaka,"test (note-disjoint, seed 42)",laptop (DESKTOP-EA33S9L),metrics,accuracy_k6,1,0.9903846153846154,,0.9903846153846154,0.9903846153846154,deterministic,EXP_0020
JAALTAKA_FROZEN_PROBES,"Frozen ImageNet backbones, linear probe",vgg16,JaalTaka,"test (note-disjoint, seed 42)",laptop (DESKTOP-EA33S9L),metrics,val_accuracy_k1,1,0.9855769230769231,,0.9855769230769231,0.9855769230769231,deterministic,EXP_0020
JAALTAKA_FROZEN_PROBES,"Frozen ImageNet backbones, linear probe",vgg16,JaalTaka,"test (note-disjoint, seed 42)",laptop (DESKTOP-EA33S9L),metrics,val_accuracy_k2,1,0.9759615384615384,,0.9759615384615384,0.9759615384615384,deterministic,EXP_0020
JAALTAKA_FROZEN_PROBES,"Frozen ImageNet backbones, linear probe",vgg16,JaalTaka,"test (note-disjoint, seed 42)",laptop (DESKTOP-EA33S9L),metrics,val_accuracy_k3,1,0.9903846153846154,,0.9903846153846154,0.9903846153846154,deterministic,EXP_0020
JAALTAKA_FROZEN_PROBES,"Frozen ImageNet backbones, linear probe",vgg16,JaalTaka,"test (note-disjoint, seed 42)",laptop (DESKTOP-EA33S9L),metrics,val_accuracy_k4,1,0.9903846153846154,,0.9903846153846154,0.9903846153846154,deterministic,EXP_0020
JAALTAKA_FROZEN_PROBES,"Frozen ImageNet backbones, linear probe",vgg16,JaalTaka,"test (note-disjoint, seed 42)",laptop (DESKTOP-EA33S9L),metrics,val_accuracy_k5,1,0.9951923076923077,,0.9951923076923077,0.9951923076923077,deterministic,EXP_0020
JAALTAKA_FROZEN_PROBES,"Frozen ImageNet backbones, linear probe",vgg16,JaalTaka,"test (note-disjoint, seed 42)",laptop (DESKTOP-EA33S9L),metrics,val_accuracy_k6,1,0.9951923076923077,,0.9951923076923077,0.9951923076923077,deterministic,EXP_0020
JAALTAKA_VIEW_COUNT,"Fixed-view vs prefix training, same network","Fixed 6-view training, per-count BN",JaalTaka,"test (note-disjoint, seed 42)",laptop (DESKTOP-EA33S9L),metrics,accuracy_k1,3,0.8717948717948718,0.09726917247111234,0.7596153846153846,0.9326923076923077,42 43 44,EXP_0006 EXP_0007 EXP_0008
JAALTAKA_VIEW_COUNT,"Fixed-view vs prefix training, same network","Fixed 6-view training, per-count BN",JaalTaka,"test (note-disjoint, seed 42)",laptop (DESKTOP-EA33S9L),metrics,accuracy_k2,3,0.9278846153846154,0.06250000000000003,0.8557692307692307,0.9663461538461539,42 43 44,EXP_0006 EXP_0007 EXP_0008
JAALTAKA_VIEW_COUNT,"Fixed-view vs prefix training, same network","Fixed 6-view training, per-count BN",JaalTaka,"test (note-disjoint, seed 42)",laptop (DESKTOP-EA33S9L),metrics,accuracy_k3,3,0.9551282051282052,0.04863458623555614,0.8990384615384616,0.9855769230769231,42 43 44,EXP_0006 EXP_0007 EXP_0008
JAALTAKA_VIEW_COUNT,"Fixed-view vs prefix training, same network","Fixed 6-view training, per-count BN",JaalTaka,"test (note-disjoint, seed 42)",laptop (DESKTOP-EA33S9L),metrics,accuracy_k4,3,0.9567307692307692,0.04586246160658392,0.9038461538461539,0.9855769230769231,42 43 44,EXP_0006 EXP_0007 EXP_0008
JAALTAKA_VIEW_COUNT,"Fixed-view vs prefix training, same network","Fixed 6-view training, per-count BN",JaalTaka,"test (note-disjoint, seed 42)",laptop (DESKTOP-EA33S9L),metrics,accuracy_k5,3,0.9583333333333334,0.043090800191502424,0.9086538461538461,0.9855769230769231,42 43 44,EXP_0006 EXP_0007 EXP_0008
JAALTAKA_VIEW_COUNT,"Fixed-view vs prefix training, same network","Fixed 6-view training, per-count BN",JaalTaka,"test (note-disjoint, seed 42)",laptop (DESKTOP-EA33S9L),metrics,accuracy_k6,3,0.9903846153846154,0.0,0.9903846153846154,0.9903846153846154,42 43 44,EXP_0006 EXP_0007 EXP_0008
JAALTAKA_VIEW_COUNT,"Fixed-view vs prefix training, same network","Fixed 6-view training, per-count BN",JaalTaka,"test (note-disjoint, seed 42)",laptop (DESKTOP-EA33S9L),metrics,f1_k1,3,0.9023150500004703,0.06583525676791381,0.8263888888888888,0.9435483870967741,42 43 44,EXP_0006 EXP_0007 EXP_0008
JAALTAKA_VIEW_COUNT,"Fixed-view vs prefix training, same network","Fixed 6-view training, per-count BN",JaalTaka,"test (note-disjoint, seed 42)",laptop (DESKTOP-EA33S9L),metrics,f1_k6,3,0.9916666666666667,0.0,0.9916666666666667,0.9916666666666667,42 43 44,EXP_0006 EXP_0007 EXP_0008
JAALTAKA_VIEW_COUNT,"Fixed-view vs prefix training, same network","Fixed 6-view training, per-count BN",JaalTaka,"test (note-disjoint, seed 42)",laptop (DESKTOP-EA33S9L),metrics,false_acceptance_rate_k1,3,0.28409090909090906,0.23727969338433066,0.125,0.5568181818181818,42 43 44,EXP_0006 EXP_0007 EXP_0008
JAALTAKA_VIEW_COUNT,"Fixed-view vs prefix training, same network","Fixed 6-view training, per-count BN",JaalTaka,"test (note-disjoint, seed 42)",laptop (DESKTOP-EA33S9L),metrics,false_acceptance_rate_k6,3,0.011363636363636362,2.1245936804851847e-18,0.011363636363636364,0.011363636363636364,42 43 44,EXP_0006 EXP_0007 EXP_0008
JAALTAKA_VIEW_COUNT,"Fixed-view vs prefix training, same network","Fixed 6-view training, per-count BN",JaalTaka,"test (note-disjoint, seed 42)",laptop (DESKTOP-EA33S9L),metrics,false_rejection_rate_k1,3,0.01388888888888889,0.009622504486493762,0.008333333333333333,0.025,42 43 44,EXP_0006 EXP_0007 EXP_0008
JAALTAKA_VIEW_COUNT,"Fixed-view vs prefix training, same network","Fixed 6-view training, per-count BN",JaalTaka,"test (note-disjoint, seed 42)",laptop (DESKTOP-EA33S9L),metrics,false_rejection_rate_k6,3,0.008333333333333333,0.0,0.008333333333333333,0.008333333333333333,42 43 44,EXP_0006 EXP_0007 EXP_0008
JAALTAKA_VIEW_COUNT,"Fixed-view vs prefix training, same network","Fixed 6-view training, per-count BN",JaalTaka,"test (note-disjoint, seed 42)",laptop (DESKTOP-EA33S9L),metrics,roc_auc_k1,3,0.9807449494949495,0.004600687676502833,0.9766098484848484,0.9857007575757576,42 43 44,EXP_0006 EXP_0007 EXP_0008
JAALTAKA_VIEW_COUNT,"Fixed-view vs prefix training, same network","Fixed 6-view training, per-count BN",JaalTaka,"test (note-disjoint, seed 42)",laptop (DESKTOP-EA33S9L),metrics,roc_auc_k6,3,0.9938131313131313,0.003155460665178496,0.9904356060606061,0.9966856060606061,42 43 44,EXP_0006 EXP_0007 EXP_0008
JAALTAKA_VIEW_COUNT,"Fixed-view vs prefix training, same network","Fixed 6-view training, shared BN",JaalTaka,"test (note-disjoint, seed 42)",laptop (DESKTOP-EA33S9L),metrics,accuracy_k1,3,0.7115384615384616,0.11366913863016241,0.6298076923076923,0.8413461538461539,42 43 44,EXP_0009 EXP_0010 EXP_0011
JAALTAKA_VIEW_COUNT,"Fixed-view vs prefix training, same network","Fixed 6-view training, shared BN",JaalTaka,"test (note-disjoint, seed 42)",laptop (DESKTOP-EA33S9L),metrics,accuracy_k2,3,0.7307692307692308,0.171129535870747,0.5673076923076923,0.9086538461538461,42 43 44,EXP_0009 EXP_0010 EXP_0011
JAALTAKA_VIEW_COUNT,"Fixed-view vs prefix training, same network","Fixed 6-view training, shared BN",JaalTaka,"test (note-disjoint, seed 42)",laptop (DESKTOP-EA33S9L),metrics,accuracy_k3,3,0.8573717948717948,0.06562690778667714,0.7980769230769231,0.9278846153846154,42 43 44,EXP_0009 EXP_0010 EXP_0011
JAALTAKA_VIEW_COUNT,"Fixed-view vs prefix training, same network","Fixed 6-view training, shared BN",JaalTaka,"test (note-disjoint, seed 42)",laptop (DESKTOP-EA33S9L),metrics,accuracy_k4,3,0.905448717948718,0.0216790853501101,0.8846153846153846,0.9278846153846154,42 43 44,EXP_0009 EXP_0010 EXP_0011
JAALTAKA_VIEW_COUNT,"Fixed-view vs prefix training, same network","Fixed 6-view training, shared BN",JaalTaka,"test (note-disjoint, seed 42)",laptop (DESKTOP-EA33S9L),metrics,accuracy_k5,3,0.9054487179487181,0.030532946928297538,0.8701923076923077,0.9230769230769231,42 43 44,EXP_0009 EXP_0010 EXP_0011
JAALTAKA_VIEW_COUNT,"Fixed-view vs prefix training, same network","Fixed 6-view training, shared BN",JaalTaka,"test (note-disjoint, seed 42)",laptop (DESKTOP-EA33S9L),metrics,accuracy_k6,3,0.9807692307692308,0.004807692307692346,0.9759615384615384,0.9855769230769231,42 43 44,EXP_0009 EXP_0010 EXP_0011
JAALTAKA_VIEW_COUNT,"Fixed-view vs prefix training, same network","Fixed 6-view training, shared BN",JaalTaka,"test (note-disjoint, seed 42)",laptop (DESKTOP-EA33S9L),metrics,f1_k1,3,0.7251922065213243,0.13171802754714257,0.6354166666666665,0.8764044943820225,42 43 44,EXP_0009 EXP_0010 EXP_0011
JAALTAKA_VIEW_COUNT,"Fixed-view vs prefix training, same network","Fixed 6-view training, shared BN",JaalTaka,"test (note-disjoint, seed 42)",laptop (DESKTOP-EA33S9L),metrics,f1_k6,3,0.9833327570109617,0.004185814745340063,0.9790794979079498,0.9874476987447698,42 43 44,EXP_0009 EXP_0010 EXP_0011
JAALTAKA_VIEW_COUNT,"Fixed-view vs prefix training, same network","Fixed 6-view training, shared BN",JaalTaka,"test (note-disjoint, seed 42)",laptop (DESKTOP-EA33S9L),metrics,false_acceptance_rate_k1,3,0.2803030303030303,0.13557219824373695,0.125,0.375,42 43 44,EXP_0009 EXP_0010 EXP_0011
JAALTAKA_VIEW_COUNT,"Fixed-view vs prefix training, same network","Fixed 6-view training, shared BN",JaalTaka,"test (note-disjoint, seed 42)",laptop (DESKTOP-EA33S9L),metrics,false_acceptance_rate_k6,3,0.022727272727272724,0.011363636363636362,0.011363636363636364,0.03409090909090909,42 43 44,EXP_0009 EXP_0010 EXP_0011
JAALTAKA_VIEW_COUNT,"Fixed-view vs prefix training, same network","Fixed 6-view training, shared BN",JaalTaka,"test (note-disjoint, seed 42)",laptop (DESKTOP-EA33S9L),metrics,false_rejection_rate_k1,3,0.29444444444444445,0.24157086223607654,0.025,0.49166666666666664,42 43 44,EXP_0009 EXP_0010 EXP_0011
JAALTAKA_VIEW_COUNT,"Fixed-view vs prefix training, same network","Fixed 6-view training, shared BN",JaalTaka,"test (note-disjoint, seed 42)",laptop (DESKTOP-EA33S9L),metrics,false_rejection_rate_k6,3,0.016666666666666666,0.008333333333333335,0.008333333333333333,0.025,42 43 44,EXP_0009 EXP_0010 EXP_0011
JAALTAKA_VIEW_COUNT,"Fixed-view vs prefix training, same network","Fixed 6-view training, shared BN",JaalTaka,"test (note-disjoint, seed 42)",laptop (DESKTOP-EA33S9L),metrics,roc_auc_k1,3,0.756344696969697,0.16769052657720993,0.6285037878787879,0.9462121212121212,42 43 44,EXP_0009 EXP_0010 EXP_0011
JAALTAKA_VIEW_COUNT,"Fixed-view vs prefix training, same network","Fixed 6-view training, shared BN",JaalTaka,"test (note-disjoint, seed 42)",laptop (DESKTOP-EA33S9L),metrics,roc_auc_k6,3,0.9890467171717172,0.0016682083663793076,0.9876893939393939,0.990909090909091,42 43 44,EXP_0009 EXP_0010 EXP_0011
JAALTAKA_VIEW_COUNT,"Fixed-view vs prefix training, same network","PRMVT (prefix training, per-count BN)",JaalTaka,"test (note-disjoint, seed 42)",laptop (DESKTOP-EA33S9L),metrics,accuracy_k1,3,0.9647435897435898,0.015454568527232308,0.9471153846153846,0.9759615384615384,42 43 44,EXP_0015 EXP_0016 EXP_0017
JAALTAKA_VIEW_COUNT,"Fixed-view vs prefix training, same network","PRMVT (prefix training, per-count BN)",JaalTaka,"test (note-disjoint, seed 42)",laptop (DESKTOP-EA33S9L),metrics,accuracy_k2,3,0.9839743589743589,0.005551444896054139,0.9807692307692307,0.9903846153846154,42 43 44,EXP_0015 EXP_0016 EXP_0017
JAALTAKA_VIEW_COUNT,"Fixed-view vs prefix training, same network","PRMVT (prefix training, per-count BN)",JaalTaka,"test (note-disjoint, seed 42)",laptop (DESKTOP-EA33S9L),metrics,accuracy_k3,3,0.9807692307692308,0.004807692307692346,0.9759615384615384,0.9855769230769231,42 43 44,EXP_0015 EXP_0016 EXP_0017
JAALTAKA_VIEW_COUNT,"Fixed-view vs prefix training, same network","PRMVT (prefix training, per-count BN)",JaalTaka,"test (note-disjoint, seed 42)",laptop (DESKTOP-EA33S9L),metrics,accuracy_k4,3,0.9759615384615384,0.008327167344081112,0.9663461538461539,0.9807692307692307,42 43 44,EXP_0015 EXP_0016 EXP_0017
JAALTAKA_VIEW_COUNT,"Fixed-view vs prefix training, same network","PRMVT (prefix training, per-count BN)",JaalTaka,"test (note-disjoint, seed 42)",laptop (DESKTOP-EA33S9L),metrics,accuracy_k5,3,0.985576923076923,0.004807692307692346,0.9807692307692307,0.9903846153846154,42 43 44,EXP_0015 EXP_0016 EXP_0017
JAALTAKA_VIEW_COUNT,"Fixed-view vs prefix training, same network","PRMVT (prefix training, per-count BN)",JaalTaka,"test (note-disjoint, seed 42)",laptop (DESKTOP-EA33S9L),metrics,accuracy_k6,3,0.9807692307692308,0.009615384615384637,0.9711538461538461,0.9903846153846154,42 43 44,EXP_0015 EXP_0016 EXP_0017
JAALTAKA_VIEW_COUNT,"Fixed-view vs prefix training, same network","PRMVT (prefix training, per-count BN)",JaalTaka,"test (note-disjoint, seed 42)",laptop (DESKTOP-EA33S9L),metrics,f1_k1,3,0.9699087489197296,0.012353473575311897,0.9558232931726908,0.9789029535864978,42 43 44,EXP_0015 EXP_0016 EXP_0017
JAALTAKA_VIEW_COUNT,"Fixed-view vs prefix training, same network","PRMVT (prefix training, per-count BN)",JaalTaka,"test (note-disjoint, seed 42)",laptop (DESKTOP-EA33S9L),metrics,f1_k6,3,0.9835365853658536,0.008030384660625396,0.975609756097561,0.9916666666666667,42 43 44,EXP_0015 EXP_0016 EXP_0017
JAALTAKA_VIEW_COUNT,"Fixed-view vs prefix training, same network","PRMVT (prefix training, per-count BN)",JaalTaka,"test (note-disjoint, seed 42)",laptop (DESKTOP-EA33S9L),metrics,false_acceptance_rate_k1,3,0.05303030303030303,0.0537024502983251,0.011363636363636364,0.11363636363636363,42 43 44,EXP_0015 EXP_0016 EXP_0017
JAALTAKA_VIEW_COUNT,"Fixed-view vs prefix training, same network","PRMVT (prefix training, per-count BN)",JaalTaka,"test (note-disjoint, seed 42)",laptop (DESKTOP-EA33S9L),metrics,false_acceptance_rate_k6,3,0.03409090909090909,0.030065355807552162,0.011363636363636364,0.06818181818181818,42 43 44,EXP_0015 EXP_0016 EXP_0017
JAALTAKA_VIEW_COUNT,"Fixed-view vs prefix training, same network","PRMVT (prefix training, per-count BN)",JaalTaka,"test (note-disjoint, seed 42)",laptop (DESKTOP-EA33S9L),metrics,false_rejection_rate_k1,3,0.022222222222222223,0.01272937693043289,0.008333333333333333,0.03333333333333333,42 43 44,EXP_0015 EXP_0016 EXP_0017
JAALTAKA_VIEW_COUNT,"Fixed-view vs prefix training, same network","PRMVT (prefix training, per-count BN)",JaalTaka,"test (note-disjoint, seed 42)",laptop (DESKTOP-EA33S9L),metrics,false_rejection_rate_k6,3,0.008333333333333333,0.008333333333333333,0.0,0.016666666666666666,42 43 44,EXP_0015 EXP_0016 EXP_0017
JAALTAKA_VIEW_COUNT,"Fixed-view vs prefix training, same network","PRMVT (prefix training, per-count BN)",JaalTaka,"test (note-disjoint, seed 42)",laptop (DESKTOP-EA33S9L),metrics,roc_auc_k1,3,0.9904040404040404,0.004795383235463262,0.987310606060606,0.9959280303030303,42 43 44,EXP_0015 EXP_0016 EXP_0017
JAALTAKA_VIEW_COUNT,"Fixed-view vs prefix training, same network","PRMVT (prefix training, per-count BN)",JaalTaka,"test (note-disjoint, seed 42)",laptop (DESKTOP-EA33S9L),metrics,roc_auc_k6,3,0.9950757575757576,0.00115203835801101,0.99375,0.9958333333333333,42 43 44,EXP_0015 EXP_0016 EXP_0017
JAALTAKA_VIEW_COUNT,"Fixed-view vs prefix training, same network","Prefix training, shared BN",JaalTaka,"test (note-disjoint, seed 42)",laptop (DESKTOP-EA33S9L),metrics,accuracy_k1,3,0.9823717948717948,0.00734387130601901,0.9759615384615384,0.9903846153846154,42 43 44,EXP_0012 EXP_0013 EXP_0014
JAALTAKA_VIEW_COUNT,"Fixed-view vs prefix training, same network","Prefix training, shared BN",JaalTaka,"test (note-disjoint, seed 42)",laptop (DESKTOP-EA33S9L),metrics,accuracy_k2,3,0.983974358974359,0.0027757224480271015,0.9807692307692307,0.9855769230769231,42 43 44,EXP_0012 EXP_0013 EXP_0014
JAALTAKA_VIEW_COUNT,"Fixed-view vs prefix training, same network","Prefix training, shared BN",JaalTaka,"test (note-disjoint, seed 42)",laptop (DESKTOP-EA33S9L),metrics,accuracy_k3,3,0.985576923076923,0.004807692307692346,0.9807692307692307,0.9903846153846154,42 43 44,EXP_0012 EXP_0013 EXP_0014
JAALTAKA_VIEW_COUNT,"Fixed-view vs prefix training, same network","Prefix training, shared BN",JaalTaka,"test (note-disjoint, seed 42)",laptop (DESKTOP-EA33S9L),metrics,accuracy_k4,3,0.985576923076923,0.004807692307692346,0.9807692307692307,0.9903846153846154,42 43 44,EXP_0012 EXP_0013 EXP_0014
JAALTAKA_VIEW_COUNT,"Fixed-view vs prefix training, same network","Prefix training, shared BN",JaalTaka,"test (note-disjoint, seed 42)",laptop (DESKTOP-EA33S9L),metrics,accuracy_k5,3,0.9871794871794872,0.0027757224480270373,0.9855769230769231,0.9903846153846154,42 43 44,EXP_0012 EXP_0013 EXP_0014
JAALTAKA_VIEW_COUNT,"Fixed-view vs prefix training, same network","Prefix training, shared BN",JaalTaka,"test (note-disjoint, seed 42)",laptop (DESKTOP-EA33S9L),metrics,accuracy_k6,3,0.9871794871794872,0.0027757224480270373,0.9855769230769231,0.9903846153846154,42 43 44,EXP_0012 EXP_0013 EXP_0014
JAALTAKA_VIEW_COUNT,"Fixed-view vs prefix training, same network","Prefix training, shared BN",JaalTaka,"test (note-disjoint, seed 42)",laptop (DESKTOP-EA33S9L),metrics,f1_k1,3,0.984634317862166,0.006480548854565868,0.9789029535864978,0.9916666666666667,42 43 44,EXP_0012 EXP_0013 EXP_0014
JAALTAKA_VIEW_COUNT,"Fixed-view vs prefix training, same network","Prefix training, shared BN",JaalTaka,"test (note-disjoint, seed 42)",laptop (DESKTOP-EA33S9L),metrics,f1_k6,3,0.9888540213854021,0.002435822265409577,0.9874476987447698,0.9916666666666667,42 43 44,EXP_0012 EXP_0013 EXP_0014
JAALTAKA_VIEW_COUNT,"Fixed-view vs prefix training, same network","Prefix training, shared BN",JaalTaka,"test (note-disjoint, seed 42)",laptop (DESKTOP-EA33S9L),metrics,false_acceptance_rate_k1,3,0.015151515151515152,0.006560798513518475,0.011363636363636364,0.022727272727272728,42 43 44,EXP_0012 EXP_0013 EXP_0014
JAALTAKA_VIEW_COUNT,"Fixed-view vs prefix training, same network","Prefix training, shared BN",JaalTaka,"test (note-disjoint, seed 42)",laptop (DESKTOP-EA33S9L),metrics,false_acceptance_rate_k6,3,0.011363636363636362,2.1245936804851847e-18,0.011363636363636364,0.011363636363636364,42 43 44,EXP_0012 EXP_0013 EXP_0014
JAALTAKA_VIEW_COUNT,"Fixed-view vs prefix training, same network","Prefix training, shared BN",JaalTaka,"test (note-disjoint, seed 42)",laptop (DESKTOP-EA33S9L),metrics,false_rejection_rate_k1,3,0.019444444444444445,0.01272937693043289,0.008333333333333333,0.03333333333333333,42 43 44,EXP_0012 EXP_0013 EXP_0014
JAALTAKA_VIEW_COUNT,"Fixed-view vs prefix training, same network","Prefix training, shared BN",JaalTaka,"test (note-disjoint, seed 42)",laptop (DESKTOP-EA33S9L),metrics,false_rejection_rate_k6,3,0.013888888888888888,0.004811252243246881,0.008333333333333333,0.016666666666666666,42 43 44,EXP_0012 EXP_0013 EXP_0014
JAALTAKA_VIEW_COUNT,"Fixed-view vs prefix training, same network","Prefix training, shared BN",JaalTaka,"test (note-disjoint, seed 42)",laptop (DESKTOP-EA33S9L),metrics,roc_auc_k1,3,0.9917613636363637,0.004346786900578981,0.9869318181818182,0.9953598484848485,42 43 44,EXP_0012 EXP_0013 EXP_0014
JAALTAKA_VIEW_COUNT,"Fixed-view vs prefix training, same network","Prefix training, shared BN",JaalTaka,"test (note-disjoint, seed 42)",laptop (DESKTOP-EA33S9L),metrics,roc_auc_k6,3,0.9978219696969696,0.00028409090909087276,0.9975378787878788,0.9981060606060606,42 43 44,EXP_0012 EXP_0013 EXP_0014
OCR_BENCHMARK,OCR pipelines on the shaped Bangla + English benchmark,baseline,OCR benchmark (HarfBuzz-shaped Bangla + English),24 phrases used once for the canvas choice,laptop (DESKTOP-EA33S9L),metrics,cer,1,0.20612238841405509,,0.20612238841405509,0.20612238841405509,,EXP_0084
OCR_BENCHMARK,OCR pipelines on the shaped Bangla + English benchmark,baseline,OCR benchmark (HarfBuzz-shaped Bangla + English),24 phrases used once for the canvas choice,laptop (DESKTOP-EA33S9L),metrics,cer_bangla,1,0.12250712250712253,,0.12250712250712253,0.12250712250712253,,EXP_0084
OCR_BENCHMARK,OCR pipelines on the shaped Bangla + English benchmark,baseline,OCR benchmark (HarfBuzz-shaped Bangla + English),24 phrases used once for the canvas choice,laptop (DESKTOP-EA33S9L),metrics,cer_clean,1,0.003472222222222222,,0.003472222222222222,0.003472222222222222,,EXP_0084
OCR_BENCHMARK,OCR pipelines on the shaped Bangla + English benchmark,baseline,OCR benchmark (HarfBuzz-shaped Bangla + English),24 phrases used once for the canvas choice,laptop (DESKTOP-EA33S9L),metrics,cer_english,1,0.2897376543209877,,0.2897376543209877,0.2897376543209877,,EXP_0084
OCR_BENCHMARK,OCR pipelines on the shaped Bangla + English benchmark,baseline,OCR benchmark (HarfBuzz-shaped Bangla + English),24 phrases used once for the canvas choice,laptop (DESKTOP-EA33S9L),metrics,cer_scene,1,0.5959134615384616,,0.5959134615384616,0.5959134615384616,,EXP_0084
OCR_BENCHMARK,OCR pipelines on the shaped Bangla + English benchmark,baseline,OCR benchmark (HarfBuzz-shaped Bangla + English),24 phrases used once for the canvas choice,laptop (DESKTOP-EA33S9L),metrics,cer_seed_sd,1,0.08740321517887885,,0.08740321517887885,0.08740321517887885,,EXP_0084
OCR_BENCHMARK,OCR pipelines on the shaped Bangla + English benchmark,baseline,OCR benchmark (HarfBuzz-shaped Bangla + English),24 phrases used once for the canvas choice,laptop (DESKTOP-EA33S9L),metrics,cer_wild,1,0.01898148148148148,,0.01898148148148148,0.01898148148148148,,EXP_0084
OCR_BENCHMARK,OCR pipelines on the shaped Bangla + English benchmark,baseline,OCR benchmark (HarfBuzz-shaped Bangla + English),24 phrases used once for the canvas choice,laptop (DESKTOP-EA33S9L),metrics,exact_match,1,0.8657407407407407,,0.8657407407407407,0.8657407407407407,,EXP_0084
OCR_BENCHMARK,OCR pipelines on the shaped Bangla + English benchmark,baseline,OCR benchmark (HarfBuzz-shaped Bangla + English),24 phrases used once for the canvas choice,laptop (DESKTOP-EA33S9L),metrics,wer,1,0.21373456790123455,,0.21373456790123455,0.21373456790123455,,EXP_0084
OCR_BENCHMARK,OCR pipelines on the shaped Bangla + English benchmark,baseline,OCR benchmark (HarfBuzz-shaped Bangla + English),24 phrases used once for the canvas choice,laptop (DESKTOP-EA33S9L),performance,latency_ms_median_gpu,1,214.51315001468174,,214.51315001468174,214.51315001468174,,EXP_0084
OCR_BENCHMARK,OCR pipelines on the shaped Bangla + English benchmark,baseline,OCR benchmark (HarfBuzz-shaped Bangla + English),held-out test (48 phrases; read once per method),laptop (DESKTOP-EA33S9L),metrics,cer,1,0.11604647357302585,,0.11604647357302585,0.11604647357302585,,EXP_0090
OCR_BENCHMARK,OCR pipelines on the shaped Bangla + English benchmark,baseline,OCR benchmark (HarfBuzz-shaped Bangla + English),held-out test (48 phrases; read once per method),laptop (DESKTOP-EA33S9L),metrics,cer_bangla,1,0.11772045469962136,,0.11772045469962136,0.11772045469962136,,EXP_0090
OCR_BENCHMARK,OCR pipelines on the shaped Bangla + English benchmark,baseline,OCR benchmark (HarfBuzz-shaped Bangla + English),held-out test (48 phrases; read once per method),laptop (DESKTOP-EA33S9L),metrics,cer_clean,1,0.023943706756206756,,0.023943706756206756,0.023943706756206756,,EXP_0090
OCR_BENCHMARK,OCR pipelines on the shaped Bangla + English benchmark,baseline,OCR benchmark (HarfBuzz-shaped Bangla + English),held-out test (48 phrases; read once per method),laptop (DESKTOP-EA33S9L),metrics,cer_english,1,0.11437249244643037,,0.11437249244643037,0.11437249244643037,,EXP_0090
OCR_BENCHMARK,OCR pipelines on the shaped Bangla + English benchmark,baseline,OCR benchmark (HarfBuzz-shaped Bangla + English),held-out test (48 phrases; read once per method),laptop (DESKTOP-EA33S9L),metrics,cer_scene,1,0.23955685744901434,,0.23955685744901434,0.23955685744901434,,EXP_0090
OCR_BENCHMARK,OCR pipelines on the shaped Bangla + English benchmark,baseline,OCR benchmark (HarfBuzz-shaped Bangla + English),held-out test (48 phrases; read once per method),laptop (DESKTOP-EA33S9L),metrics,cer_seed_sd,1,0.02548447169190185,,0.02548447169190185,0.02548447169190185,,EXP_0090
OCR_BENCHMARK,OCR pipelines on the shaped Bangla + English benchmark,baseline,OCR benchmark (HarfBuzz-shaped Bangla + English),held-out test (48 phrases; read once per method),laptop (DESKTOP-EA33S9L),metrics,cer_wild,1,0.08463885651385651,,0.08463885651385651,0.08463885651385651,,EXP_0090
OCR_BENCHMARK,OCR pipelines on the shaped Bangla + English benchmark,baseline,OCR benchmark (HarfBuzz-shaped Bangla + English),held-out test (48 phrases; read once per method),laptop (DESKTOP-EA33S9L),metrics,exact_match,1,0.7824074074074074,,0.7824074074074074,0.7824074074074074,,EXP_0090
OCR_BENCHMARK,OCR pipelines on the shaped Bangla + English benchmark,baseline,OCR benchmark (HarfBuzz-shaped Bangla + English),held-out test (48 phrases; read once per method),laptop (DESKTOP-EA33S9L),metrics,wer,1,0.18132716049382716,,0.18132716049382716,0.18132716049382716,,EXP_0090
OCR_BENCHMARK,OCR pipelines on the shaped Bangla + English benchmark,baseline,OCR benchmark (HarfBuzz-shaped Bangla + English),held-out test (48 phrases; read once per method),laptop (DESKTOP-EA33S9L),performance,latency_ms_median_gpu,1,237.41924999922048,,237.41924999922048,237.41924999922048,,EXP_0090
OCR_BENCHMARK,OCR pipelines on the shaped Bangla + English benchmark,baseline,OCR benchmark (HarfBuzz-shaped Bangla + English),old 24 lexicon phrases,laptop (DESKTOP-EA33S9L),metrics,cer,1,0.1683992017121102,,0.1683992017121102,0.1683992017121102,,EXP_0078
OCR_BENCHMARK,OCR pipelines on the shaped Bangla + English benchmark,baseline,OCR benchmark (HarfBuzz-shaped Bangla + English),old 24 lexicon phrases,laptop (DESKTOP-EA33S9L),metrics,cer_bangla,1,0.2568004783282561,,0.2568004783282561,0.2568004783282561,,EXP_0078
OCR_BENCHMARK,OCR pipelines on the shaped Bangla + English benchmark,baseline,OCR benchmark (HarfBuzz-shaped Bangla + English),old 24 lexicon phrases,laptop (DESKTOP-EA33S9L),metrics,cer_clean,1,0.025678705825764647,,0.025678705825764647,0.025678705825764647,,EXP_0078
OCR_BENCHMARK,OCR pipelines on the shaped Bangla + English benchmark,baseline,OCR benchmark (HarfBuzz-shaped Bangla + English),old 24 lexicon phrases,laptop (DESKTOP-EA33S9L),metrics,cer_english,1,0.07999792509596432,,0.07999792509596432,0.07999792509596432,,EXP_0078
OCR_BENCHMARK,OCR pipelines on the shaped Bangla + English benchmark,baseline,OCR benchmark (HarfBuzz-shaped Bangla + English),old 24 lexicon phrases,laptop (DESKTOP-EA33S9L),metrics,cer_scene,1,0.42926487093153765,,0.42926487093153765,0.42926487093153765,,EXP_0078
OCR_BENCHMARK,OCR pipelines on the shaped Bangla + English benchmark,baseline,OCR benchmark (HarfBuzz-shaped Bangla + English),old 24 lexicon phrases,laptop (DESKTOP-EA33S9L),metrics,cer_seed_sd,1,0.050809287782779745,,0.050809287782779745,0.050809287782779745,,EXP_0078
OCR_BENCHMARK,OCR pipelines on the shaped Bangla + English benchmark,baseline,OCR benchmark (HarfBuzz-shaped Bangla + English),old 24 lexicon phrases,laptop (DESKTOP-EA33S9L),metrics,cer_wild,1,0.050254028379028384,,0.050254028379028384,0.050254028379028384,,EXP_0078
OCR_BENCHMARK,OCR pipelines on the shaped Bangla + English benchmark,baseline,OCR benchmark (HarfBuzz-shaped Bangla + English),old 24 lexicon phrases,laptop (DESKTOP-EA33S9L),metrics,exact_match,1,0.8240740740740741,,0.8240740740740741,0.8240740740740741,,EXP_0078
OCR_BENCHMARK,OCR pipelines on the shaped Bangla + English benchmark,baseline,OCR benchmark (HarfBuzz-shaped Bangla + English),old 24 lexicon phrases,laptop (DESKTOP-EA33S9L),metrics,wer,1,0.2160493827160494,,0.2160493827160494,0.2160493827160494,,EXP_0078
OCR_BENCHMARK,OCR pipelines on the shaped Bangla + English benchmark,baseline,OCR benchmark (HarfBuzz-shaped Bangla + English),old 24 lexicon phrases,laptop (DESKTOP-EA33S9L),performance,latency_ms_median_gpu,1,223.509550007293,,223.509550007293,223.509550007293,,EXP_0078
OCR_BENCHMARK,OCR pipelines on the shaped Bangla + English benchmark,baseline_raw,OCR benchmark (HarfBuzz-shaped Bangla + English),validation (48 phrases; every choice made here),laptop (DESKTOP-EA33S9L),metrics,cer,1,0.17819054171893225,,0.17819054171893225,0.17819054171893225,,EXP_0101
OCR_BENCHMARK,OCR pipelines on the shaped Bangla + English benchmark,baseline_raw,OCR benchmark (HarfBuzz-shaped Bangla + English),validation (48 phrases; every choice made here),laptop (DESKTOP-EA33S9L),metrics,cer_bangla,1,0.1832182380527969,,0.1832182380527969,0.1832182380527969,,EXP_0101
OCR_BENCHMARK,OCR pipelines on the shaped Bangla + English benchmark,baseline_raw,OCR benchmark (HarfBuzz-shaped Bangla + English),validation (48 phrases; every choice made here),laptop (DESKTOP-EA33S9L),metrics,cer_clean,1,0.019997617102396517,,0.019997617102396517,0.019997617102396517,,EXP_0101
OCR_BENCHMARK,OCR pipelines on the shaped Bangla + English benchmark,baseline_raw,OCR benchmark (HarfBuzz-shaped Bangla + English),validation (48 phrases; every choice made here),laptop (DESKTOP-EA33S9L),metrics,cer_english,1,0.17316284538506763,,0.17316284538506763,0.17316284538506763,,EXP_0101
OCR_BENCHMARK,OCR pipelines on the shaped Bangla + English benchmark,baseline_raw,OCR benchmark (HarfBuzz-shaped Bangla + English),validation (48 phrases; every choice made here),laptop (DESKTOP-EA33S9L),metrics,cer_scene,1,0.44970237653142064,,0.44970237653142064,0.44970237653142064,,EXP_0101
OCR_BENCHMARK,OCR pipelines on the shaped Bangla + English benchmark,baseline_raw,OCR benchmark (HarfBuzz-shaped Bangla + English),validation (48 phrases; every choice made here),laptop (DESKTOP-EA33S9L),metrics,cer_seed_sd,1,0.0651949782741463,,0.0651949782741463,0.0651949782741463,,EXP_0101
OCR_BENCHMARK,OCR pipelines on the shaped Bangla + English benchmark,baseline_raw,OCR benchmark (HarfBuzz-shaped Bangla + English),validation (48 phrases; every choice made here),laptop (DESKTOP-EA33S9L),metrics,cer_wild,1,0.06487163152297956,,0.06487163152297956,0.06487163152297956,,EXP_0101
OCR_BENCHMARK,OCR pipelines on the shaped Bangla + English benchmark,baseline_raw,OCR benchmark (HarfBuzz-shaped Bangla + English),validation (48 phrases; every choice made here),laptop (DESKTOP-EA33S9L),metrics,exact_match,1,0.7939814814814815,,0.7939814814814815,0.7939814814814815,,EXP_0101
OCR_BENCHMARK,OCR pipelines on the shaped Bangla + English benchmark,baseline_raw,OCR benchmark (HarfBuzz-shaped Bangla + English),validation (48 phrases; every choice made here),laptop (DESKTOP-EA33S9L),metrics,wer,1,0.22800925925925927,,0.22800925925925927,0.22800925925925927,,EXP_0101
OCR_BENCHMARK,OCR pipelines on the shaped Bangla + English benchmark,baseline_raw,OCR benchmark (HarfBuzz-shaped Bangla + English),validation (48 phrases; every choice made here),laptop (DESKTOP-EA33S9L),performance,latency_ms_median_gpu,1,220.34139999595936,,220.34139999595936,220.34139999595936,,EXP_0101
OCR_BENCHMARK,OCR pipelines on the shaped Bangla + English benchmark,baseline_repaired,OCR benchmark (HarfBuzz-shaped Bangla + English),validation (48 phrases; every choice made here),laptop (DESKTOP-EA33S9L),metrics,cer,1,0.19436197241242173,,0.19436197241242173,0.19436197241242173,,EXP_0102
OCR_BENCHMARK,OCR pipelines on the shaped Bangla + English benchmark,baseline_repaired,OCR benchmark (HarfBuzz-shaped Bangla + English),validation (48 phrases; every choice made here),laptop (DESKTOP-EA33S9L),metrics,cer_bangla,1,0.18695660208527856,,0.18695660208527856,0.18695660208527856,,EXP_0102
OCR_BENCHMARK,OCR pipelines on the shaped Bangla + English benchmark,baseline_repaired,OCR benchmark (HarfBuzz-shaped Bangla + English),validation (48 phrases; every choice made here),laptop (DESKTOP-EA33S9L),metrics,cer_clean,1,0.037258814510652744,,0.037258814510652744,0.037258814510652744,,EXP_0102
OCR_BENCHMARK,OCR pipelines on the shaped Bangla + English benchmark,baseline_repaired,OCR benchmark (HarfBuzz-shaped Bangla + English),validation (48 phrases; every choice made here),laptop (DESKTOP-EA33S9L),metrics,cer_english,1,0.20176734273956498,,0.20176734273956498,0.20176734273956498,,EXP_0102
OCR_BENCHMARK,OCR pipelines on the shaped Bangla + English benchmark,baseline_repaired,OCR benchmark (HarfBuzz-shaped Bangla + English),validation (48 phrases; every choice made here),laptop (DESKTOP-EA33S9L),metrics,cer_scene,1,0.46702856205613563,,0.46702856205613563,0.46702856205613563,,EXP_0102
OCR_BENCHMARK,OCR pipelines on the shaped Bangla + English benchmark,baseline_repaired,OCR benchmark (HarfBuzz-shaped Bangla + English),validation (48 phrases; every choice made here),laptop (DESKTOP-EA33S9L),metrics,cer_seed_sd,1,0.06267717800222311,,0.06267717800222311,0.06267717800222311,,EXP_0102
OCR_BENCHMARK,OCR pipelines on the shaped Bangla + English benchmark,baseline_repaired,OCR benchmark (HarfBuzz-shaped Bangla + English),validation (48 phrases; every choice made here),laptop (DESKTOP-EA33S9L),metrics,cer_wild,1,0.07879854067047694,,0.07879854067047694,0.07879854067047694,,EXP_0102
OCR_BENCHMARK,OCR pipelines on the shaped Bangla + English benchmark,baseline_repaired,OCR benchmark (HarfBuzz-shaped Bangla + English),validation (48 phrases; every choice made here),laptop (DESKTOP-EA33S9L),metrics,exact_match,1,0.6967592592592593,,0.6967592592592593,0.6967592592592593,,EXP_0102
OCR_BENCHMARK,OCR pipelines on the shaped Bangla + English benchmark,baseline_repaired,OCR benchmark (HarfBuzz-shaped Bangla + English),validation (48 phrases; every choice made here),laptop (DESKTOP-EA33S9L),metrics,wer,1,0.2901234567901234,,0.2901234567901234,0.2901234567901234,,EXP_0102
OCR_BENCHMARK,OCR pipelines on the shaped Bangla + English benchmark,baseline_repaired,OCR benchmark (HarfBuzz-shaped Bangla + English),validation (48 phrases; every choice made here),laptop (DESKTOP-EA33S9L),performance,latency_ms_median_gpu,1,223.71429999475367,,223.71429999475367,223.71429999475367,,EXP_0102
OCR_BENCHMARK,OCR pipelines on the shaped Bangla + English benchmark,final,OCR benchmark (HarfBuzz-shaped Bangla + English),24 phrases used once for the canvas choice,laptop (DESKTOP-EA33S9L),metrics,cer,1,0.013439775245330802,,0.013439775245330802,0.013439775245330802,,EXP_0085
OCR_BENCHMARK,OCR pipelines on the shaped Bangla + English benchmark,final,OCR benchmark (HarfBuzz-shaped Bangla + English),24 phrases used once for the canvas choice,laptop (DESKTOP-EA33S9L),metrics,cer_bangla,1,0.012090455840455839,,0.012090455840455839,0.012090455840455839,,EXP_0085
OCR_BENCHMARK,OCR pipelines on the shaped Bangla + English benchmark,final,OCR benchmark (HarfBuzz-shaped Bangla + English),24 phrases used once for the canvas choice,laptop (DESKTOP-EA33S9L),metrics,cer_clean,1,0.020975783475783476,,0.020975783475783476,0.020975783475783476,,EXP_0085
OCR_BENCHMARK,OCR pipelines on the shaped Bangla + English benchmark,final,OCR benchmark (HarfBuzz-shaped Bangla + English),24 phrases used once for the canvas choice,laptop (DESKTOP-EA33S9L),metrics,cer_english,1,0.014789094650205762,,0.014789094650205762,0.014789094650205762,,EXP_0085
OCR_BENCHMARK,OCR pipelines on the shaped Bangla + English benchmark,final,OCR benchmark (HarfBuzz-shaped Bangla + English),24 phrases used once for the canvas choice,laptop (DESKTOP-EA33S9L),metrics,cer_scene,1,0.009066358024691358,,0.009066358024691358,0.009066358024691358,,EXP_0085
OCR_BENCHMARK,OCR pipelines on the shaped Bangla + English benchmark,final,OCR benchmark (HarfBuzz-shaped Bangla + English),24 phrases used once for the canvas choice,laptop (DESKTOP-EA33S9L),metrics,cer_seed_sd,1,0.0021479779681355133,,0.0021479779681355133,0.0021479779681355133,,EXP_0085
OCR_BENCHMARK,OCR pipelines on the shaped Bangla + English benchmark,final,OCR benchmark (HarfBuzz-shaped Bangla + English),24 phrases used once for the canvas choice,laptop (DESKTOP-EA33S9L),metrics,cer_wild,1,0.010277184235517567,,0.010277184235517567,0.010277184235517567,,EXP_0085
OCR_BENCHMARK,OCR pipelines on the shaped Bangla + English benchmark,final,OCR benchmark (HarfBuzz-shaped Bangla + English),24 phrases used once for the canvas choice,laptop (DESKTOP-EA33S9L),metrics,exact_match,1,0.9074074074074074,,0.9074074074074074,0.9074074074074074,,EXP_0085
OCR_BENCHMARK,OCR pipelines on the shaped Bangla + English benchmark,final,OCR benchmark (HarfBuzz-shaped Bangla + English),24 phrases used once for the canvas choice,laptop (DESKTOP-EA33S9L),metrics,wer,1,0.05478395061728395,,0.05478395061728395,0.05478395061728395,,EXP_0085
OCR_BENCHMARK,OCR pipelines on the shaped Bangla + English benchmark,final,OCR benchmark (HarfBuzz-shaped Bangla + English),24 phrases used once for the canvas choice,laptop (DESKTOP-EA33S9L),performance,latency_ms_median_gpu,1,207.67065000836737,,207.67065000836737,207.67065000836737,,EXP_0085
OCR_BENCHMARK,OCR pipelines on the shaped Bangla + English benchmark,final,OCR benchmark (HarfBuzz-shaped Bangla + English),held-out test (48 phrases; read once per method),laptop (DESKTOP-EA33S9L),metrics,cer,1,0.023999586560861073,,0.023999586560861073,0.023999586560861073,,EXP_0091
OCR_BENCHMARK,OCR pipelines on the shaped Bangla + English benchmark,final,OCR benchmark (HarfBuzz-shaped Bangla + English),held-out test (48 phrases; read once per method),laptop (DESKTOP-EA33S9L),metrics,cer_bangla,1,0.03247258143091476,,0.03247258143091476,0.03247258143091476,,EXP_0091
OCR_BENCHMARK,OCR pipelines on the shaped Bangla + English benchmark,final,OCR benchmark (HarfBuzz-shaped Bangla + English),held-out test (48 phrases; read once per method),laptop (DESKTOP-EA33S9L),metrics,cer_clean,1,0.023830972268472264,,0.023830972268472264,0.023830972268472264,,EXP_0091
OCR_BENCHMARK,OCR pipelines on the shaped Bangla + English benchmark,final,OCR benchmark (HarfBuzz-shaped Bangla + English),held-out test (48 phrases; read once per method),laptop (DESKTOP-EA33S9L),metrics,cer_english,1,0.015526591690807378,,0.015526591690807378,0.015526591690807378,,EXP_0091
OCR_BENCHMARK,OCR pipelines on the shaped Bangla + English benchmark,final,OCR benchmark (HarfBuzz-shaped Bangla + English),held-out test (48 phrases; read once per method),laptop (DESKTOP-EA33S9L),metrics,cer_scene,1,0.022155355197634605,,0.022155355197634605,0.022155355197634605,,EXP_0091
OCR_BENCHMARK,OCR pipelines on the shaped Bangla + English benchmark,final,OCR benchmark (HarfBuzz-shaped Bangla + English),held-out test (48 phrases; read once per method),laptop (DESKTOP-EA33S9L),metrics,cer_seed_sd,1,0.00947387605608542,,0.00947387605608542,0.00947387605608542,,EXP_0091
OCR_BENCHMARK,OCR pipelines on the shaped Bangla + English benchmark,final,OCR benchmark (HarfBuzz-shaped Bangla + English),held-out test (48 phrases; read once per method),laptop (DESKTOP-EA33S9L),metrics,cer_wild,1,0.026012432216476332,,0.026012432216476332,0.026012432216476332,,EXP_0091
OCR_BENCHMARK,OCR pipelines on the shaped Bangla + English benchmark,final,OCR benchmark (HarfBuzz-shaped Bangla + English),held-out test (48 phrases; read once per method),laptop (DESKTOP-EA33S9L),metrics,exact_match,1,0.8611111111111112,,0.8611111111111112,0.8611111111111112,,EXP_0091
OCR_BENCHMARK,OCR pipelines on the shaped Bangla + English benchmark,final,OCR benchmark (HarfBuzz-shaped Bangla + English),held-out test (48 phrases; read once per method),laptop (DESKTOP-EA33S9L),metrics,wer,1,0.0794753086419753,,0.0794753086419753,0.0794753086419753,,EXP_0091
OCR_BENCHMARK,OCR pipelines on the shaped Bangla + English benchmark,final,OCR benchmark (HarfBuzz-shaped Bangla + English),held-out test (48 phrases; read once per method),laptop (DESKTOP-EA33S9L),performance,latency_ms_median_gpu,1,222.12219999346416,,222.12219999346416,222.12219999346416,,EXP_0091
OCR_BENCHMARK,OCR pipelines on the shaped Bangla + English benchmark,final,OCR benchmark (HarfBuzz-shaped Bangla + English),old 24 lexicon phrases,laptop (DESKTOP-EA33S9L),metrics,cer,1,0.019855834071520344,,0.019855834071520344,0.019855834071520344,,EXP_0079
OCR_BENCHMARK,OCR pipelines on the shaped Bangla + English benchmark,final,OCR benchmark (HarfBuzz-shaped Bangla + English),old 24 lexicon phrases,laptop (DESKTOP-EA33S9L),metrics,cer_bangla,1,0.02239858906525573,,0.02239858906525573,0.02239858906525573,,EXP_0079
OCR_BENCHMARK,OCR pipelines on the shaped Bangla + English benchmark,final,OCR benchmark (HarfBuzz-shaped Bangla + English),old 24 lexicon phrases,laptop (DESKTOP-EA33S9L),metrics,cer_clean,1,0.014970432617491437,,0.014970432617491437,0.014970432617491437,,EXP_0079
OCR_BENCHMARK,OCR pipelines on the shaped Bangla + English benchmark,final,OCR benchmark (HarfBuzz-shaped Bangla + English),old 24 lexicon phrases,laptop (DESKTOP-EA33S9L),metrics,cer_english,1,0.017313079077784958,,0.017313079077784958,0.017313079077784958,,EXP_0079
OCR_BENCHMARK,OCR pipelines on the shaped Bangla + English benchmark,final,OCR benchmark (HarfBuzz-shaped Bangla + English),old 24 lexicon phrases,laptop (DESKTOP-EA33S9L),metrics,cer_scene,1,0.04047619047619047,,0.04047619047619047,0.04047619047619047,,EXP_0079
OCR_BENCHMARK,OCR pipelines on the shaped Bangla + English benchmark,final,OCR benchmark (HarfBuzz-shaped Bangla + English),old 24 lexicon phrases,laptop (DESKTOP-EA33S9L),metrics,cer_seed_sd,1,0.008929562440435104,,0.008929562440435104,0.008929562440435104,,EXP_0079
OCR_BENCHMARK,OCR pipelines on the shaped Bangla + English benchmark,final,OCR benchmark (HarfBuzz-shaped Bangla + English),old 24 lexicon phrases,laptop (DESKTOP-EA33S9L),metrics,cer_wild,1,0.004120879120879121,,0.004120879120879121,0.004120879120879121,,EXP_0079
OCR_BENCHMARK,OCR pipelines on the shaped Bangla + English benchmark,final,OCR benchmark (HarfBuzz-shaped Bangla + English),old 24 lexicon phrases,laptop (DESKTOP-EA33S9L),metrics,exact_match,1,0.9305555555555556,,0.9305555555555556,0.9305555555555556,,EXP_0079
OCR_BENCHMARK,OCR pipelines on the shaped Bangla + English benchmark,final,OCR benchmark (HarfBuzz-shaped Bangla + English),old 24 lexicon phrases,laptop (DESKTOP-EA33S9L),metrics,wer,1,0.04861111111111111,,0.04861111111111111,0.04861111111111111,,EXP_0079
OCR_BENCHMARK,OCR pipelines on the shaped Bangla + English benchmark,final,OCR benchmark (HarfBuzz-shaped Bangla + English),old 24 lexicon phrases,laptop (DESKTOP-EA33S9L),performance,latency_ms_median_gpu,1,220.40300001390278,,220.40300001390278,220.40300001390278,,EXP_0079
OCR_BENCHMARK,OCR pipelines on the shaped Bangla + English benchmark,final_ft_seed42,OCR benchmark (HarfBuzz-shaped Bangla + English),24 phrases used once for the canvas choice,laptop (DESKTOP-EA33S9L),metrics,cer,1,0.016766579613801836,,0.016766579613801836,0.016766579613801836,42,EXP_0086
OCR_BENCHMARK,OCR pipelines on the shaped Bangla + English benchmark,final_ft_seed42,OCR benchmark (HarfBuzz-shaped Bangla + English),24 phrases used once for the canvas choice,laptop (DESKTOP-EA33S9L),metrics,cer_bangla,1,0.023759496676163346,,0.023759496676163346,0.023759496676163346,42,EXP_0086
OCR_BENCHMARK,OCR pipelines on the shaped Bangla + English benchmark,final_ft_seed42,OCR benchmark (HarfBuzz-shaped Bangla + English),24 phrases used once for the canvas choice,laptop (DESKTOP-EA33S9L),metrics,cer_clean,1,0.003935185185185185,,0.003935185185185185,0.003935185185185185,42,EXP_0086
OCR_BENCHMARK,OCR pipelines on the shaped Bangla + English benchmark,final_ft_seed42,OCR benchmark (HarfBuzz-shaped Bangla + English),24 phrases used once for the canvas choice,laptop (DESKTOP-EA33S9L),metrics,cer_english,1,0.00977366255144033,,0.00977366255144033,0.00977366255144033,42,EXP_0086
OCR_BENCHMARK,OCR pipelines on the shaped Bangla + English benchmark,final_ft_seed42,OCR benchmark (HarfBuzz-shaped Bangla + English),24 phrases used once for the canvas choice,laptop (DESKTOP-EA33S9L),metrics,cer_scene,1,0.029157763532763534,,0.029157763532763534,0.029157763532763534,42,EXP_0086
OCR_BENCHMARK,OCR pipelines on the shaped Bangla + English benchmark,final_ft_seed42,OCR benchmark (HarfBuzz-shaped Bangla + English),24 phrases used once for the canvas choice,laptop (DESKTOP-EA33S9L),metrics,cer_seed_sd,1,0.009903711201445734,,0.009903711201445734,0.009903711201445734,42,EXP_0086
OCR_BENCHMARK,OCR pipelines on the shaped Bangla + English benchmark,final_ft_seed42,OCR benchmark (HarfBuzz-shaped Bangla + English),24 phrases used once for the canvas choice,laptop (DESKTOP-EA33S9L),metrics,cer_wild,1,0.01720679012345679,,0.01720679012345679,0.01720679012345679,42,EXP_0086
OCR_BENCHMARK,OCR pipelines on the shaped Bangla + English benchmark,final_ft_seed42,OCR benchmark (HarfBuzz-shaped Bangla + English),24 phrases used once for the canvas choice,laptop (DESKTOP-EA33S9L),metrics,exact_match,1,0.9305555555555556,,0.9305555555555556,0.9305555555555556,42,EXP_0086
OCR_BENCHMARK,OCR pipelines on the shaped Bangla + English benchmark,final_ft_seed42,OCR benchmark (HarfBuzz-shaped Bangla + English),24 phrases used once for the canvas choice,laptop (DESKTOP-EA33S9L),metrics,wer,1,0.040895061728395056,,0.040895061728395056,0.040895061728395056,42,EXP_0086
OCR_BENCHMARK,OCR pipelines on the shaped Bangla + English benchmark,final_ft_seed42,OCR benchmark (HarfBuzz-shaped Bangla + English),24 phrases used once for the canvas choice,laptop (DESKTOP-EA33S9L),performance,latency_ms_median_gpu,1,207.50580001913477,,207.50580001913477,207.50580001913477,42,EXP_0086
OCR_BENCHMARK,OCR pipelines on the shaped Bangla + English benchmark,final_ft_seed42,OCR benchmark (HarfBuzz-shaped Bangla + English),held-out test (48 phrases; read once per method),laptop (DESKTOP-EA33S9L),metrics,cer,1,0.017868008217272923,,0.017868008217272923,0.017868008217272923,42,EXP_0092
OCR_BENCHMARK,OCR pipelines on the shaped Bangla + English benchmark,final_ft_seed42,OCR benchmark (HarfBuzz-shaped Bangla + English),held-out test (48 phrases; read once per method),laptop (DESKTOP-EA33S9L),metrics,cer_bangla,1,0.026066988566988566,,0.026066988566988566,0.026066988566988566,42,EXP_0092
OCR_BENCHMARK,OCR pipelines on the shaped Bangla + English benchmark,final_ft_seed42,OCR benchmark (HarfBuzz-shaped Bangla + English),held-out test (48 phrases; read once per method),laptop (DESKTOP-EA33S9L),metrics,cer_clean,1,0.013591269841269842,,0.013591269841269842,0.013591269841269842,42,EXP_0092
OCR_BENCHMARK,OCR pipelines on the shaped Bangla + English benchmark,final_ft_seed42,OCR benchmark (HarfBuzz-shaped Bangla + English),held-out test (48 phrases; read once per method),laptop (DESKTOP-EA33S9L),metrics,cer_english,1,0.00966902786755728,,0.00966902786755728,0.00966902786755728,42,EXP_0092
OCR_BENCHMARK,OCR pipelines on the shaped Bangla + English benchmark,final_ft_seed42,OCR benchmark (HarfBuzz-shaped Bangla + English),held-out test (48 phrases; read once per method),laptop (DESKTOP-EA33S9L),metrics,cer_scene,1,0.014580153642653644,,0.014580153642653644,0.014580153642653644,42,EXP_0092
OCR_BENCHMARK,OCR pipelines on the shaped Bangla + English benchmark,final_ft_seed42,OCR benchmark (HarfBuzz-shaped Bangla + English),held-out test (48 phrases; read once per method),laptop (DESKTOP-EA33S9L),metrics,cer_seed_sd,1,0.010577277630883892,,0.010577277630883892,0.010577277630883892,42,EXP_0092
OCR_BENCHMARK,OCR pipelines on the shaped Bangla + English benchmark,final_ft_seed42,OCR benchmark (HarfBuzz-shaped Bangla + English),held-out test (48 phrases; read once per method),laptop (DESKTOP-EA33S9L),metrics,cer_wild,1,0.025432601167895287,,0.025432601167895287,0.025432601167895287,42,EXP_0092
OCR_BENCHMARK,OCR pipelines on the shaped Bangla + English benchmark,final_ft_seed42,OCR benchmark (HarfBuzz-shaped Bangla + English),held-out test (48 phrases; read once per method),laptop (DESKTOP-EA33S9L),metrics,exact_match,1,0.9120370370370371,,0.9120370370370371,0.9120370370370371,42,EXP_0092
OCR_BENCHMARK,OCR pipelines on the shaped Bangla + English benchmark,final_ft_seed42,OCR benchmark (HarfBuzz-shaped Bangla + English),held-out test (48 phrases; read once per method),laptop (DESKTOP-EA33S9L),metrics,wer,1,0.05285493827160494,,0.05285493827160494,0.05285493827160494,42,EXP_0092
OCR_BENCHMARK,OCR pipelines on the shaped Bangla + English benchmark,final_ft_seed42,OCR benchmark (HarfBuzz-shaped Bangla + English),held-out test (48 phrases; read once per method),laptop (DESKTOP-EA33S9L),performance,latency_ms_median_gpu,1,281.0771499935072,,281.0771499935072,281.0771499935072,42,EXP_0092
OCR_BENCHMARK,OCR pipelines on the shaped Bangla + English benchmark,final_ft_seed42,OCR benchmark (HarfBuzz-shaped Bangla + English),old 24 lexicon phrases,laptop (DESKTOP-EA33S9L),metrics,cer,1,0.01671626984126984,,0.01671626984126984,0.01671626984126984,42,EXP_0080
OCR_BENCHMARK,OCR pipelines on the shaped Bangla + English benchmark,final_ft_seed42,OCR benchmark (HarfBuzz-shaped Bangla + English),old 24 lexicon phrases,laptop (DESKTOP-EA33S9L),metrics,cer_bangla,1,0.007109788359788359,,0.007109788359788359,0.007109788359788359,42,EXP_0080
OCR_BENCHMARK,OCR pipelines on the shaped Bangla + English benchmark,final_ft_seed42,OCR benchmark (HarfBuzz-shaped Bangla + English),old 24 lexicon phrases,laptop (DESKTOP-EA33S9L),metrics,cer_clean,1,0.005952380952380952,,0.005952380952380952,0.005952380952380952,42,EXP_0080
OCR_BENCHMARK,OCR pipelines on the shaped Bangla + English benchmark,final_ft_seed42,OCR benchmark (HarfBuzz-shaped Bangla + English),old 24 lexicon phrases,laptop (DESKTOP-EA33S9L),metrics,cer_english,1,0.026322751322751324,,0.026322751322751324,0.026322751322751324,42,EXP_0080
OCR_BENCHMARK,OCR pipelines on the shaped Bangla + English benchmark,final_ft_seed42,OCR benchmark (HarfBuzz-shaped Bangla + English),old 24 lexicon phrases,laptop (DESKTOP-EA33S9L),metrics,cer_scene,1,0.02144510582010582,,0.02144510582010582,0.02144510582010582,42,EXP_0080
OCR_BENCHMARK,OCR pipelines on the shaped Bangla + English benchmark,final_ft_seed42,OCR benchmark (HarfBuzz-shaped Bangla + English),old 24 lexicon phrases,laptop (DESKTOP-EA33S9L),metrics,cer_seed_sd,1,0.005639730439420601,,0.005639730439420601,0.005639730439420601,42,EXP_0080
OCR_BENCHMARK,OCR pipelines on the shaped Bangla + English benchmark,final_ft_seed42,OCR benchmark (HarfBuzz-shaped Bangla + English),old 24 lexicon phrases,laptop (DESKTOP-EA33S9L),metrics,cer_wild,1,0.02275132275132275,,0.02275132275132275,0.02275132275132275,42,EXP_0080
OCR_BENCHMARK,OCR pipelines on the shaped Bangla + English benchmark,final_ft_seed42,OCR benchmark (HarfBuzz-shaped Bangla + English),old 24 lexicon phrases,laptop (DESKTOP-EA33S9L),metrics,exact_match,1,0.9583333333333334,,0.9583333333333334,0.9583333333333334,42,EXP_0080
OCR_BENCHMARK,OCR pipelines on the shaped Bangla + English benchmark,final_ft_seed42,OCR benchmark (HarfBuzz-shaped Bangla + English),old 24 lexicon phrases,laptop (DESKTOP-EA33S9L),metrics,wer,1,0.032407407407407406,,0.032407407407407406,0.032407407407407406,42,EXP_0080
OCR_BENCHMARK,OCR pipelines on the shaped Bangla + English benchmark,final_ft_seed42,OCR benchmark (HarfBuzz-shaped Bangla + English),old 24 lexicon phrases,laptop (DESKTOP-EA33S9L),performance,latency_ms_median_gpu,1,218.96294999169186,,218.96294999169186,218.96294999169186,42,EXP_0080
OCR_BENCHMARK,OCR pipelines on the shaped Bangla + English benchmark,final_ft_seed43,OCR benchmark (HarfBuzz-shaped Bangla + English),24 phrases used once for the canvas choice,laptop (DESKTOP-EA33S9L),metrics,cer,1,0.017309670781893004,,0.017309670781893004,0.017309670781893004,43,EXP_0087
OCR_BENCHMARK,OCR pipelines on the shaped Bangla + English benchmark,final_ft_seed43,OCR benchmark (HarfBuzz-shaped Bangla + English),24 phrases used once for the canvas choice,laptop (DESKTOP-EA33S9L),metrics,cer_bangla,1,0.013271604938271604,,0.013271604938271604,0.013271604938271604,43,EXP_0087
OCR_BENCHMARK,OCR pipelines on the shaped Bangla + English benchmark,final_ft_seed43,OCR benchmark (HarfBuzz-shaped Bangla + English),24 phrases used once for the canvas choice,laptop (DESKTOP-EA33S9L),metrics,cer_clean,1,0.020061728395061727,,0.020061728395061727,0.020061728395061727,43,EXP_0087
OCR_BENCHMARK,OCR pipelines on the shaped Bangla + English benchmark,final_ft_seed43,OCR benchmark (HarfBuzz-shaped Bangla + English),24 phrases used once for the canvas choice,laptop (DESKTOP-EA33S9L),metrics,cer_english,1,0.0213477366255144,,0.0213477366255144,0.0213477366255144,43,EXP_0087
OCR_BENCHMARK,OCR pipelines on the shaped Bangla + English benchmark,final_ft_seed43,OCR benchmark (HarfBuzz-shaped Bangla + English),24 phrases used once for the canvas choice,laptop (DESKTOP-EA33S9L),metrics,cer_scene,1,0.017361111111111112,,0.017361111111111112,0.017361111111111112,43,EXP_0087
OCR_BENCHMARK,OCR pipelines on the shaped Bangla + English benchmark,final_ft_seed43,OCR benchmark (HarfBuzz-shaped Bangla + English),24 phrases used once for the canvas choice,laptop (DESKTOP-EA33S9L),metrics,cer_seed_sd,1,0.017426716463673775,,0.017426716463673775,0.017426716463673775,43,EXP_0087
OCR_BENCHMARK,OCR pipelines on the shaped Bangla + English benchmark,final_ft_seed43,OCR benchmark (HarfBuzz-shaped Bangla + English),24 phrases used once for the canvas choice,laptop (DESKTOP-EA33S9L),metrics,cer_wild,1,0.014506172839506174,,0.014506172839506174,0.014506172839506174,43,EXP_0087
OCR_BENCHMARK,OCR pipelines on the shaped Bangla + English benchmark,final_ft_seed43,OCR benchmark (HarfBuzz-shaped Bangla + English),24 phrases used once for the canvas choice,laptop (DESKTOP-EA33S9L),metrics,exact_match,1,0.9444444444444444,,0.9444444444444444,0.9444444444444444,43,EXP_0087
OCR_BENCHMARK,OCR pipelines on the shaped Bangla + English benchmark,final_ft_seed43,OCR benchmark (HarfBuzz-shaped Bangla + English),24 phrases used once for the canvas choice,laptop (DESKTOP-EA33S9L),metrics,wer,1,0.03935185185185185,,0.03935185185185185,0.03935185185185185,43,EXP_0087
OCR_BENCHMARK,OCR pipelines on the shaped Bangla + English benchmark,final_ft_seed43,OCR benchmark (HarfBuzz-shaped Bangla + English),24 phrases used once for the canvas choice,laptop (DESKTOP-EA33S9L),performance,latency_ms_median_gpu,1,206.1007000011159,,206.1007000011159,206.1007000011159,43,EXP_0087
OCR_BENCHMARK,OCR pipelines on the shaped Bangla + English benchmark,final_ft_seed43,OCR benchmark (HarfBuzz-shaped Bangla + English),held-out test (48 phrases; read once per method),laptop (DESKTOP-EA33S9L),metrics,cer,1,0.01809228239988044,,0.01809228239988044,0.01809228239988044,43,EXP_0093
OCR_BENCHMARK,OCR pipelines on the shaped Bangla + English benchmark,final_ft_seed43,OCR benchmark (HarfBuzz-shaped Bangla + English),held-out test (48 phrases; read once per method),laptop (DESKTOP-EA33S9L),metrics,cer_bangla,1,0.02470916429249763,,0.02470916429249763,0.02470916429249763,43,EXP_0093
OCR_BENCHMARK,OCR pipelines on the shaped Bangla + English benchmark,final_ft_seed43,OCR benchmark (HarfBuzz-shaped Bangla + English),held-out test (48 phrases; read once per method),laptop (DESKTOP-EA33S9L),metrics,cer_clean,1,0.01184163059163059,,0.01184163059163059,0.01184163059163059,43,EXP_0093
OCR_BENCHMARK,OCR pipelines on the shaped Bangla + English benchmark,final_ft_seed43,OCR benchmark (HarfBuzz-shaped Bangla + English),held-out test (48 phrases; read once per method),laptop (DESKTOP-EA33S9L),metrics,cer_english,1,0.011475400507263252,,0.011475400507263252,0.011475400507263252,43,EXP_0093
OCR_BENCHMARK,OCR pipelines on the shaped Bangla + English benchmark,final_ft_seed43,OCR benchmark (HarfBuzz-shaped Bangla + English),held-out test (48 phrases; read once per method),laptop (DESKTOP-EA33S9L),metrics,cer_scene,1,0.014293981481481484,,0.014293981481481484,0.014293981481481484,43,EXP_0093
OCR_BENCHMARK,OCR pipelines on the shaped Bangla + English benchmark,final_ft_seed43,OCR benchmark (HarfBuzz-shaped Bangla + English),held-out test (48 phrases; read once per method),laptop (DESKTOP-EA33S9L),metrics,cer_seed_sd,1,0.00489421406297544,,0.00489421406297544,0.00489421406297544,43,EXP_0093
OCR_BENCHMARK,OCR pipelines on the shaped Bangla + English benchmark,final_ft_seed43,OCR benchmark (HarfBuzz-shaped Bangla + English),held-out test (48 phrases; read once per method),laptop (DESKTOP-EA33S9L),metrics,cer_wild,1,0.028141235126529242,,0.028141235126529242,0.028141235126529242,43,EXP_0093
OCR_BENCHMARK,OCR pipelines on the shaped Bangla + English benchmark,final_ft_seed43,OCR benchmark (HarfBuzz-shaped Bangla + English),held-out test (48 phrases; read once per method),laptop (DESKTOP-EA33S9L),metrics,exact_match,1,0.9444444444444444,,0.9444444444444444,0.9444444444444444,43,EXP_0093
OCR_BENCHMARK,OCR pipelines on the shaped Bangla + English benchmark,final_ft_seed43,OCR benchmark (HarfBuzz-shaped Bangla + English),held-out test (48 phrases; read once per method),laptop (DESKTOP-EA33S9L),metrics,wer,1,0.038580246913580245,,0.038580246913580245,0.038580246913580245,43,EXP_0093
OCR_BENCHMARK,OCR pipelines on the shaped Bangla + English benchmark,final_ft_seed43,OCR benchmark (HarfBuzz-shaped Bangla + English),held-out test (48 phrases; read once per method),laptop (DESKTOP-EA33S9L),performance,latency_ms_median_gpu,1,222.37079999467824,,222.37079999467824,222.37079999467824,43,EXP_0093
OCR_BENCHMARK,OCR pipelines on the shaped Bangla + English benchmark,final_ft_seed43,OCR benchmark (HarfBuzz-shaped Bangla + English),old 24 lexicon phrases,laptop (DESKTOP-EA33S9L),metrics,cer,1,0.011050485008818342,,0.011050485008818342,0.011050485008818342,43,EXP_0081
OCR_BENCHMARK,OCR pipelines on the shaped Bangla + English benchmark,final_ft_seed43,OCR benchmark (HarfBuzz-shaped Bangla + English),old 24 lexicon phrases,laptop (DESKTOP-EA33S9L),metrics,cer_bangla,1,0.005787037037037037,,0.005787037037037037,0.005787037037037037,43,EXP_0081
OCR_BENCHMARK,OCR pipelines on the shaped Bangla + English benchmark,final_ft_seed43,OCR benchmark (HarfBuzz-shaped Bangla + English),old 24 lexicon phrases,laptop (DESKTOP-EA33S9L),metrics,cer_clean,1,0.012698412698412697,,0.012698412698412697,0.012698412698412697,43,EXP_0081
OCR_BENCHMARK,OCR pipelines on the shaped Bangla + English benchmark,final_ft_seed43,OCR benchmark (HarfBuzz-shaped Bangla + English),old 24 lexicon phrases,laptop (DESKTOP-EA33S9L),metrics,cer_english,1,0.016313932980599646,,0.016313932980599646,0.016313932980599646,43,EXP_0081
OCR_BENCHMARK,OCR pipelines on the shaped Bangla + English benchmark,final_ft_seed43,OCR benchmark (HarfBuzz-shaped Bangla + English),old 24 lexicon phrases,laptop (DESKTOP-EA33S9L),metrics,cer_scene,1,0.012516534391534391,,0.012516534391534391,0.012516534391534391,43,EXP_0081
OCR_BENCHMARK,OCR pipelines on the shaped Bangla + English benchmark,final_ft_seed43,OCR benchmark (HarfBuzz-shaped Bangla + English),old 24 lexicon phrases,laptop (DESKTOP-EA33S9L),metrics,cer_seed_sd,1,0.005832501242908793,,0.005832501242908793,0.005832501242908793,43,EXP_0081
OCR_BENCHMARK,OCR pipelines on the shaped Bangla + English benchmark,final_ft_seed43,OCR benchmark (HarfBuzz-shaped Bangla + English),old 24 lexicon phrases,laptop (DESKTOP-EA33S9L),metrics,cer_wild,1,0.007936507936507936,,0.007936507936507936,0.007936507936507936,43,EXP_0081
OCR_BENCHMARK,OCR pipelines on the shaped Bangla + English benchmark,final_ft_seed43,OCR benchmark (HarfBuzz-shaped Bangla + English),old 24 lexicon phrases,laptop (DESKTOP-EA33S9L),metrics,exact_match,1,0.9629629629629629,,0.9629629629629629,0.9629629629629629,43,EXP_0081
OCR_BENCHMARK,OCR pipelines on the shaped Bangla + English benchmark,final_ft_seed43,OCR benchmark (HarfBuzz-shaped Bangla + English),old 24 lexicon phrases,laptop (DESKTOP-EA33S9L),metrics,wer,1,0.031635802469135804,,0.031635802469135804,0.031635802469135804,43,EXP_0081
OCR_BENCHMARK,OCR pipelines on the shaped Bangla + English benchmark,final_ft_seed43,OCR benchmark (HarfBuzz-shaped Bangla + English),old 24 lexicon phrases,laptop (DESKTOP-EA33S9L),performance,latency_ms_median_gpu,1,218.91835001588333,,218.91835001588333,218.91835001588333,43,EXP_0081
OCR_BENCHMARK,OCR pipelines on the shaped Bangla + English benchmark,final_ft_seed44,OCR benchmark (HarfBuzz-shaped Bangla + English),24 phrases used once for the canvas choice,laptop (DESKTOP-EA33S9L),metrics,cer,1,0.014210390946502059,,0.014210390946502059,0.014210390946502059,44,EXP_0088
OCR_BENCHMARK,OCR pipelines on the shaped Bangla + English benchmark,final_ft_seed44,OCR benchmark (HarfBuzz-shaped Bangla + English),24 phrases used once for the canvas choice,laptop (DESKTOP-EA33S9L),metrics,cer_bangla,1,0.010416666666666666,,0.010416666666666666,0.010416666666666666,44,EXP_0088
OCR_BENCHMARK,OCR pipelines on the shaped Bangla + English benchmark,final_ft_seed44,OCR benchmark (HarfBuzz-shaped Bangla + English),24 phrases used once for the canvas choice,laptop (DESKTOP-EA33S9L),metrics,cer_clean,1,0.019367283950617282,,0.019367283950617282,0.019367283950617282,44,EXP_0088
OCR_BENCHMARK,OCR pipelines on the shaped Bangla + English benchmark,final_ft_seed44,OCR benchmark (HarfBuzz-shaped Bangla + English),24 phrases used once for the canvas choice,laptop (DESKTOP-EA33S9L),metrics,cer_english,1,0.01800411522633745,,0.01800411522633745,0.01800411522633745,44,EXP_0088
OCR_BENCHMARK,OCR pipelines on the shaped Bangla + English benchmark,final_ft_seed44,OCR benchmark (HarfBuzz-shaped Bangla + English),24 phrases used once for the canvas choice,laptop (DESKTOP-EA33S9L),metrics,cer_scene,1,0.014467592592592591,,0.014467592592592591,0.014467592592592591,44,EXP_0088
OCR_BENCHMARK,OCR pipelines on the shaped Bangla + English benchmark,final_ft_seed44,OCR benchmark (HarfBuzz-shaped Bangla + English),24 phrases used once for the canvas choice,laptop (DESKTOP-EA33S9L),metrics,cer_seed_sd,1,0.011028575952209718,,0.011028575952209718,0.011028575952209718,44,EXP_0088
OCR_BENCHMARK,OCR pipelines on the shaped Bangla + English benchmark,final_ft_seed44,OCR benchmark (HarfBuzz-shaped Bangla + English),24 phrases used once for the canvas choice,laptop (DESKTOP-EA33S9L),metrics,cer_wild,1,0.008796296296296295,,0.008796296296296295,0.008796296296296295,44,EXP_0088
OCR_BENCHMARK,OCR pipelines on the shaped Bangla + English benchmark,final_ft_seed44,OCR benchmark (HarfBuzz-shaped Bangla + English),24 phrases used once for the canvas choice,laptop (DESKTOP-EA33S9L),metrics,exact_match,1,0.9351851851851852,,0.9351851851851852,0.9351851851851852,44,EXP_0088
OCR_BENCHMARK,OCR pipelines on the shaped Bangla + English benchmark,final_ft_seed44,OCR benchmark (HarfBuzz-shaped Bangla + English),24 phrases used once for the canvas choice,laptop (DESKTOP-EA33S9L),metrics,wer,1,0.037037037037037035,,0.037037037037037035,0.037037037037037035,44,EXP_0088
OCR_BENCHMARK,OCR pipelines on the shaped Bangla + English benchmark,final_ft_seed44,OCR benchmark (HarfBuzz-shaped Bangla + English),24 phrases used once for the canvas choice,laptop (DESKTOP-EA33S9L),performance,latency_ms_median_gpu,1,206.70775001053698,,206.70775001053698,206.70775001053698,44,EXP_0088
OCR_BENCHMARK,OCR pipelines on the shaped Bangla + English benchmark,final_ft_seed44,OCR benchmark (HarfBuzz-shaped Bangla + English),held-out test (48 phrases; read once per method),laptop (DESKTOP-EA33S9L),metrics,cer,1,0.02059445751234967,,0.02059445751234967,0.02059445751234967,44,EXP_0094
OCR_BENCHMARK,OCR pipelines on the shaped Bangla + English benchmark,final_ft_seed44,OCR benchmark (HarfBuzz-shaped Bangla + English),held-out test (48 phrases; read once per method),laptop (DESKTOP-EA33S9L),metrics,cer_bangla,1,0.029193491693491693,,0.029193491693491693,0.029193491693491693,44,EXP_0094
OCR_BENCHMARK,OCR pipelines on the shaped Bangla + English benchmark,final_ft_seed44,OCR benchmark (HarfBuzz-shaped Bangla + English),held-out test (48 phrases; read once per method),laptop (DESKTOP-EA33S9L),metrics,cer_clean,1,0.012478204665704666,,0.012478204665704666,0.012478204665704666,44,EXP_0094
OCR_BENCHMARK,OCR pipelines on the shaped Bangla + English benchmark,final_ft_seed44,OCR benchmark (HarfBuzz-shaped Bangla + English),held-out test (48 phrases; read once per method),laptop (DESKTOP-EA33S9L),metrics,cer_english,1,0.011995423331207643,,0.011995423331207643,0.011995423331207643,44,EXP_0094
OCR_BENCHMARK,OCR pipelines on the shaped Bangla + English benchmark,final_ft_seed44,OCR benchmark (HarfBuzz-shaped Bangla + English),held-out test (48 phrases; read once per method),laptop (DESKTOP-EA33S9L),metrics,cer_scene,1,0.02777768935857171,,0.02777768935857171,0.02777768935857171,44,EXP_0094
OCR_BENCHMARK,OCR pipelines on the shaped Bangla + English benchmark,final_ft_seed44,OCR benchmark (HarfBuzz-shaped Bangla + English),held-out test (48 phrases; read once per method),laptop (DESKTOP-EA33S9L),metrics,cer_seed_sd,1,0.011884376448216345,,0.011884376448216345,0.011884376448216345,44,EXP_0094
OCR_BENCHMARK,OCR pipelines on the shaped Bangla + English benchmark,final_ft_seed44,OCR benchmark (HarfBuzz-shaped Bangla + English),held-out test (48 phrases; read once per method),laptop (DESKTOP-EA33S9L),metrics,cer_wild,1,0.02152747851277263,,0.02152747851277263,0.02152747851277263,44,EXP_0094
OCR_BENCHMARK,OCR pipelines on the shaped Bangla + English benchmark,final_ft_seed44,OCR benchmark (HarfBuzz-shaped Bangla + English),held-out test (48 phrases; read once per method),laptop (DESKTOP-EA33S9L),metrics,exact_match,1,0.9328703703703703,,0.9328703703703703,0.9328703703703703,44,EXP_0094
OCR_BENCHMARK,OCR pipelines on the shaped Bangla + English benchmark,final_ft_seed44,OCR benchmark (HarfBuzz-shaped Bangla + English),held-out test (48 phrases; read once per method),laptop (DESKTOP-EA33S9L),metrics,wer,1,0.047839506172839504,,0.047839506172839504,0.047839506172839504,44,EXP_0094
OCR_BENCHMARK,OCR pipelines on the shaped Bangla + English benchmark,final_ft_seed44,OCR benchmark (HarfBuzz-shaped Bangla + English),held-out test (48 phrases; read once per method),laptop (DESKTOP-EA33S9L),performance,latency_ms_median_gpu,1,221.44420001131948,,221.44420001131948,221.44420001131948,44,EXP_0094
OCR_BENCHMARK,OCR pipelines on the shaped Bangla + English benchmark,final_ft_seed44,OCR benchmark (HarfBuzz-shaped Bangla + English),old 24 lexicon phrases,laptop (DESKTOP-EA33S9L),metrics,cer,1,0.00783913874191652,,0.00783913874191652,0.00783913874191652,44,EXP_0082
OCR_BENCHMARK,OCR pipelines on the shaped Bangla + English benchmark,final_ft_seed44,OCR benchmark (HarfBuzz-shaped Bangla + English),old 24 lexicon phrases,laptop (DESKTOP-EA33S9L),metrics,cer_bangla,1,0.005787037037037037,,0.005787037037037037,0.005787037037037037,44,EXP_0082
OCR_BENCHMARK,OCR pipelines on the shaped Bangla + English benchmark,final_ft_seed44,OCR benchmark (HarfBuzz-shaped Bangla + English),old 24 lexicon phrases,laptop (DESKTOP-EA33S9L),metrics,cer_clean,1,0.005952380952380952,,0.005952380952380952,0.005952380952380952,44,EXP_0082
OCR_BENCHMARK,OCR pipelines on the shaped Bangla + English benchmark,final_ft_seed44,OCR benchmark (HarfBuzz-shaped Bangla + English),old 24 lexicon phrases,laptop (DESKTOP-EA33S9L),metrics,cer_english,1,0.009891240446796002,,0.009891240446796002,0.009891240446796002,44,EXP_0082
OCR_BENCHMARK,OCR pipelines on the shaped Bangla + English benchmark,final_ft_seed44,OCR benchmark (HarfBuzz-shaped Bangla + English),old 24 lexicon phrases,laptop (DESKTOP-EA33S9L),metrics,cer_scene,1,0.008680555555555556,,0.008680555555555556,0.008680555555555556,44,EXP_0082
OCR_BENCHMARK,OCR pipelines on the shaped Bangla + English benchmark,final_ft_seed44,OCR benchmark (HarfBuzz-shaped Bangla + English),old 24 lexicon phrases,laptop (DESKTOP-EA33S9L),metrics,cer_seed_sd,1,0.005545410046305814,,0.005545410046305814,0.005545410046305814,44,EXP_0082
OCR_BENCHMARK,OCR pipelines on the shaped Bangla + English benchmark,final_ft_seed44,OCR benchmark (HarfBuzz-shaped Bangla + English),old 24 lexicon phrases,laptop (DESKTOP-EA33S9L),metrics,cer_wild,1,0.008884479717813051,,0.008884479717813051,0.008884479717813051,44,EXP_0082
OCR_BENCHMARK,OCR pipelines on the shaped Bangla + English benchmark,final_ft_seed44,OCR benchmark (HarfBuzz-shaped Bangla + English),old 24 lexicon phrases,laptop (DESKTOP-EA33S9L),metrics,exact_match,1,0.9675925925925926,,0.9675925925925926,0.9675925925925926,44,EXP_0082
OCR_BENCHMARK,OCR pipelines on the shaped Bangla + English benchmark,final_ft_seed44,OCR benchmark (HarfBuzz-shaped Bangla + English),old 24 lexicon phrases,laptop (DESKTOP-EA33S9L),metrics,wer,1,0.020833333333333332,,0.020833333333333332,0.020833333333333332,44,EXP_0082
OCR_BENCHMARK,OCR pipelines on the shaped Bangla + English benchmark,final_ft_seed44,OCR benchmark (HarfBuzz-shaped Bangla + English),old 24 lexicon phrases,laptop (DESKTOP-EA33S9L),performance,latency_ms_median_gpu,1,219.1663499979768,,219.1663499979768,219.1663499979768,44,EXP_0082
OCR_BENCHMARK,OCR pipelines on the shaped Bangla + English benchmark,glass_app,OCR benchmark (HarfBuzz-shaped Bangla + English),24 phrases used once for the canvas choice,laptop (DESKTOP-EA33S9L),metrics,cer,1,0.10007716049382716,,0.10007716049382716,0.10007716049382716,,EXP_0089
OCR_BENCHMARK,OCR pipelines on the shaped Bangla + English benchmark,glass_app,OCR benchmark (HarfBuzz-shaped Bangla + English),24 phrases used once for the canvas choice,laptop (DESKTOP-EA33S9L),metrics,cer_bangla,1,0.1561728395061728,,0.1561728395061728,0.1561728395061728,,EXP_0089
OCR_BENCHMARK,OCR pipelines on the shaped Bangla + English benchmark,glass_app,OCR benchmark (HarfBuzz-shaped Bangla + English),24 phrases used once for the canvas choice,laptop (DESKTOP-EA33S9L),metrics,cer_clean,1,0.07407407407407407,,0.07407407407407407,0.07407407407407407,,EXP_0089
OCR_BENCHMARK,OCR pipelines on the shaped Bangla + English benchmark,glass_app,OCR benchmark (HarfBuzz-shaped Bangla + English),24 phrases used once for the canvas choice,laptop (DESKTOP-EA33S9L),metrics,cer_english,1,0.04398148148148148,,0.04398148148148148,0.04398148148148148,,EXP_0089
OCR_BENCHMARK,OCR pipelines on the shaped Bangla + English benchmark,glass_app,OCR benchmark (HarfBuzz-shaped Bangla + English),24 phrases used once for the canvas choice,laptop (DESKTOP-EA33S9L),metrics,cer_scene,1,0.1232638888888889,,0.1232638888888889,0.1232638888888889,,EXP_0089
OCR_BENCHMARK,OCR pipelines on the shaped Bangla + English benchmark,glass_app,OCR benchmark (HarfBuzz-shaped Bangla + English),24 phrases used once for the canvas choice,laptop (DESKTOP-EA33S9L),metrics,cer_seed_sd,1,0.03044582863187322,,0.03044582863187322,0.03044582863187322,,EXP_0089
OCR_BENCHMARK,OCR pipelines on the shaped Bangla + English benchmark,glass_app,OCR benchmark (HarfBuzz-shaped Bangla + English),24 phrases used once for the canvas choice,laptop (DESKTOP-EA33S9L),metrics,cer_wild,1,0.10289351851851852,,0.10289351851851852,0.10289351851851852,,EXP_0089
OCR_BENCHMARK,OCR pipelines on the shaped Bangla + English benchmark,glass_app,OCR benchmark (HarfBuzz-shaped Bangla + English),24 phrases used once for the canvas choice,laptop (DESKTOP-EA33S9L),metrics,exact_match,1,0.8240740740740741,,0.8240740740740741,0.8240740740740741,,EXP_0089
OCR_BENCHMARK,OCR pipelines on the shaped Bangla + English benchmark,glass_app,OCR benchmark (HarfBuzz-shaped Bangla + English),24 phrases used once for the canvas choice,laptop (DESKTOP-EA33S9L),metrics,wer,1,0.15046296296296297,,0.15046296296296297,0.15046296296296297,,EXP_0089
OCR_BENCHMARK,OCR pipelines on the shaped Bangla + English benchmark,glass_app,OCR benchmark (HarfBuzz-shaped Bangla + English),24 phrases used once for the canvas choice,laptop (DESKTOP-EA33S9L),performance,latency_ms_median_gpu,1,216.32980000867974,,216.32980000867974,216.32980000867974,,EXP_0089
OCR_BENCHMARK,OCR pipelines on the shaped Bangla + English benchmark,glass_app,OCR benchmark (HarfBuzz-shaped Bangla + English),held-out test (48 phrases; read once per method),laptop (DESKTOP-EA33S9L),metrics,cer,1,0.09250164663767606,,0.09250164663767606,0.09250164663767606,,EXP_0095
OCR_BENCHMARK,OCR pipelines on the shaped Bangla + English benchmark,glass_app,OCR benchmark (HarfBuzz-shaped Bangla + English),held-out test (48 phrases; read once per method),laptop (DESKTOP-EA33S9L),metrics,cer_bangla,1,0.11930299638632971,,0.11930299638632971,0.11930299638632971,,EXP_0095
OCR_BENCHMARK,OCR pipelines on the shaped Bangla + English benchmark,glass_app,OCR benchmark (HarfBuzz-shaped Bangla + English),held-out test (48 phrases; read once per method),laptop (DESKTOP-EA33S9L),metrics,cer_clean,1,0.058204469141969147,,0.058204469141969147,0.058204469141969147,,EXP_0095
OCR_BENCHMARK,OCR pipelines on the shaped Bangla + English benchmark,glass_app,OCR benchmark (HarfBuzz-shaped Bangla + English),held-out test (48 phrases; read once per method),laptop (DESKTOP-EA33S9L),metrics,cer_english,1,0.06570029688902237,,0.06570029688902237,0.06570029688902237,,EXP_0095
OCR_BENCHMARK,OCR pipelines on the shaped Bangla + English benchmark,glass_app,OCR benchmark (HarfBuzz-shaped Bangla + English),held-out test (48 phrases; read once per method),laptop (DESKTOP-EA33S9L),metrics,cer_scene,1,0.1071614727864728,,0.1071614727864728,0.1071614727864728,,EXP_0095
OCR_BENCHMARK,OCR pipelines on the shaped Bangla + English benchmark,glass_app,OCR benchmark (HarfBuzz-shaped Bangla + English),held-out test (48 phrases; read once per method),laptop (DESKTOP-EA33S9L),metrics,cer_seed_sd,1,0.01970071341568079,,0.01970071341568079,0.01970071341568079,,EXP_0095
OCR_BENCHMARK,OCR pipelines on the shaped Bangla + English benchmark,glass_app,OCR benchmark (HarfBuzz-shaped Bangla + English),held-out test (48 phrases; read once per method),laptop (DESKTOP-EA33S9L),metrics,cer_wild,1,0.11213899798458622,,0.11213899798458622,0.11213899798458622,,EXP_0095
OCR_BENCHMARK,OCR pipelines on the shaped Bangla + English benchmark,glass_app,OCR benchmark (HarfBuzz-shaped Bangla + English),held-out test (48 phrases; read once per method),laptop (DESKTOP-EA33S9L),metrics,exact_match,1,0.7569444444444444,,0.7569444444444444,0.7569444444444444,,EXP_0095
OCR_BENCHMARK,OCR pipelines on the shaped Bangla + English benchmark,glass_app,OCR benchmark (HarfBuzz-shaped Bangla + English),held-out test (48 phrases; read once per method),laptop (DESKTOP-EA33S9L),metrics,wer,1,0.1577932098765432,,0.1577932098765432,0.1577932098765432,,EXP_0095
OCR_BENCHMARK,OCR pipelines on the shaped Bangla + English benchmark,glass_app,OCR benchmark (HarfBuzz-shaped Bangla + English),held-out test (48 phrases; read once per method),laptop (DESKTOP-EA33S9L),performance,latency_ms_median_gpu,1,233.56730000523385,,233.56730000523385,233.56730000523385,,EXP_0095
OCR_BENCHMARK,OCR pipelines on the shaped Bangla + English benchmark,glass_app,OCR benchmark (HarfBuzz-shaped Bangla + English),old 24 lexicon phrases,laptop (DESKTOP-EA33S9L),metrics,cer,1,0.07607289829512051,,0.07607289829512051,0.07607289829512051,,EXP_0083
OCR_BENCHMARK,OCR pipelines on the shaped Bangla + English benchmark,glass_app,OCR benchmark (HarfBuzz-shaped Bangla + English),old 24 lexicon phrases,laptop (DESKTOP-EA33S9L),metrics,cer_bangla,1,0.056878306878306875,,0.056878306878306875,0.056878306878306875,,EXP_0083
OCR_BENCHMARK,OCR pipelines on the shaped Bangla + English benchmark,glass_app,OCR benchmark (HarfBuzz-shaped Bangla + English),old 24 lexicon phrases,laptop (DESKTOP-EA33S9L),metrics,cer_clean,1,0.05555555555555555,,0.05555555555555555,0.05555555555555555,,EXP_0083
OCR_BENCHMARK,OCR pipelines on the shaped Bangla + English benchmark,glass_app,OCR benchmark (HarfBuzz-shaped Bangla + English),old 24 lexicon phrases,laptop (DESKTOP-EA33S9L),metrics,cer_english,1,0.09526748971193415,,0.09526748971193415,0.09526748971193415,,EXP_0083
OCR_BENCHMARK,OCR pipelines on the shaped Bangla + English benchmark,glass_app,OCR benchmark (HarfBuzz-shaped Bangla + English),old 24 lexicon phrases,laptop (DESKTOP-EA33S9L),metrics,cer_scene,1,0.10119047619047619,,0.10119047619047619,0.10119047619047619,,EXP_0083
OCR_BENCHMARK,OCR pipelines on the shaped Bangla + English benchmark,glass_app,OCR benchmark (HarfBuzz-shaped Bangla + English),old 24 lexicon phrases,laptop (DESKTOP-EA33S9L),metrics,cer_seed_sd,1,0.010429934332382353,,0.010429934332382353,0.010429934332382353,,EXP_0083
OCR_BENCHMARK,OCR pipelines on the shaped Bangla + English benchmark,glass_app,OCR benchmark (HarfBuzz-shaped Bangla + English),old 24 lexicon phrases,laptop (DESKTOP-EA33S9L),metrics,cer_wild,1,0.0714726631393298,,0.0714726631393298,0.0714726631393298,,EXP_0083
OCR_BENCHMARK,OCR pipelines on the shaped Bangla + English benchmark,glass_app,OCR benchmark (HarfBuzz-shaped Bangla + English),old 24 lexicon phrases,laptop (DESKTOP-EA33S9L),metrics,exact_match,1,0.9166666666666666,,0.9166666666666666,0.9166666666666666,,EXP_0083
OCR_BENCHMARK,OCR pipelines on the shaped Bangla + English benchmark,glass_app,OCR benchmark (HarfBuzz-shaped Bangla + English),old 24 lexicon phrases,laptop (DESKTOP-EA33S9L),metrics,wer,1,0.0787037037037037,,0.0787037037037037,0.0787037037037037,,EXP_0083
OCR_BENCHMARK,OCR pipelines on the shaped Bangla + English benchmark,glass_app,OCR benchmark (HarfBuzz-shaped Bangla + English),old 24 lexicon phrases,laptop (DESKTOP-EA33S9L),performance,latency_ms_median_gpu,1,223.4551500005182,,223.4551500005182,223.4551500005182,,EXP_0083
OCR_BENCHMARK,OCR pipelines on the shaped Bangla + English benchmark,legacy app pipeline,OCR benchmark test subset,,laptop CPU,metrics,cer_on_these_images,1,0.1323976023976024,,0.1323976023976024,0.1323976023976024,,EXP_0154
OCR_BENCHMARK,OCR pipelines on the shaped Bangla + English benchmark,legacy app pipeline,OCR benchmark test subset,,laptop CPU,performance,latency_ms_median,1,1922.8320000111125,,1922.8320000111125,1922.8320000111125,,EXP_0154
OCR_BENCHMARK,OCR pipelines on the shaped Bangla + English benchmark,legacy app pipeline,OCR benchmark test subset,,laptop CPU,performance,latency_ms_p95,1,5194.458805047907,,5194.458805047907,5194.458805047907,,EXP_0154
OCR_BENCHMARK,OCR pipelines on the shaped Bangla + English benchmark,pipeline v2,OCR benchmark test subset,,laptop CPU,metrics,cer_on_these_images,1,0.017757936507936507,,0.017757936507936507,0.017757936507936507,,EXP_0155
OCR_BENCHMARK,OCR pipelines on the shaped Bangla + English benchmark,pipeline v2,OCR benchmark test subset,,laptop CPU,performance,latency_ms_median,1,1850.9820000035688,,1850.9820000035688,1850.9820000035688,,EXP_0155
OCR_BENCHMARK,OCR pipelines on the shaped Bangla + English benchmark,pipeline v2,OCR benchmark test subset,,laptop CPU,performance,latency_ms_p95,1,5201.4159599726545,,5201.4159599726545,5201.4159599726545,,EXP_0155
OCR_BENCHMARK,OCR pipelines on the shaped Bangla + English benchmark,recognizer fine-tuning (crops),OCR benchmark val phrases as line crops,validation,laptop (DESKTOP-EA33S9L),metrics,val_crop_cer_after,3,0.0021740887713109936,0.0010060294233467115,0.001242283950617284,0.0032407407407407406,42 43 44,EXP_0151 EXP_0152 EXP_0153
OCR_BENCHMARK,OCR pipelines on the shaped Bangla + English benchmark,recognizer fine-tuning (crops),OCR benchmark val phrases as line crops,validation,laptop (DESKTOP-EA33S9L),metrics,val_crop_cer_before,3,0.005462709494572238,1.0622968402425924e-18,0.005462709494572239,0.005462709494572239,42 43 44,EXP_0151 EXP_0152 EXP_0153
OCR_BENCHMARK,OCR pipelines on the shaped Bangla + English benchmark,t1_conf0.1,OCR benchmark (HarfBuzz-shaped Bangla + English),validation (48 phrases; every choice made here),laptop (DESKTOP-EA33S9L),metrics,cer,1,0.06315940145699132,,0.06315940145699132,0.06315940145699132,,EXP_0103
OCR_BENCHMARK,OCR pipelines on the shaped Bangla + English benchmark,t1_conf0.1,OCR benchmark (HarfBuzz-shaped Bangla + English),validation (48 phrases; every choice made here),laptop (DESKTOP-EA33S9L),metrics,cer_bangla,1,0.05016506981580511,,0.05016506981580511,0.05016506981580511,,EXP_0103
OCR_BENCHMARK,OCR pipelines on the shaped Bangla + English benchmark,t1_conf0.1,OCR benchmark (HarfBuzz-shaped Bangla + English),validation (48 phrases; every choice made here),laptop (DESKTOP-EA33S9L),metrics,cer_clean,1,0.019997617102396517,,0.019997617102396517,0.019997617102396517,,EXP_0103
OCR_BENCHMARK,OCR pipelines on the shaped Bangla + English benchmark,t1_conf0.1,OCR benchmark (HarfBuzz-shaped Bangla + English),validation (48 phrases; every choice made here),laptop (DESKTOP-EA33S9L),metrics,cer_english,1,0.07615373309817754,,0.07615373309817754,0.07615373309817754,,EXP_0103
OCR_BENCHMARK,OCR pipelines on the shaped Bangla + English benchmark,t1_conf0.1,OCR benchmark (HarfBuzz-shaped Bangla + English),validation (48 phrases; every choice made here),laptop (DESKTOP-EA33S9L),metrics,cer_scene,1,0.1525658826240934,,0.1525658826240934,0.1525658826240934,,EXP_0103
OCR_BENCHMARK,OCR pipelines on the shaped Bangla + English benchmark,t1_conf0.1,OCR benchmark (HarfBuzz-shaped Bangla + English),validation (48 phrases; every choice made here),laptop (DESKTOP-EA33S9L),metrics,cer_seed_sd,1,0.008319932752631256,,0.008319932752631256,0.008319932752631256,,EXP_0103
OCR_BENCHMARK,OCR pipelines on the shaped Bangla + English benchmark,t1_conf0.1,OCR benchmark (HarfBuzz-shaped Bangla + English),validation (48 phrases; every choice made here),laptop (DESKTOP-EA33S9L),metrics,cer_wild,1,0.016914704644484056,,0.016914704644484056,0.016914704644484056,,EXP_0103
OCR_BENCHMARK,OCR pipelines on the shaped Bangla + English benchmark,t1_conf0.1,OCR benchmark (HarfBuzz-shaped Bangla + English),validation (48 phrases; every choice made here),laptop (DESKTOP-EA33S9L),metrics,exact_match,1,0.8541666666666666,,0.8541666666666666,0.8541666666666666,,EXP_0103
OCR_BENCHMARK,OCR pipelines on the shaped Bangla + English benchmark,t1_conf0.1,OCR benchmark (HarfBuzz-shaped Bangla + English),validation (48 phrases; every choice made here),laptop (DESKTOP-EA33S9L),metrics,wer,1,0.12770061728395063,,0.12770061728395063,0.12770061728395063,,EXP_0103
OCR_BENCHMARK,OCR pipelines on the shaped Bangla + English benchmark,t1_conf0.1,OCR benchmark (HarfBuzz-shaped Bangla + English),validation (48 phrases; every choice made here),laptop (DESKTOP-EA33S9L),performance,latency_ms_median_gpu,1,223.3076499978779,,223.3076499978779,223.3076499978779,,EXP_0103
OCR_BENCHMARK,OCR pipelines on the shaped Bangla + English benchmark,t1_conf0.3,OCR benchmark (HarfBuzz-shaped Bangla + English),validation (48 phrases; every choice made here),laptop (DESKTOP-EA33S9L),metrics,cer,1,0.05229825144142954,,0.05229825144142954,0.05229825144142954,,EXP_0104
OCR_BENCHMARK,OCR pipelines on the shaped Bangla + English benchmark,t1_conf0.3,OCR benchmark (HarfBuzz-shaped Bangla + English),validation (48 phrases; every choice made here),laptop (DESKTOP-EA33S9L),metrics,cer_bangla,1,0.0463274699610484,,0.0463274699610484,0.0463274699610484,,EXP_0104
OCR_BENCHMARK,OCR pipelines on the shaped Bangla + English benchmark,t1_conf0.3,OCR benchmark (HarfBuzz-shaped Bangla + English),validation (48 phrases; every choice made here),laptop (DESKTOP-EA33S9L),metrics,cer_clean,1,0.036201320806100216,,0.036201320806100216,0.036201320806100216,,EXP_0104
OCR_BENCHMARK,OCR pipelines on the shaped Bangla + English benchmark,t1_conf0.3,OCR benchmark (HarfBuzz-shaped Bangla + English),validation (48 phrases; every choice made here),laptop (DESKTOP-EA33S9L),metrics,cer_english,1,0.0582690329218107,,0.0582690329218107,0.0582690329218107,,EXP_0104
OCR_BENCHMARK,OCR pipelines on the shaped Bangla + English benchmark,t1_conf0.3,OCR benchmark (HarfBuzz-shaped Bangla + English),validation (48 phrases; every choice made here),laptop (DESKTOP-EA33S9L),metrics,cer_scene,1,0.10377872887370436,,0.10377872887370436,0.10377872887370436,,EXP_0104
OCR_BENCHMARK,OCR pipelines on the shaped Bangla + English benchmark,t1_conf0.3,OCR benchmark (HarfBuzz-shaped Bangla + English),validation (48 phrases; every choice made here),laptop (DESKTOP-EA33S9L),metrics,cer_seed_sd,1,0.003823442081289625,,0.003823442081289625,0.003823442081289625,,EXP_0104
OCR_BENCHMARK,OCR pipelines on the shaped Bangla + English benchmark,t1_conf0.3,OCR benchmark (HarfBuzz-shaped Bangla + English),validation (48 phrases; every choice made here),laptop (DESKTOP-EA33S9L),metrics,cer_wild,1,0.016914704644484056,,0.016914704644484056,0.016914704644484056,,EXP_0104
OCR_BENCHMARK,OCR pipelines on the shaped Bangla + English benchmark,t1_conf0.3,OCR benchmark (HarfBuzz-shaped Bangla + English),validation (48 phrases; every choice made here),laptop (DESKTOP-EA33S9L),metrics,exact_match,1,0.8680555555555556,,0.8680555555555556,0.8680555555555556,,EXP_0104
OCR_BENCHMARK,OCR pipelines on the shaped Bangla + English benchmark,t1_conf0.3,OCR benchmark (HarfBuzz-shaped Bangla + English),validation (48 phrases; every choice made here),laptop (DESKTOP-EA33S9L),metrics,wer,1,0.10069444444444445,,0.10069444444444445,0.10069444444444445,,EXP_0104
OCR_BENCHMARK,OCR pipelines on the shaped Bangla + English benchmark,t1_conf0.3,OCR benchmark (HarfBuzz-shaped Bangla + English),validation (48 phrases; every choice made here),laptop (DESKTOP-EA33S9L),performance,latency_ms_median_gpu,1,226.8432999990182,,226.8432999990182,226.8432999990182,,EXP_0104
OCR_BENCHMARK,OCR pipelines on the shaped Bangla + English benchmark,t1_conf0.5,OCR benchmark (HarfBuzz-shaped Bangla + English),validation (48 phrases; every choice made here),laptop (DESKTOP-EA33S9L),metrics,cer,1,0.13385801339334835,,0.13385801339334835,0.13385801339334835,,EXP_0105
OCR_BENCHMARK,OCR pipelines on the shaped Bangla + English benchmark,t1_conf0.5,OCR benchmark (HarfBuzz-shaped Bangla + English),validation (48 phrases; every choice made here),laptop (DESKTOP-EA33S9L),metrics,cer_bangla,1,0.191851645540371,,0.191851645540371,0.191851645540371,,EXP_0105
OCR_BENCHMARK,OCR pipelines on the shaped Bangla + English benchmark,t1_conf0.5,OCR benchmark (HarfBuzz-shaped Bangla + English),validation (48 phrases; every choice made here),laptop (DESKTOP-EA33S9L),metrics,cer_clean,1,0.11180895969498911,,0.11180895969498911,0.11180895969498911,,EXP_0105
OCR_BENCHMARK,OCR pipelines on the shaped Bangla + English benchmark,t1_conf0.5,OCR benchmark (HarfBuzz-shaped Bangla + English),validation (48 phrases; every choice made here),laptop (DESKTOP-EA33S9L),metrics,cer_english,1,0.07586438124632569,,0.07586438124632569,0.07586438124632569,,EXP_0105
OCR_BENCHMARK,OCR pipelines on the shaped Bangla + English benchmark,t1_conf0.5,OCR benchmark (HarfBuzz-shaped Bangla + English),validation (48 phrases; every choice made here),laptop (DESKTOP-EA33S9L),metrics,cer_scene,1,0.19764519907289516,,0.19764519907289516,0.19764519907289516,,EXP_0105
OCR_BENCHMARK,OCR pipelines on the shaped Bangla + English benchmark,t1_conf0.5,OCR benchmark (HarfBuzz-shaped Bangla + English),validation (48 phrases; every choice made here),laptop (DESKTOP-EA33S9L),metrics,cer_seed_sd,1,0.035077920638023986,,0.035077920638023986,0.035077920638023986,,EXP_0105
OCR_BENCHMARK,OCR pipelines on the shaped Bangla + English benchmark,t1_conf0.5,OCR benchmark (HarfBuzz-shaped Bangla + English),validation (48 phrases; every choice made here),laptop (DESKTOP-EA33S9L),metrics,cer_wild,1,0.09211988141216082,,0.09211988141216082,0.09211988141216082,,EXP_0105
OCR_BENCHMARK,OCR pipelines on the shaped Bangla + English benchmark,t1_conf0.5,OCR benchmark (HarfBuzz-shaped Bangla + English),validation (48 phrases; every choice made here),laptop (DESKTOP-EA33S9L),metrics,exact_match,1,0.8125,,0.8125,0.8125,,EXP_0105
OCR_BENCHMARK,OCR pipelines on the shaped Bangla + English benchmark,t1_conf0.5,OCR benchmark (HarfBuzz-shaped Bangla + English),validation (48 phrases; every choice made here),laptop (DESKTOP-EA33S9L),metrics,wer,1,0.16512345679012344,,0.16512345679012344,0.16512345679012344,,EXP_0105
OCR_BENCHMARK,OCR pipelines on the shaped Bangla + English benchmark,t1_conf0.5,OCR benchmark (HarfBuzz-shaped Bangla + English),validation (48 phrases; every choice made here),laptop (DESKTOP-EA33S9L),performance,latency_ms_median_gpu,1,223.65205000096466,,223.65205000096466,223.65205000096466,,EXP_0105
OCR_BENCHMARK,OCR pipelines on the shaped Bangla + English benchmark,t1_region,OCR benchmark (HarfBuzz-shaped Bangla + English),held-out test (48 phrases; read once per method),laptop (DESKTOP-EA33S9L),metrics,cer,1,0.024449852299117003,,0.024449852299117003,0.024449852299117003,,EXP_0096
OCR_BENCHMARK,OCR pipelines on the shaped Bangla + English benchmark,t1_region,OCR benchmark (HarfBuzz-shaped Bangla + English),held-out test (48 phrases; read once per method),laptop (DESKTOP-EA33S9L),metrics,cer_bangla,1,0.03616206324539658,,0.03616206324539658,0.03616206324539658,,EXP_0096
OCR_BENCHMARK,OCR pipelines on the shaped Bangla + English benchmark,t1_region,OCR benchmark (HarfBuzz-shaped Bangla + English),held-out test (48 phrases; read once per method),laptop (DESKTOP-EA33S9L),metrics,cer_clean,1,0.01104688135938136,,0.01104688135938136,0.01104688135938136,,EXP_0096
OCR_BENCHMARK,OCR pipelines on the shaped Bangla + English benchmark,t1_region,OCR benchmark (HarfBuzz-shaped Bangla + English),held-out test (48 phrases; read once per method),laptop (DESKTOP-EA33S9L),metrics,cer_english,1,0.012737641352837429,,0.012737641352837429,0.012737641352837429,,EXP_0096
OCR_BENCHMARK,OCR pipelines on the shaped Bangla + English benchmark,t1_region,OCR benchmark (HarfBuzz-shaped Bangla + English),held-out test (48 phrases; read once per method),laptop (DESKTOP-EA33S9L),metrics,cer_scene,1,0.03446599696599696,,0.03446599696599696,0.03446599696599696,,EXP_0096
OCR_BENCHMARK,OCR pipelines on the shaped Bangla + English benchmark,t1_region,OCR benchmark (HarfBuzz-shaped Bangla + English),held-out test (48 phrases; read once per method),laptop (DESKTOP-EA33S9L),metrics,cer_seed_sd,1,0.004427590812067061,,0.004427590812067061,0.004427590812067061,,EXP_0096
OCR_BENCHMARK,OCR pipelines on the shaped Bangla + English benchmark,t1_region,OCR benchmark (HarfBuzz-shaped Bangla + English),held-out test (48 phrases; read once per method),laptop (DESKTOP-EA33S9L),metrics,cer_wild,1,0.027836678571972688,,0.027836678571972688,0.027836678571972688,,EXP_0096
OCR_BENCHMARK,OCR pipelines on the shaped Bangla + English benchmark,t1_region,OCR benchmark (HarfBuzz-shaped Bangla + English),held-out test (48 phrases; read once per method),laptop (DESKTOP-EA33S9L),metrics,exact_match,1,0.8587962962962963,,0.8587962962962963,0.8587962962962963,,EXP_0096
OCR_BENCHMARK,OCR pipelines on the shaped Bangla + English benchmark,t1_region,OCR benchmark (HarfBuzz-shaped Bangla + English),held-out test (48 phrases; read once per method),laptop (DESKTOP-EA33S9L),metrics,wer,1,0.08294753086419754,,0.08294753086419754,0.08294753086419754,,EXP_0096
OCR_BENCHMARK,OCR pipelines on the shaped Bangla + English benchmark,t1_region,OCR benchmark (HarfBuzz-shaped Bangla + English),held-out test (48 phrases; read once per method),laptop (DESKTOP-EA33S9L),performance,latency_ms_median_gpu,1,231.61200000322424,,231.61200000322424,231.61200000322424,,EXP_0096
OCR_BENCHMARK,OCR pipelines on the shaped Bangla + English benchmark,t1_region_craft_c0.1_1pass,OCR benchmark (HarfBuzz-shaped Bangla + English),validation (48 phrases; every choice made here),laptop (DESKTOP-EA33S9L),metrics,cer,1,0.034476029258504744,,0.034476029258504744,0.034476029258504744,,EXP_0106
OCR_BENCHMARK,OCR pipelines on the shaped Bangla + English benchmark,t1_region_craft_c0.1_1pass,OCR benchmark (HarfBuzz-shaped Bangla + English),validation (48 phrases; every choice made here),laptop (DESKTOP-EA33S9L),metrics,cer_bangla,1,0.02439738479566911,,0.02439738479566911,0.02439738479566911,,EXP_0106
OCR_BENCHMARK,OCR pipelines on the shaped Bangla + English benchmark,t1_region_craft_c0.1_1pass,OCR benchmark (HarfBuzz-shaped Bangla + English),validation (48 phrases; every choice made here),laptop (DESKTOP-EA33S9L),metrics,cer_clean,1,0.019997617102396517,,0.019997617102396517,0.019997617102396517,,EXP_0106
OCR_BENCHMARK,OCR pipelines on the shaped Bangla + English benchmark,t1_region_craft_c0.1_1pass,OCR benchmark (HarfBuzz-shaped Bangla + English),validation (48 phrases; every choice made here),laptop (DESKTOP-EA33S9L),metrics,cer_english,1,0.044554673721340386,,0.044554673721340386,0.044554673721340386,,EXP_0106
OCR_BENCHMARK,OCR pipelines on the shaped Bangla + English benchmark,t1_region_craft_c0.1_1pass,OCR benchmark (HarfBuzz-shaped Bangla + English),validation (48 phrases; every choice made here),laptop (DESKTOP-EA33S9L),metrics,cer_scene,1,0.06434562713974479,,0.06434562713974479,0.06434562713974479,,EXP_0106
OCR_BENCHMARK,OCR pipelines on the shaped Bangla + English benchmark,t1_region_craft_c0.1_1pass,OCR benchmark (HarfBuzz-shaped Bangla + English),validation (48 phrases; every choice made here),laptop (DESKTOP-EA33S9L),metrics,cer_seed_sd,1,0.013509717831920662,,0.013509717831920662,0.013509717831920662,,EXP_0106
OCR_BENCHMARK,OCR pipelines on the shaped Bangla + English benchmark,t1_region_craft_c0.1_1pass,OCR benchmark (HarfBuzz-shaped Bangla + English),validation (48 phrases; every choice made here),laptop (DESKTOP-EA33S9L),metrics,cer_wild,1,0.019084843533372944,,0.019084843533372944,0.019084843533372944,,EXP_0106
OCR_BENCHMARK,OCR pipelines on the shaped Bangla + English benchmark,t1_region_craft_c0.1_1pass,OCR benchmark (HarfBuzz-shaped Bangla + English),validation (48 phrases; every choice made here),laptop (DESKTOP-EA33S9L),metrics,exact_match,1,0.8819444444444444,,0.8819444444444444,0.8819444444444444,,EXP_0106
OCR_BENCHMARK,OCR pipelines on the shaped Bangla + English benchmark,t1_region_craft_c0.1_1pass,OCR benchmark (HarfBuzz-shaped Bangla + English),validation (48 phrases; every choice made here),laptop (DESKTOP-EA33S9L),metrics,wer,1,0.0798611111111111,,0.0798611111111111,0.0798611111111111,,EXP_0106
OCR_BENCHMARK,OCR pipelines on the shaped Bangla + English benchmark,t1_region_craft_c0.1_1pass,OCR benchmark (HarfBuzz-shaped Bangla + English),validation (48 phrases; every choice made here),laptop (DESKTOP-EA33S9L),performance,latency_ms_median_gpu,1,224.17610000411514,,224.17610000411514,224.17610000411514,,EXP_0106
OCR_BENCHMARK,OCR pipelines on the shaped Bangla + English benchmark,t1_region_craft_c0.1_2pass,OCR benchmark (HarfBuzz-shaped Bangla + English),validation (48 phrases; every choice made here),laptop (DESKTOP-EA33S9L),metrics,cer,1,0.04680877546695251,,0.04680877546695251,0.04680877546695251,,EXP_0107
OCR_BENCHMARK,OCR pipelines on the shaped Bangla + English benchmark,t1_region_craft_c0.1_2pass,OCR benchmark (HarfBuzz-shaped Bangla + English),validation (48 phrases; every choice made here),laptop (DESKTOP-EA33S9L),metrics,cer_bangla,1,0.04369011854119485,,0.04369011854119485,0.04369011854119485,,EXP_0107
OCR_BENCHMARK,OCR pipelines on the shaped Bangla + English benchmark,t1_region_craft_c0.1_2pass,OCR benchmark (HarfBuzz-shaped Bangla + English),validation (48 phrases; every choice made here),laptop (DESKTOP-EA33S9L),metrics,cer_clean,1,0.028482434640522875,,0.028482434640522875,0.028482434640522875,,EXP_0107
OCR_BENCHMARK,OCR pipelines on the shaped Bangla + English benchmark,t1_region_craft_c0.1_2pass,OCR benchmark (HarfBuzz-shaped Bangla + English),validation (48 phrases; every choice made here),laptop (DESKTOP-EA33S9L),metrics,cer_english,1,0.04992743239271018,,0.04992743239271018,0.04992743239271018,,EXP_0107
OCR_BENCHMARK,OCR pipelines on the shaped Bangla + English benchmark,t1_region_craft_c0.1_2pass,OCR benchmark (HarfBuzz-shaped Bangla + English),validation (48 phrases; every choice made here),laptop (DESKTOP-EA33S9L),metrics,cer_scene,1,0.07822650960545248,,0.07822650960545248,0.07822650960545248,,EXP_0107
OCR_BENCHMARK,OCR pipelines on the shaped Bangla + English benchmark,t1_region_craft_c0.1_2pass,OCR benchmark (HarfBuzz-shaped Bangla + English),validation (48 phrases; every choice made here),laptop (DESKTOP-EA33S9L),metrics,cer_seed_sd,1,0.016496121106161173,,0.016496121106161173,0.016496121106161173,,EXP_0107
OCR_BENCHMARK,OCR pipelines on the shaped Bangla + English benchmark,t1_region_craft_c0.1_2pass,OCR benchmark (HarfBuzz-shaped Bangla + English),validation (48 phrases; every choice made here),laptop (DESKTOP-EA33S9L),metrics,cer_wild,1,0.03371738215488215,,0.03371738215488215,0.03371738215488215,,EXP_0107
OCR_BENCHMARK,OCR pipelines on the shaped Bangla + English benchmark,t1_region_craft_c0.1_2pass,OCR benchmark (HarfBuzz-shaped Bangla + English),validation (48 phrases; every choice made here),laptop (DESKTOP-EA33S9L),metrics,exact_match,1,0.8495370370370371,,0.8495370370370371,0.8495370370370371,,EXP_0107
OCR_BENCHMARK,OCR pipelines on the shaped Bangla + English benchmark,t1_region_craft_c0.1_2pass,OCR benchmark (HarfBuzz-shaped Bangla + English),validation (48 phrases; every choice made here),laptop (DESKTOP-EA33S9L),metrics,wer,1,0.10686728395061727,,0.10686728395061727,0.10686728395061727,,EXP_0107
OCR_BENCHMARK,OCR pipelines on the shaped Bangla + English benchmark,t1_region_craft_c0.1_2pass,OCR benchmark (HarfBuzz-shaped Bangla + English),validation (48 phrases; every choice made here),laptop (DESKTOP-EA33S9L),performance,latency_ms_median_gpu,1,471.45304999139626,,471.45304999139626,471.45304999139626,,EXP_0107
OCR_BENCHMARK,OCR pipelines on the shaped Bangla + English benchmark,t1_region_craft_c0.3_1pass,OCR benchmark (HarfBuzz-shaped Bangla + English),validation (48 phrases; every choice made here),laptop (DESKTOP-EA33S9L),metrics,cer,1,0.04333435654003464,,0.04333435654003464,0.04333435654003464,,EXP_0108
OCR_BENCHMARK,OCR pipelines on the shaped Bangla + English benchmark,t1_region_craft_c0.3_1pass,OCR benchmark (HarfBuzz-shaped Bangla + English),validation (48 phrases; every choice made here),laptop (DESKTOP-EA33S9L),metrics,cer_bangla,1,0.037741611375189804,,0.037741611375189804,0.037741611375189804,,EXP_0108
OCR_BENCHMARK,OCR pipelines on the shaped Bangla + English benchmark,t1_region_craft_c0.3_1pass,OCR benchmark (HarfBuzz-shaped Bangla + English),validation (48 phrases; every choice made here),laptop (DESKTOP-EA33S9L),metrics,cer_clean,1,0.036201320806100216,,0.036201320806100216,0.036201320806100216,,EXP_0108
OCR_BENCHMARK,OCR pipelines on the shaped Bangla + English benchmark,t1_region_craft_c0.3_1pass,OCR benchmark (HarfBuzz-shaped Bangla + English),validation (48 phrases; every choice made here),laptop (DESKTOP-EA33S9L),metrics,cer_english,1,0.04892710170487949,,0.04892710170487949,0.04892710170487949,,EXP_0108
OCR_BENCHMARK,OCR pipelines on the shaped Bangla + English benchmark,t1_region_craft_c0.3_1pass,OCR benchmark (HarfBuzz-shaped Bangla + English),validation (48 phrases; every choice made here),laptop (DESKTOP-EA33S9L),metrics,cer_scene,1,0.07471690528063077,,0.07471690528063077,0.07471690528063077,,EXP_0108
OCR_BENCHMARK,OCR pipelines on the shaped Bangla + English benchmark,t1_region_craft_c0.3_1pass,OCR benchmark (HarfBuzz-shaped Bangla + English),validation (48 phrases; every choice made here),laptop (DESKTOP-EA33S9L),metrics,cer_seed_sd,1,0.010948366838661438,,0.010948366838661438,0.010948366838661438,,EXP_0108
OCR_BENCHMARK,OCR pipelines on the shaped Bangla + English benchmark,t1_region_craft_c0.3_1pass,OCR benchmark (HarfBuzz-shaped Bangla + English),validation (48 phrases; every choice made here),laptop (DESKTOP-EA33S9L),metrics,cer_wild,1,0.019084843533372944,,0.019084843533372944,0.019084843533372944,,EXP_0108
OCR_BENCHMARK,OCR pipelines on the shaped Bangla + English benchmark,t1_region_craft_c0.3_1pass,OCR benchmark (HarfBuzz-shaped Bangla + English),validation (48 phrases; every choice made here),laptop (DESKTOP-EA33S9L),metrics,exact_match,1,0.8773148148148148,,0.8773148148148148,0.8773148148148148,,EXP_0108
OCR_BENCHMARK,OCR pipelines on the shaped Bangla + English benchmark,t1_region_craft_c0.3_1pass,OCR benchmark (HarfBuzz-shaped Bangla + English),validation (48 phrases; every choice made here),laptop (DESKTOP-EA33S9L),metrics,wer,1,0.08449074074074074,,0.08449074074074074,0.08449074074074074,,EXP_0108
OCR_BENCHMARK,OCR pipelines on the shaped Bangla + English benchmark,t1_region_craft_c0.3_1pass,OCR benchmark (HarfBuzz-shaped Bangla + English),validation (48 phrases; every choice made here),laptop (DESKTOP-EA33S9L),performance,latency_ms_median_gpu,1,228.91489999892656,,228.91489999892656,228.91489999892656,,EXP_0108
OCR_BENCHMARK,OCR pipelines on the shaped Bangla + English benchmark,t1_region_craft_c0.3_2pass,OCR benchmark (HarfBuzz-shaped Bangla + English),validation (48 phrases; every choice made here),laptop (DESKTOP-EA33S9L),metrics,cer,1,0.05019688795832586,,0.05019688795832586,0.05019688795832586,,EXP_0109
OCR_BENCHMARK,OCR pipelines on the shaped Bangla + English benchmark,t1_region_craft_c0.3_2pass,OCR benchmark (HarfBuzz-shaped Bangla + English),validation (48 phrases; every choice made here),laptop (DESKTOP-EA33S9L),metrics,cer_bangla,1,0.054599941407539446,,0.054599941407539446,0.054599941407539446,,EXP_0109
OCR_BENCHMARK,OCR pipelines on the shaped Bangla + English benchmark,t1_region_craft_c0.3_2pass,OCR benchmark (HarfBuzz-shaped Bangla + English),validation (48 phrases; every choice made here),laptop (DESKTOP-EA33S9L),metrics,cer_clean,1,0.04584354575163399,,0.04584354575163399,0.04584354575163399,,EXP_0109
OCR_BENCHMARK,OCR pipelines on the shaped Bangla + English benchmark,t1_region_craft_c0.3_2pass,OCR benchmark (HarfBuzz-shaped Bangla + English),validation (48 phrases; every choice made here),laptop (DESKTOP-EA33S9L),metrics,cer_english,1,0.045793834509112286,,0.045793834509112286,0.045793834509112286,,EXP_0109
OCR_BENCHMARK,OCR pipelines on the shaped Bangla + English benchmark,t1_region_craft_c0.3_2pass,OCR benchmark (HarfBuzz-shaped Bangla + English),validation (48 phrases; every choice made here),laptop (DESKTOP-EA33S9L),metrics,cer_scene,1,0.07102973596846146,,0.07102973596846146,0.07102973596846146,,EXP_0109
OCR_BENCHMARK,OCR pipelines on the shaped Bangla + English benchmark,t1_region_craft_c0.3_2pass,OCR benchmark (HarfBuzz-shaped Bangla + English),validation (48 phrases; every choice made here),laptop (DESKTOP-EA33S9L),metrics,cer_seed_sd,1,0.007557759909802129,,0.007557759909802129,0.007557759909802129,,EXP_0109
OCR_BENCHMARK,OCR pipelines on the shaped Bangla + English benchmark,t1_region_craft_c0.3_2pass,OCR benchmark (HarfBuzz-shaped Bangla + English),validation (48 phrases; every choice made here),laptop (DESKTOP-EA33S9L),metrics,cer_wild,1,0.03371738215488215,,0.03371738215488215,0.03371738215488215,,EXP_0109
OCR_BENCHMARK,OCR pipelines on the shaped Bangla + English benchmark,t1_region_craft_c0.3_2pass,OCR benchmark (HarfBuzz-shaped Bangla + English),validation (48 phrases; every choice made here),laptop (DESKTOP-EA33S9L),metrics,exact_match,1,0.8518518518518519,,0.8518518518518519,0.8518518518518519,,EXP_0109
OCR_BENCHMARK,OCR pipelines on the shaped Bangla + English benchmark,t1_region_craft_c0.3_2pass,OCR benchmark (HarfBuzz-shaped Bangla + English),validation (48 phrases; every choice made here),laptop (DESKTOP-EA33S9L),metrics,wer,1,0.10532407407407407,,0.10532407407407407,0.10532407407407407,,EXP_0109
OCR_BENCHMARK,OCR pipelines on the shaped Bangla + English benchmark,t1_region_craft_c0.3_2pass,OCR benchmark (HarfBuzz-shaped Bangla + English),validation (48 phrases; every choice made here),laptop (DESKTOP-EA33S9L),performance,latency_ms_median_gpu,1,530.1953500020318,,530.1953500020318,530.1953500020318,,EXP_0109
OCR_BENCHMARK,OCR pipelines on the shaped Bangla + English benchmark,t1_sorted_lines,OCR benchmark (HarfBuzz-shaped Bangla + English),validation (48 phrases; every choice made here),laptop (DESKTOP-EA33S9L),metrics,cer,1,0.15096752568872668,,0.15096752568872668,0.15096752568872668,,EXP_0110
OCR_BENCHMARK,OCR pipelines on the shaped Bangla + English benchmark,t1_sorted_lines,OCR benchmark (HarfBuzz-shaped Bangla + English),validation (48 phrases; every choice made here),laptop (DESKTOP-EA33S9L),metrics,cer_bangla,1,0.16272098612172142,,0.16272098612172142,0.16272098612172142,,EXP_0110
OCR_BENCHMARK,OCR pipelines on the shaped Bangla + English benchmark,t1_sorted_lines,OCR benchmark (HarfBuzz-shaped Bangla + English),validation (48 phrases; every choice made here),laptop (DESKTOP-EA33S9L),metrics,cer_clean,1,0.019997617102396517,,0.019997617102396517,0.019997617102396517,,EXP_0110
OCR_BENCHMARK,OCR pipelines on the shaped Bangla + English benchmark,t1_sorted_lines,OCR benchmark (HarfBuzz-shaped Bangla + English),validation (48 phrases; every choice made here),laptop (DESKTOP-EA33S9L),metrics,cer_english,1,0.1392140652557319,,0.1392140652557319,0.1392140652557319,,EXP_0110
OCR_BENCHMARK,OCR pipelines on the shaped Bangla + English benchmark,t1_sorted_lines,OCR benchmark (HarfBuzz-shaped Bangla + English),validation (48 phrases; every choice made here),laptop (DESKTOP-EA33S9L),metrics,cer_scene,1,0.41946247754152166,,0.41946247754152166,0.41946247754152166,,EXP_0110
OCR_BENCHMARK,OCR pipelines on the shaped Bangla + English benchmark,t1_sorted_lines,OCR benchmark (HarfBuzz-shaped Bangla + English),validation (48 phrases; every choice made here),laptop (DESKTOP-EA33S9L),metrics,cer_seed_sd,1,0.06227660712382075,,0.06227660712382075,0.06227660712382075,,EXP_0110
OCR_BENCHMARK,OCR pipelines on the shaped Bangla + English benchmark,t1_sorted_lines,OCR benchmark (HarfBuzz-shaped Bangla + English),validation (48 phrases; every choice made here),laptop (DESKTOP-EA33S9L),metrics,cer_wild,1,0.013442482422261835,,0.013442482422261835,0.013442482422261835,,EXP_0110
OCR_BENCHMARK,OCR pipelines on the shaped Bangla + English benchmark,t1_sorted_lines,OCR benchmark (HarfBuzz-shaped Bangla + English),validation (48 phrases; every choice made here),laptop (DESKTOP-EA33S9L),metrics,exact_match,1,0.8240740740740741,,0.8240740740740741,0.8240740740740741,,EXP_0110
OCR_BENCHMARK,OCR pipelines on the shaped Bangla + English benchmark,t1_sorted_lines,OCR benchmark (HarfBuzz-shaped Bangla + English),validation (48 phrases; every choice made here),laptop (DESKTOP-EA33S9L),metrics,wer,1,0.19675925925925927,,0.19675925925925927,0.19675925925925927,,EXP_0110
OCR_BENCHMARK,OCR pipelines on the shaped Bangla + English benchmark,t1_sorted_lines,OCR benchmark (HarfBuzz-shaped Bangla + English),validation (48 phrases; every choice made here),laptop (DESKTOP-EA33S9L),performance,latency_ms_median_gpu,1,221.91279999969993,,221.91279999969993,221.91279999969993,,EXP_0110
OCR_BENCHMARK,OCR pipelines on the shaped Bangla + English benchmark,t2_bilateral,OCR benchmark (HarfBuzz-shaped Bangla + English),validation (48 phrases; every choice made here),laptop (DESKTOP-EA33S9L),metrics,cer,1,0.04099900096121501,,0.04099900096121501,0.04099900096121501,,EXP_0111
OCR_BENCHMARK,OCR pipelines on the shaped Bangla + English benchmark,t2_bilateral,OCR benchmark (HarfBuzz-shaped Bangla + English),validation (48 phrases; every choice made here),laptop (DESKTOP-EA33S9L),metrics,cer_bangla,1,0.032347061299267184,,0.032347061299267184,0.032347061299267184,,EXP_0111
OCR_BENCHMARK,OCR pipelines on the shaped Bangla + English benchmark,t2_bilateral,OCR benchmark (HarfBuzz-shaped Bangla + English),validation (48 phrases; every choice made here),laptop (DESKTOP-EA33S9L),metrics,cer_clean,1,0.0174802559912854,,0.0174802559912854,0.0174802559912854,,EXP_0111
OCR_BENCHMARK,OCR pipelines on the shaped Bangla + English benchmark,t2_bilateral,OCR benchmark (HarfBuzz-shaped Bangla + English),validation (48 phrases; every choice made here),laptop (DESKTOP-EA33S9L),metrics,cer_english,1,0.049650940623162845,,0.049650940623162845,0.049650940623162845,,EXP_0111
OCR_BENCHMARK,OCR pipelines on the shaped Bangla + English benchmark,t2_bilateral,OCR benchmark (HarfBuzz-shaped Bangla + English),validation (48 phrases; every choice made here),laptop (DESKTOP-EA33S9L),metrics,cer_scene,1,0.08931943147629423,,0.08931943147629423,0.08931943147629423,,EXP_0111
OCR_BENCHMARK,OCR pipelines on the shaped Bangla + English benchmark,t2_bilateral,OCR benchmark (HarfBuzz-shaped Bangla + English),validation (48 phrases; every choice made here),laptop (DESKTOP-EA33S9L),metrics,cer_seed_sd,1,0.004666950465374164,,0.004666950465374164,0.004666950465374164,,EXP_0111
OCR_BENCHMARK,OCR pipelines on the shaped Bangla + English benchmark,t2_bilateral,OCR benchmark (HarfBuzz-shaped Bangla + English),validation (48 phrases; every choice made here),laptop (DESKTOP-EA33S9L),metrics,cer_wild,1,0.016197315416065415,,0.016197315416065415,0.016197315416065415,,EXP_0111
OCR_BENCHMARK,OCR pipelines on the shaped Bangla + English benchmark,t2_bilateral,OCR benchmark (HarfBuzz-shaped Bangla + English),validation (48 phrases; every choice made here),laptop (DESKTOP-EA33S9L),metrics,exact_match,1,0.8958333333333334,,0.8958333333333334,0.8958333333333334,,EXP_0111
OCR_BENCHMARK,OCR pipelines on the shaped Bangla + English benchmark,t2_bilateral,OCR benchmark (HarfBuzz-shaped Bangla + English),validation (48 phrases; every choice made here),laptop (DESKTOP-EA33S9L),metrics,wer,1,0.0806327160493827,,0.0806327160493827,0.0806327160493827,,EXP_0111
OCR_BENCHMARK,OCR pipelines on the shaped Bangla + English benchmark,t2_bilateral,OCR benchmark (HarfBuzz-shaped Bangla + English),validation (48 phrases; every choice made here),laptop (DESKTOP-EA33S9L),performance,latency_ms_median_gpu,1,235.28550000628456,,235.28550000628456,235.28550000628456,,EXP_0111
OCR_BENCHMARK,OCR pipelines on the shaped Bangla + English benchmark,t2_clahe,OCR benchmark (HarfBuzz-shaped Bangla + English),validation (48 phrases; every choice made here),laptop (DESKTOP-EA33S9L),metrics,cer,1,0.033665796403834554,,0.033665796403834554,0.033665796403834554,,EXP_0112
OCR_BENCHMARK,OCR pipelines on the shaped Bangla + English benchmark,t2_clahe,OCR benchmark (HarfBuzz-shaped Bangla + English),validation (48 phrases; every choice made here),laptop (DESKTOP-EA33S9L),metrics,cer_bangla,1,0.031868078698321665,,0.031868078698321665,0.031868078698321665,,EXP_0112
OCR_BENCHMARK,OCR pipelines on the shaped Bangla + English benchmark,t2_clahe,OCR benchmark (HarfBuzz-shaped Bangla + English),validation (48 phrases; every choice made here),laptop (DESKTOP-EA33S9L),metrics,cer_clean,1,0.028654667885672787,,0.028654667885672787,0.028654667885672787,,EXP_0112
OCR_BENCHMARK,OCR pipelines on the shaped Bangla + English benchmark,t2_clahe,OCR benchmark (HarfBuzz-shaped Bangla + English),validation (48 phrases; every choice made here),laptop (DESKTOP-EA33S9L),metrics,cer_english,1,0.03546351410934744,,0.03546351410934744,0.03546351410934744,,EXP_0112
OCR_BENCHMARK,OCR pipelines on the shaped Bangla + English benchmark,t2_clahe,OCR benchmark (HarfBuzz-shaped Bangla + English),validation (48 phrases; every choice made here),laptop (DESKTOP-EA33S9L),metrics,cer_scene,1,0.06386997300933256,,0.06386997300933256,0.06386997300933256,,EXP_0112
OCR_BENCHMARK,OCR pipelines on the shaped Bangla + English benchmark,t2_clahe,OCR benchmark (HarfBuzz-shaped Bangla + English),validation (48 phrases; every choice made here),laptop (DESKTOP-EA33S9L),metrics,cer_seed_sd,1,0.008921704996203855,,0.008921704996203855,0.008921704996203855,,EXP_0112
OCR_BENCHMARK,OCR pipelines on the shaped Bangla + English benchmark,t2_clahe,OCR benchmark (HarfBuzz-shaped Bangla + English),validation (48 phrases; every choice made here),laptop (DESKTOP-EA33S9L),metrics,cer_wild,1,0.008472748316498318,,0.008472748316498318,0.008472748316498318,,EXP_0112
OCR_BENCHMARK,OCR pipelines on the shaped Bangla + English benchmark,t2_clahe,OCR benchmark (HarfBuzz-shaped Bangla + English),validation (48 phrases; every choice made here),laptop (DESKTOP-EA33S9L),metrics,exact_match,1,0.8865740740740741,,0.8865740740740741,0.8865740740740741,,EXP_0112
OCR_BENCHMARK,OCR pipelines on the shaped Bangla + English benchmark,t2_clahe,OCR benchmark (HarfBuzz-shaped Bangla + English),validation (48 phrases; every choice made here),laptop (DESKTOP-EA33S9L),metrics,wer,1,0.07600308641975308,,0.07600308641975308,0.07600308641975308,,EXP_0112
OCR_BENCHMARK,OCR pipelines on the shaped Bangla + English benchmark,t2_clahe,OCR benchmark (HarfBuzz-shaped Bangla + English),validation (48 phrases; every choice made here),laptop (DESKTOP-EA33S9L),performance,latency_ms_median_gpu,1,236.00239999359474,,236.00239999359474,236.00239999359474,,EXP_0112
OCR_BENCHMARK,OCR pipelines on the shaped Bangla + English benchmark,t2_color,OCR benchmark (HarfBuzz-shaped Bangla + English),validation (48 phrases; every choice made here),laptop (DESKTOP-EA33S9L),metrics,cer,1,0.04275334949465562,,0.04275334949465562,0.04275334949465562,,EXP_0113
OCR_BENCHMARK,OCR pipelines on the shaped Bangla + English benchmark,t2_color,OCR benchmark (HarfBuzz-shaped Bangla + English),validation (48 phrases; every choice made here),laptop (DESKTOP-EA33S9L),metrics,cer_bangla,1,0.030823791875848567,,0.030823791875848567,0.030823791875848567,,EXP_0113
OCR_BENCHMARK,OCR pipelines on the shaped Bangla + English benchmark,t2_color,OCR benchmark (HarfBuzz-shaped Bangla + English),validation (48 phrases; every choice made here),laptop (DESKTOP-EA33S9L),metrics,cer_clean,1,0.032157203159041386,,0.032157203159041386,0.032157203159041386,,EXP_0113
OCR_BENCHMARK,OCR pipelines on the shaped Bangla + English benchmark,t2_color,OCR benchmark (HarfBuzz-shaped Bangla + English),validation (48 phrases; every choice made here),laptop (DESKTOP-EA33S9L),metrics,cer_english,1,0.05468290711346267,,0.05468290711346267,0.05468290711346267,,EXP_0113
OCR_BENCHMARK,OCR pipelines on the shaped Bangla + English benchmark,t2_color,OCR benchmark (HarfBuzz-shaped Bangla + English),validation (48 phrases; every choice made here),laptop (DESKTOP-EA33S9L),metrics,cer_scene,1,0.08504547098630112,,0.08504547098630112,0.08504547098630112,,EXP_0113
OCR_BENCHMARK,OCR pipelines on the shaped Bangla + English benchmark,t2_color,OCR benchmark (HarfBuzz-shaped Bangla + English),validation (48 phrases; every choice made here),laptop (DESKTOP-EA33S9L),metrics,cer_seed_sd,1,0.004762426564543793,,0.004762426564543793,0.004762426564543793,,EXP_0113
OCR_BENCHMARK,OCR pipelines on the shaped Bangla + English benchmark,t2_color,OCR benchmark (HarfBuzz-shaped Bangla + English),validation (48 phrases; every choice made here),laptop (DESKTOP-EA33S9L),metrics,cer_wild,1,0.011057374338624339,,0.011057374338624339,0.011057374338624339,,EXP_0113
OCR_BENCHMARK,OCR pipelines on the shaped Bangla + English benchmark,t2_color,OCR benchmark (HarfBuzz-shaped Bangla + English),validation (48 phrases; every choice made here),laptop (DESKTOP-EA33S9L),metrics,exact_match,1,0.8842592592592593,,0.8842592592592593,0.8842592592592593,,EXP_0113
OCR_BENCHMARK,OCR pipelines on the shaped Bangla + English benchmark,t2_color,OCR benchmark (HarfBuzz-shaped Bangla + English),validation (48 phrases; every choice made here),laptop (DESKTOP-EA33S9L),metrics,wer,1,0.08294753086419752,,0.08294753086419752,0.08294753086419752,,EXP_0113
OCR_BENCHMARK,OCR pipelines on the shaped Bangla + English benchmark,t2_color,OCR benchmark (HarfBuzz-shaped Bangla + English),validation (48 phrases; every choice made here),laptop (DESKTOP-EA33S9L),performance,latency_ms_median_gpu,1,239.070299998275,,239.070299998275,239.070299998275,,EXP_0113
OCR_BENCHMARK,OCR pipelines on the shaped Bangla + English benchmark,t2_deskew,OCR benchmark (HarfBuzz-shaped Bangla + English),validation (48 phrases; every choice made here),laptop (DESKTOP-EA33S9L),metrics,cer,1,0.04775897688590392,,0.04775897688590392,0.04775897688590392,,EXP_0115
OCR_BENCHMARK,OCR pipelines on the shaped Bangla + English benchmark,t2_deskew,OCR benchmark (HarfBuzz-shaped Bangla + English),validation (48 phrases; every choice made here),laptop (DESKTOP-EA33S9L),metrics,cer_bangla,1,0.04029124889232519,,0.04029124889232519,0.04029124889232519,,EXP_0115
OCR_BENCHMARK,OCR pipelines on the shaped Bangla + English benchmark,t2_deskew,OCR benchmark (HarfBuzz-shaped Bangla + English),validation (48 phrases; every choice made here),laptop (DESKTOP-EA33S9L),metrics,cer_clean,1,0.02966902775419932,,0.02966902775419932,0.02966902775419932,,EXP_0115
OCR_BENCHMARK,OCR pipelines on the shaped Bangla + English benchmark,t2_deskew,OCR benchmark (HarfBuzz-shaped Bangla + English),validation (48 phrases; every choice made here),laptop (DESKTOP-EA33S9L),metrics,cer_english,1,0.055226704879482655,,0.055226704879482655,0.055226704879482655,,EXP_0115
OCR_BENCHMARK,OCR pipelines on the shaped Bangla + English benchmark,t2_deskew,OCR benchmark (HarfBuzz-shaped Bangla + English),validation (48 phrases; every choice made here),laptop (DESKTOP-EA33S9L),metrics,cer_scene,1,0.09837541498080712,,0.09837541498080712,0.09837541498080712,,EXP_0115
OCR_BENCHMARK,OCR pipelines on the shaped Bangla + English benchmark,t2_deskew,OCR benchmark (HarfBuzz-shaped Bangla + English),validation (48 phrases; every choice made here),laptop (DESKTOP-EA33S9L),metrics,cer_seed_sd,1,0.005023827061787303,,0.005023827061787303,0.005023827061787303,,EXP_0115
OCR_BENCHMARK,OCR pipelines on the shaped Bangla + English benchmark,t2_deskew,OCR benchmark (HarfBuzz-shaped Bangla + English),validation (48 phrases; every choice made here),laptop (DESKTOP-EA33S9L),metrics,cer_wild,1,0.015232487922705314,,0.015232487922705314,0.015232487922705314,,EXP_0115
OCR_BENCHMARK,OCR pipelines on the shaped Bangla + English benchmark,t2_deskew,OCR benchmark (HarfBuzz-shaped Bangla + English),validation (48 phrases; every choice made here),laptop (DESKTOP-EA33S9L),metrics,exact_match,1,0.875,,0.875,0.875,,EXP_0115
OCR_BENCHMARK,OCR pipelines on the shaped Bangla + English benchmark,t2_deskew,OCR benchmark (HarfBuzz-shaped Bangla + English),validation (48 phrases; every choice made here),laptop (DESKTOP-EA33S9L),metrics,wer,1,0.08487654320987656,,0.08487654320987656,0.08487654320987656,,EXP_0115
OCR_BENCHMARK,OCR pipelines on the shaped Bangla + English benchmark,t2_deskew,OCR benchmark (HarfBuzz-shaped Bangla + English),validation (48 phrases; every choice made here),laptop (DESKTOP-EA33S9L),performance,latency_ms_median_gpu,1,241.271750011947,,241.271750011947,241.271750011947,,EXP_0115
OCR_BENCHMARK,OCR pipelines on the shaped Bangla + English benchmark,t2_deskew+clahe,OCR benchmark (HarfBuzz-shaped Bangla + English),validation (48 phrases; every choice made here),laptop (DESKTOP-EA33S9L),metrics,cer,1,0.03603593462466722,,0.03603593462466722,0.03603593462466722,,EXP_0114
OCR_BENCHMARK,OCR pipelines on the shaped Bangla + English benchmark,t2_deskew+clahe,OCR benchmark (HarfBuzz-shaped Bangla + English),validation (48 phrases; every choice made here),laptop (DESKTOP-EA33S9L),metrics,cer_bangla,1,0.028976814869557836,,0.028976814869557836,0.028976814869557836,,EXP_0114
OCR_BENCHMARK,OCR pipelines on the shaped Bangla + English benchmark,t2_deskew+clahe,OCR benchmark (HarfBuzz-shaped Bangla + English),validation (48 phrases; every choice made here),laptop (DESKTOP-EA33S9L),metrics,cer_clean,1,0.03455694462128286,,0.03455694462128286,0.03455694462128286,,EXP_0114
OCR_BENCHMARK,OCR pipelines on the shaped Bangla + English benchmark,t2_deskew+clahe,OCR benchmark (HarfBuzz-shaped Bangla + English),validation (48 phrases; every choice made here),laptop (DESKTOP-EA33S9L),metrics,cer_english,1,0.04309505437977661,,0.04309505437977661,0.04309505437977661,,EXP_0114
OCR_BENCHMARK,OCR pipelines on the shaped Bangla + English benchmark,t2_deskew+clahe,OCR benchmark (HarfBuzz-shaped Bangla + English),validation (48 phrases; every choice made here),laptop (DESKTOP-EA33S9L),metrics,cer_scene,1,0.05525555501991457,,0.05525555501991457,0.05525555501991457,,EXP_0114
OCR_BENCHMARK,OCR pipelines on the shaped Bangla + English benchmark,t2_deskew+clahe,OCR benchmark (HarfBuzz-shaped Bangla + English),validation (48 phrases; every choice made here),laptop (DESKTOP-EA33S9L),metrics,cer_seed_sd,1,0.007965628272970296,,0.007965628272970296,0.007965628272970296,,EXP_0114
OCR_BENCHMARK,OCR pipelines on the shaped Bangla + English benchmark,t2_deskew+clahe,OCR benchmark (HarfBuzz-shaped Bangla + English),validation (48 phrases; every choice made here),laptop (DESKTOP-EA33S9L),metrics,cer_wild,1,0.018295304232804233,,0.018295304232804233,0.018295304232804233,,EXP_0114
OCR_BENCHMARK,OCR pipelines on the shaped Bangla + English benchmark,t2_deskew+clahe,OCR benchmark (HarfBuzz-shaped Bangla + English),validation (48 phrases; every choice made here),laptop (DESKTOP-EA33S9L),metrics,exact_match,1,0.8726851851851852,,0.8726851851851852,0.8726851851851852,,EXP_0114
OCR_BENCHMARK,OCR pipelines on the shaped Bangla + English benchmark,t2_deskew+clahe,OCR benchmark (HarfBuzz-shaped Bangla + English),validation (48 phrases; every choice made here),laptop (DESKTOP-EA33S9L),metrics,wer,1,0.08410493827160492,,0.08410493827160492,0.08410493827160492,,EXP_0114
OCR_BENCHMARK,OCR pipelines on the shaped Bangla + English benchmark,t2_deskew+clahe,OCR benchmark (HarfBuzz-shaped Bangla + English),validation (48 phrases; every choice made here),laptop (DESKTOP-EA33S9L),performance,latency_ms_median_gpu,1,245.74645000393502,,245.74645000393502,245.74645000393502,,EXP_0114
OCR_BENCHMARK,OCR pipelines on the shaped Bangla + English benchmark,t2_glass,OCR benchmark (HarfBuzz-shaped Bangla + English),validation (48 phrases; every choice made here),laptop (DESKTOP-EA33S9L),metrics,cer,1,0.034476029258504744,,0.034476029258504744,0.034476029258504744,,EXP_0116
OCR_BENCHMARK,OCR pipelines on the shaped Bangla + English benchmark,t2_glass,OCR benchmark (HarfBuzz-shaped Bangla + English),validation (48 phrases; every choice made here),laptop (DESKTOP-EA33S9L),metrics,cer_bangla,1,0.02439738479566911,,0.02439738479566911,0.02439738479566911,,EXP_0116
OCR_BENCHMARK,OCR pipelines on the shaped Bangla + English benchmark,t2_glass,OCR benchmark (HarfBuzz-shaped Bangla + English),validation (48 phrases; every choice made here),laptop (DESKTOP-EA33S9L),metrics,cer_clean,1,0.019997617102396517,,0.019997617102396517,0.019997617102396517,,EXP_0116
OCR_BENCHMARK,OCR pipelines on the shaped Bangla + English benchmark,t2_glass,OCR benchmark (HarfBuzz-shaped Bangla + English),validation (48 phrases; every choice made here),laptop (DESKTOP-EA33S9L),metrics,cer_english,1,0.044554673721340386,,0.044554673721340386,0.044554673721340386,,EXP_0116
OCR_BENCHMARK,OCR pipelines on the shaped Bangla + English benchmark,t2_glass,OCR benchmark (HarfBuzz-shaped Bangla + English),validation (48 phrases; every choice made here),laptop (DESKTOP-EA33S9L),metrics,cer_scene,1,0.06434562713974479,,0.06434562713974479,0.06434562713974479,,EXP_0116
OCR_BENCHMARK,OCR pipelines on the shaped Bangla + English benchmark,t2_glass,OCR benchmark (HarfBuzz-shaped Bangla + English),validation (48 phrases; every choice made here),laptop (DESKTOP-EA33S9L),metrics,cer_seed_sd,1,0.013509717831920662,,0.013509717831920662,0.013509717831920662,,EXP_0116
OCR_BENCHMARK,OCR pipelines on the shaped Bangla + English benchmark,t2_glass,OCR benchmark (HarfBuzz-shaped Bangla + English),validation (48 phrases; every choice made here),laptop (DESKTOP-EA33S9L),metrics,cer_wild,1,0.019084843533372944,,0.019084843533372944,0.019084843533372944,,EXP_0116
OCR_BENCHMARK,OCR pipelines on the shaped Bangla + English benchmark,t2_glass,OCR benchmark (HarfBuzz-shaped Bangla + English),validation (48 phrases; every choice made here),laptop (DESKTOP-EA33S9L),metrics,exact_match,1,0.8819444444444444,,0.8819444444444444,0.8819444444444444,,EXP_0116
OCR_BENCHMARK,OCR pipelines on the shaped Bangla + English benchmark,t2_glass,OCR benchmark (HarfBuzz-shaped Bangla + English),validation (48 phrases; every choice made here),laptop (DESKTOP-EA33S9L),metrics,wer,1,0.0798611111111111,,0.0798611111111111,0.0798611111111111,,EXP_0116
OCR_BENCHMARK,OCR pipelines on the shaped Bangla + English benchmark,t2_glass,OCR benchmark (HarfBuzz-shaped Bangla + English),validation (48 phrases; every choice made here),laptop (DESKTOP-EA33S9L),performance,latency_ms_median_gpu,1,232.84109999076463,,232.84109999076463,232.84109999076463,,EXP_0116
OCR_BENCHMARK,OCR pipelines on the shaped Bangla + English benchmark,t2_glass_unsharp,OCR benchmark (HarfBuzz-shaped Bangla + English),validation (48 phrases; every choice made here),laptop (DESKTOP-EA33S9L),metrics,cer,1,0.0398385165654365,,0.0398385165654365,0.0398385165654365,,EXP_0117
OCR_BENCHMARK,OCR pipelines on the shaped Bangla + English benchmark,t2_glass_unsharp,OCR benchmark (HarfBuzz-shaped Bangla + English),validation (48 phrases; every choice made here),laptop (DESKTOP-EA33S9L),metrics,cer_bangla,1,0.027537666581784227,,0.027537666581784227,0.027537666581784227,,EXP_0117
OCR_BENCHMARK,OCR pipelines on the shaped Bangla + English benchmark,t2_glass_unsharp,OCR benchmark (HarfBuzz-shaped Bangla + English),validation (48 phrases; every choice made here),laptop (DESKTOP-EA33S9L),metrics,cer_clean,1,0.026656113834422658,,0.026656113834422658,0.026656113834422658,,EXP_0117
OCR_BENCHMARK,OCR pipelines on the shaped Bangla + English benchmark,t2_glass_unsharp,OCR benchmark (HarfBuzz-shaped Bangla + English),validation (48 phrases; every choice made here),laptop (DESKTOP-EA33S9L),metrics,cer_english,1,0.05213936654908878,,0.05213936654908878,0.05213936654908878,,EXP_0117
OCR_BENCHMARK,OCR pipelines on the shaped Bangla + English benchmark,t2_glass_unsharp,OCR benchmark (HarfBuzz-shaped Bangla + English),validation (48 phrases; every choice made here),laptop (DESKTOP-EA33S9L),metrics,cer_scene,1,0.07784393155410313,,0.07784393155410313,0.07784393155410313,,EXP_0117
OCR_BENCHMARK,OCR pipelines on the shaped Bangla + English benchmark,t2_glass_unsharp,OCR benchmark (HarfBuzz-shaped Bangla + English),validation (48 phrases; every choice made here),laptop (DESKTOP-EA33S9L),metrics,cer_seed_sd,1,0.0014293668202126682,,0.0014293668202126682,0.0014293668202126682,,EXP_0117
OCR_BENCHMARK,OCR pipelines on the shaped Bangla + English benchmark,t2_glass_unsharp,OCR benchmark (HarfBuzz-shaped Bangla + English),validation (48 phrases; every choice made here),laptop (DESKTOP-EA33S9L),metrics,cer_wild,1,0.01501550430778372,,0.01501550430778372,0.01501550430778372,,EXP_0117
OCR_BENCHMARK,OCR pipelines on the shaped Bangla + English benchmark,t2_glass_unsharp,OCR benchmark (HarfBuzz-shaped Bangla + English),validation (48 phrases; every choice made here),laptop (DESKTOP-EA33S9L),metrics,exact_match,1,0.8634259259259259,,0.8634259259259259,0.8634259259259259,,EXP_0117
OCR_BENCHMARK,OCR pipelines on the shaped Bangla + English benchmark,t2_glass_unsharp,OCR benchmark (HarfBuzz-shaped Bangla + English),validation (48 phrases; every choice made here),laptop (DESKTOP-EA33S9L),metrics,wer,1,0.08815586419753085,,0.08815586419753085,0.08815586419753085,,EXP_0117
OCR_BENCHMARK,OCR pipelines on the shaped Bangla + English benchmark,t2_glass_unsharp,OCR benchmark (HarfBuzz-shaped Bangla + English),validation (48 phrases; every choice made here),laptop (DESKTOP-EA33S9L),performance,latency_ms_median_gpu,1,244.27354999352247,,244.27354999352247,244.27354999352247,,EXP_0117
OCR_BENCHMARK,OCR pipelines on the shaped Bangla + English benchmark,t2_gray,OCR benchmark (HarfBuzz-shaped Bangla + English),validation (48 phrases; every choice made here),laptop (DESKTOP-EA33S9L),metrics,cer,1,0.047933546875540335,,0.047933546875540335,0.047933546875540335,,EXP_0118
OCR_BENCHMARK,OCR pipelines on the shaped Bangla + English benchmark,t2_gray,OCR benchmark (HarfBuzz-shaped Bangla + English),validation (48 phrases; every choice made here),laptop (DESKTOP-EA33S9L),metrics,cer_bangla,1,0.03501134713144517,,0.03501134713144517,0.03501134713144517,,EXP_0118
OCR_BENCHMARK,OCR pipelines on the shaped Bangla + English benchmark,t2_gray,OCR benchmark (HarfBuzz-shaped Bangla + English),validation (48 phrases; every choice made here),laptop (DESKTOP-EA33S9L),metrics,cer_clean,1,0.032157203159041386,,0.032157203159041386,0.032157203159041386,,EXP_0118
OCR_BENCHMARK,OCR pipelines on the shaped Bangla + English benchmark,t2_gray,OCR benchmark (HarfBuzz-shaped Bangla + English),validation (48 phrases; every choice made here),laptop (DESKTOP-EA33S9L),metrics,cer_english,1,0.06085574661963551,,0.06085574661963551,0.06085574661963551,,EXP_0118
OCR_BENCHMARK,OCR pipelines on the shaped Bangla + English benchmark,t2_gray,OCR benchmark (HarfBuzz-shaped Bangla + English),validation (48 phrases; every choice made here),laptop (DESKTOP-EA33S9L),metrics,cer_scene,1,0.10058606312895528,,0.10058606312895528,0.10058606312895528,,EXP_0118
OCR_BENCHMARK,OCR pipelines on the shaped Bangla + English benchmark,t2_gray,OCR benchmark (HarfBuzz-shaped Bangla + English),validation (48 phrases; every choice made here),laptop (DESKTOP-EA33S9L),metrics,cer_seed_sd,1,0.004486594306598598,,0.004486594306598598,0.004486594306598598,,EXP_0118
OCR_BENCHMARK,OCR pipelines on the shaped Bangla + English benchmark,t2_gray,OCR benchmark (HarfBuzz-shaped Bangla + English),validation (48 phrases; every choice made here),laptop (DESKTOP-EA33S9L),metrics,cer_wild,1,0.011057374338624339,,0.011057374338624339,0.011057374338624339,,EXP_0118
OCR_BENCHMARK,OCR pipelines on the shaped Bangla + English benchmark,t2_gray,OCR benchmark (HarfBuzz-shaped Bangla + English),validation (48 phrases; every choice made here),laptop (DESKTOP-EA33S9L),metrics,exact_match,1,0.8796296296296297,,0.8796296296296297,0.8796296296296297,,EXP_0118
OCR_BENCHMARK,OCR pipelines on the shaped Bangla + English benchmark,t2_gray,OCR benchmark (HarfBuzz-shaped Bangla + English),validation (48 phrases; every choice made here),laptop (DESKTOP-EA33S9L),metrics,wer,1,0.08912037037037036,,0.08912037037037036,0.08912037037037036,,EXP_0118
OCR_BENCHMARK,OCR pipelines on the shaped Bangla + English benchmark,t2_gray,OCR benchmark (HarfBuzz-shaped Bangla + English),validation (48 phrases; every choice made here),laptop (DESKTOP-EA33S9L),performance,latency_ms_median_gpu,1,229.75189999851864,,229.75189999851864,229.75189999851864,,EXP_0118
OCR_BENCHMARK,OCR pipelines on the shaped Bangla + English benchmark,t2_niblack,OCR benchmark (HarfBuzz-shaped Bangla + English),validation (48 phrases; every choice made here),laptop (DESKTOP-EA33S9L),metrics,cer,1,0.12474384891930715,,0.12474384891930715,0.12474384891930715,,EXP_0119
OCR_BENCHMARK,OCR pipelines on the shaped Bangla + English benchmark,t2_niblack,OCR benchmark (HarfBuzz-shaped Bangla + English),validation (48 phrases; every choice made here),laptop (DESKTOP-EA33S9L),metrics,cer_bangla,1,0.12206515895774207,,0.12206515895774207,0.12206515895774207,,EXP_0119
OCR_BENCHMARK,OCR pipelines on the shaped Bangla + English benchmark,t2_niblack,OCR benchmark (HarfBuzz-shaped Bangla + English),validation (48 phrases; every choice made here),laptop (DESKTOP-EA33S9L),metrics,cer_clean,1,0.05848452280743947,,0.05848452280743947,0.05848452280743947,,EXP_0119
OCR_BENCHMARK,OCR pipelines on the shaped Bangla + English benchmark,t2_niblack,OCR benchmark (HarfBuzz-shaped Bangla + English),validation (48 phrases; every choice made here),laptop (DESKTOP-EA33S9L),metrics,cer_english,1,0.1274225388808722,,0.1274225388808722,0.1274225388808722,,EXP_0119
OCR_BENCHMARK,OCR pipelines on the shaped Bangla + English benchmark,t2_niblack,OCR benchmark (HarfBuzz-shaped Bangla + English),validation (48 phrases; every choice made here),laptop (DESKTOP-EA33S9L),metrics,cer_scene,1,0.25121855473451277,,0.25121855473451277,0.25121855473451277,,EXP_0119
OCR_BENCHMARK,OCR pipelines on the shaped Bangla + English benchmark,t2_niblack,OCR benchmark (HarfBuzz-shaped Bangla + English),validation (48 phrases; every choice made here),laptop (DESKTOP-EA33S9L),metrics,cer_seed_sd,1,0.007076965683323433,,0.007076965683323433,0.007076965683323433,,EXP_0119
OCR_BENCHMARK,OCR pipelines on the shaped Bangla + English benchmark,t2_niblack,OCR benchmark (HarfBuzz-shaped Bangla + English),validation (48 phrases; every choice made here),laptop (DESKTOP-EA33S9L),metrics,cer_wild,1,0.06452846921596922,,0.06452846921596922,0.06452846921596922,,EXP_0119
OCR_BENCHMARK,OCR pipelines on the shaped Bangla + English benchmark,t2_niblack,OCR benchmark (HarfBuzz-shaped Bangla + English),validation (48 phrases; every choice made here),laptop (DESKTOP-EA33S9L),metrics,exact_match,1,0.6365740740740741,,0.6365740740740741,0.6365740740740741,,EXP_0119
OCR_BENCHMARK,OCR pipelines on the shaped Bangla + English benchmark,t2_niblack,OCR benchmark (HarfBuzz-shaped Bangla + English),validation (48 phrases; every choice made here),laptop (DESKTOP-EA33S9L),metrics,wer,1,0.31539351851851855,,0.31539351851851855,0.31539351851851855,,EXP_0119
OCR_BENCHMARK,OCR pipelines on the shaped Bangla + English benchmark,t2_niblack,OCR benchmark (HarfBuzz-shaped Bangla + English),validation (48 phrases; every choice made here),laptop (DESKTOP-EA33S9L),performance,latency_ms_median_gpu,1,243.97330000647344,,243.97330000647344,243.97330000647344,,EXP_0119
OCR_BENCHMARK,OCR pipelines on the shaped Bangla + English benchmark,t2_no_upscale,OCR benchmark (HarfBuzz-shaped Bangla + English),validation (48 phrases; every choice made here),laptop (DESKTOP-EA33S9L),metrics,cer,1,0.04018361132331721,,0.04018361132331721,0.04018361132331721,,EXP_0120
OCR_BENCHMARK,OCR pipelines on the shaped Bangla + English benchmark,t2_no_upscale,OCR benchmark (HarfBuzz-shaped Bangla + English),validation (48 phrases; every choice made here),laptop (DESKTOP-EA33S9L),metrics,cer_bangla,1,0.039557588607833705,,0.039557588607833705,0.039557588607833705,,EXP_0120
OCR_BENCHMARK,OCR pipelines on the shaped Bangla + English benchmark,t2_no_upscale,OCR benchmark (HarfBuzz-shaped Bangla + English),validation (48 phrases; every choice made here),laptop (DESKTOP-EA33S9L),metrics,cer_clean,1,0.03985546554480378,,0.03985546554480378,0.03985546554480378,,EXP_0120
OCR_BENCHMARK,OCR pipelines on the shaped Bangla + English benchmark,t2_no_upscale,OCR benchmark (HarfBuzz-shaped Bangla + English),validation (48 phrases; every choice made here),laptop (DESKTOP-EA33S9L),metrics,cer_english,1,0.04080963403880071,,0.04080963403880071,0.04080963403880071,,EXP_0120
OCR_BENCHMARK,OCR pipelines on the shaped Bangla + English benchmark,t2_no_upscale,OCR benchmark (HarfBuzz-shaped Bangla + English),validation (48 phrases; every choice made here),laptop (DESKTOP-EA33S9L),metrics,cer_scene,1,0.07222700422761696,,0.07222700422761696,0.07222700422761696,,EXP_0120
OCR_BENCHMARK,OCR pipelines on the shaped Bangla + English benchmark,t2_no_upscale,OCR benchmark (HarfBuzz-shaped Bangla + English),validation (48 phrases; every choice made here),laptop (DESKTOP-EA33S9L),metrics,cer_seed_sd,1,0.007832472306392994,,0.007832472306392994,0.007832472306392994,,EXP_0120
OCR_BENCHMARK,OCR pipelines on the shaped Bangla + English benchmark,t2_no_upscale,OCR benchmark (HarfBuzz-shaped Bangla + English),validation (48 phrases; every choice made here),laptop (DESKTOP-EA33S9L),metrics,cer_wild,1,0.008468364197530866,,0.008468364197530866,0.008468364197530866,,EXP_0120
OCR_BENCHMARK,OCR pipelines on the shaped Bangla + English benchmark,t2_no_upscale,OCR benchmark (HarfBuzz-shaped Bangla + English),validation (48 phrases; every choice made here),laptop (DESKTOP-EA33S9L),metrics,exact_match,1,0.8912037037037037,,0.8912037037037037,0.8912037037037037,,EXP_0120
OCR_BENCHMARK,OCR pipelines on the shaped Bangla + English benchmark,t2_no_upscale,OCR benchmark (HarfBuzz-shaped Bangla + English),validation (48 phrases; every choice made here),laptop (DESKTOP-EA33S9L),metrics,wer,1,0.07137345679012344,,0.07137345679012344,0.07137345679012344,,EXP_0120
OCR_BENCHMARK,OCR pipelines on the shaped Bangla + English benchmark,t2_no_upscale,OCR benchmark (HarfBuzz-shaped Bangla + English),validation (48 phrases; every choice made here),laptop (DESKTOP-EA33S9L),performance,latency_ms_median_gpu,1,135.62044998980127,,135.62044998980127,135.62044998980127,,EXP_0120
OCR_BENCHMARK,OCR pipelines on the shaped Bangla + English benchmark,t2_perspective,OCR benchmark (HarfBuzz-shaped Bangla + English),validation (48 phrases; every choice made here),laptop (DESKTOP-EA33S9L),metrics,cer,1,0.0833005617370405,,0.0833005617370405,0.0833005617370405,,EXP_0121
OCR_BENCHMARK,OCR pipelines on the shaped Bangla + English benchmark,t2_perspective,OCR benchmark (HarfBuzz-shaped Bangla + English),validation (48 phrases; every choice made here),laptop (DESKTOP-EA33S9L),metrics,cer_bangla,1,0.09472244916485113,,0.09472244916485113,0.09472244916485113,,EXP_0121
OCR_BENCHMARK,OCR pipelines on the shaped Bangla + English benchmark,t2_perspective,OCR benchmark (HarfBuzz-shaped Bangla + English),validation (48 phrases; every choice made here),laptop (DESKTOP-EA33S9L),metrics,cer_clean,1,0.049208294428882665,,0.049208294428882665,0.049208294428882665,,EXP_0121
OCR_BENCHMARK,OCR pipelines on the shaped Bangla + English benchmark,t2_perspective,OCR benchmark (HarfBuzz-shaped Bangla + English),validation (48 phrases; every choice made here),laptop (DESKTOP-EA33S9L),metrics,cer_english,1,0.07187867430922987,,0.07187867430922987,0.07187867430922987,,EXP_0121
OCR_BENCHMARK,OCR pipelines on the shaped Bangla + English benchmark,t2_perspective,OCR benchmark (HarfBuzz-shaped Bangla + English),validation (48 phrases; every choice made here),laptop (DESKTOP-EA33S9L),metrics,cer_scene,1,0.1896360164436145,,0.1896360164436145,0.1896360164436145,,EXP_0121
OCR_BENCHMARK,OCR pipelines on the shaped Bangla + English benchmark,t2_perspective,OCR benchmark (HarfBuzz-shaped Bangla + English),validation (48 phrases; every choice made here),laptop (DESKTOP-EA33S9L),metrics,cer_seed_sd,1,0.008347842002778352,,0.008347842002778352,0.008347842002778352,,EXP_0121
OCR_BENCHMARK,OCR pipelines on the shaped Bangla + English benchmark,t2_perspective,OCR benchmark (HarfBuzz-shaped Bangla + English),validation (48 phrases; every choice made here),laptop (DESKTOP-EA33S9L),metrics,cer_wild,1,0.011057374338624339,,0.011057374338624339,0.011057374338624339,,EXP_0121
OCR_BENCHMARK,OCR pipelines on the shaped Bangla + English benchmark,t2_perspective,OCR benchmark (HarfBuzz-shaped Bangla + English),validation (48 phrases; every choice made here),laptop (DESKTOP-EA33S9L),metrics,exact_match,1,0.8379629629629629,,0.8379629629629629,0.8379629629629629,,EXP_0121
OCR_BENCHMARK,OCR pipelines on the shaped Bangla + English benchmark,t2_perspective,OCR benchmark (HarfBuzz-shaped Bangla + English),validation (48 phrases; every choice made here),laptop (DESKTOP-EA33S9L),metrics,wer,1,0.12962962962962962,,0.12962962962962962,0.12962962962962962,,EXP_0121
OCR_BENCHMARK,OCR pipelines on the shaped Bangla + English benchmark,t2_perspective,OCR benchmark (HarfBuzz-shaped Bangla + English),validation (48 phrases; every choice made here),laptop (DESKTOP-EA33S9L),performance,latency_ms_median_gpu,1,223.09159999713302,,223.09159999713302,223.09159999713302,,EXP_0121
OCR_BENCHMARK,OCR pipelines on the shaped Bangla + English benchmark,t2_prep,OCR benchmark (HarfBuzz-shaped Bangla + English),held-out test (48 phrases; read once per method),laptop (DESKTOP-EA33S9L),metrics,cer,1,0.03308795907856365,,0.03308795907856365,0.03308795907856365,,EXP_0097
OCR_BENCHMARK,OCR pipelines on the shaped Bangla + English benchmark,t2_prep,OCR benchmark (HarfBuzz-shaped Bangla + English),held-out test (48 phrases; read once per method),laptop (DESKTOP-EA33S9L),metrics,cer_bangla,1,0.04245638620638621,,0.04245638620638621,0.04245638620638621,,EXP_0097
OCR_BENCHMARK,OCR pipelines on the shaped Bangla + English benchmark,t2_prep,OCR benchmark (HarfBuzz-shaped Bangla + English),held-out test (48 phrases; read once per method),laptop (DESKTOP-EA33S9L),metrics,cer_clean,1,0.02643051393051393,,0.02643051393051393,0.02643051393051393,,EXP_0097
OCR_BENCHMARK,OCR pipelines on the shaped Bangla + English benchmark,t2_prep,OCR benchmark (HarfBuzz-shaped Bangla + English),held-out test (48 phrases; read once per method),laptop (DESKTOP-EA33S9L),metrics,cer_english,1,0.0237195319507411,,0.0237195319507411,0.0237195319507411,,EXP_0097
OCR_BENCHMARK,OCR pipelines on the shaped Bangla + English benchmark,t2_prep,OCR benchmark (HarfBuzz-shaped Bangla + English),held-out test (48 phrases; read once per method),laptop (DESKTOP-EA33S9L),metrics,cer_scene,1,0.04247324820241487,,0.04247324820241487,0.04247324820241487,,EXP_0097
OCR_BENCHMARK,OCR pipelines on the shaped Bangla + English benchmark,t2_prep,OCR benchmark (HarfBuzz-shaped Bangla + English),held-out test (48 phrases; read once per method),laptop (DESKTOP-EA33S9L),metrics,cer_seed_sd,1,0.0055312641003622195,,0.0055312641003622195,0.0055312641003622195,,EXP_0097
OCR_BENCHMARK,OCR pipelines on the shaped Bangla + English benchmark,t2_prep,OCR benchmark (HarfBuzz-shaped Bangla + English),held-out test (48 phrases; read once per method),laptop (DESKTOP-EA33S9L),metrics,cer_wild,1,0.030360115102762167,,0.030360115102762167,0.030360115102762167,,EXP_0097
OCR_BENCHMARK,OCR pipelines on the shaped Bangla + English benchmark,t2_prep,OCR benchmark (HarfBuzz-shaped Bangla + English),held-out test (48 phrases; read once per method),laptop (DESKTOP-EA33S9L),metrics,exact_match,1,0.8171296296296297,,0.8171296296296297,0.8171296296296297,,EXP_0097
OCR_BENCHMARK,OCR pipelines on the shaped Bangla + English benchmark,t2_prep,OCR benchmark (HarfBuzz-shaped Bangla + English),held-out test (48 phrases; read once per method),laptop (DESKTOP-EA33S9L),metrics,wer,1,0.11689814814814815,,0.11689814814814815,0.11689814814814815,,EXP_0097
OCR_BENCHMARK,OCR pipelines on the shaped Bangla + English benchmark,t2_prep,OCR benchmark (HarfBuzz-shaped Bangla + English),held-out test (48 phrases; read once per method),laptop (DESKTOP-EA33S9L),performance,latency_ms_median_gpu,1,228.58189999533352,,228.58189999533352,228.58189999533352,,EXP_0097
OCR_BENCHMARK,OCR pipelines on the shaped Bangla + English benchmark,t2_sauvola,OCR benchmark (HarfBuzz-shaped Bangla + English),validation (48 phrases; every choice made here),laptop (DESKTOP-EA33S9L),metrics,cer,1,0.0515976996005058,,0.0515976996005058,0.0515976996005058,,EXP_0122
OCR_BENCHMARK,OCR pipelines on the shaped Bangla + English benchmark,t2_sauvola,OCR benchmark (HarfBuzz-shaped Bangla + English),validation (48 phrases; every choice made here),laptop (DESKTOP-EA33S9L),metrics,cer_bangla,1,0.05238613259313388,,0.05238613259313388,0.05238613259313388,,EXP_0122
OCR_BENCHMARK,OCR pipelines on the shaped Bangla + English benchmark,t2_sauvola,OCR benchmark (HarfBuzz-shaped Bangla + English),validation (48 phrases; every choice made here),laptop (DESKTOP-EA33S9L),metrics,cer_clean,1,0.03642234671646437,,0.03642234671646437,0.03642234671646437,,EXP_0122
OCR_BENCHMARK,OCR pipelines on the shaped Bangla + English benchmark,t2_sauvola,OCR benchmark (HarfBuzz-shaped Bangla + English),validation (48 phrases; every choice made here),laptop (DESKTOP-EA33S9L),metrics,cer_english,1,0.05080926660787771,,0.05080926660787771,0.05080926660787771,,EXP_0122
OCR_BENCHMARK,OCR pipelines on the shaped Bangla + English benchmark,t2_sauvola,OCR benchmark (HarfBuzz-shaped Bangla + English),validation (48 phrases; every choice made here),laptop (DESKTOP-EA33S9L),metrics,cer_scene,1,0.07515681274339629,,0.07515681274339629,0.07515681274339629,,EXP_0122
OCR_BENCHMARK,OCR pipelines on the shaped Bangla + English benchmark,t2_sauvola,OCR benchmark (HarfBuzz-shaped Bangla + English),validation (48 phrases; every choice made here),laptop (DESKTOP-EA33S9L),metrics,cer_seed_sd,1,0.0076671267463885445,,0.0076671267463885445,0.0076671267463885445,,EXP_0122
OCR_BENCHMARK,OCR pipelines on the shaped Bangla + English benchmark,t2_sauvola,OCR benchmark (HarfBuzz-shaped Bangla + English),validation (48 phrases; every choice made here),laptop (DESKTOP-EA33S9L),metrics,cer_wild,1,0.04321393934165673,,0.04321393934165673,0.04321393934165673,,EXP_0122
OCR_BENCHMARK,OCR pipelines on the shaped Bangla + English benchmark,t2_sauvola,OCR benchmark (HarfBuzz-shaped Bangla + English),validation (48 phrases; every choice made here),laptop (DESKTOP-EA33S9L),metrics,exact_match,1,0.8148148148148148,,0.8148148148148148,0.8148148148148148,,EXP_0122
OCR_BENCHMARK,OCR pipelines on the shaped Bangla + English benchmark,t2_sauvola,OCR benchmark (HarfBuzz-shaped Bangla + English),validation (48 phrases; every choice made here),laptop (DESKTOP-EA33S9L),metrics,wer,1,0.12287808641975308,,0.12287808641975308,0.12287808641975308,,EXP_0122
OCR_BENCHMARK,OCR pipelines on the shaped Bangla + English benchmark,t2_sauvola,OCR benchmark (HarfBuzz-shaped Bangla + English),validation (48 phrases; every choice made here),laptop (DESKTOP-EA33S9L),performance,latency_ms_median_gpu,1,252.9822999931639,,252.9822999931639,252.9822999931639,,EXP_0122
OCR_BENCHMARK,OCR pipelines on the shaped Bangla + English benchmark,t2_unsharp,OCR benchmark (HarfBuzz-shaped Bangla + English),validation (48 phrases; every choice made here),laptop (DESKTOP-EA33S9L),metrics,cer,1,0.05859886987781986,,0.05859886987781986,0.05859886987781986,,EXP_0123
OCR_BENCHMARK,OCR pipelines on the shaped Bangla + English benchmark,t2_unsharp,OCR benchmark (HarfBuzz-shaped Bangla + English),validation (48 phrases; every choice made here),laptop (DESKTOP-EA33S9L),metrics,cer_bangla,1,0.0448505910196021,,0.0448505910196021,0.0448505910196021,,EXP_0123
OCR_BENCHMARK,OCR pipelines on the shaped Bangla + English benchmark,t2_unsharp,OCR benchmark (HarfBuzz-shaped Bangla + English),validation (48 phrases; every choice made here),laptop (DESKTOP-EA33S9L),metrics,cer_clean,1,0.05324669430061587,,0.05324669430061587,0.05324669430061587,,EXP_0123
OCR_BENCHMARK,OCR pipelines on the shaped Bangla + English benchmark,t2_unsharp,OCR benchmark (HarfBuzz-shaped Bangla + English),validation (48 phrases; every choice made here),laptop (DESKTOP-EA33S9L),metrics,cer_english,1,0.07234714873603762,,0.07234714873603762,0.07234714873603762,,EXP_0123
OCR_BENCHMARK,OCR pipelines on the shaped Bangla + English benchmark,t2_unsharp,OCR benchmark (HarfBuzz-shaped Bangla + English),validation (48 phrases; every choice made here),laptop (DESKTOP-EA33S9L),metrics,cer_scene,1,0.08933733316192821,,0.08933733316192821,0.08933733316192821,,EXP_0123
OCR_BENCHMARK,OCR pipelines on the shaped Bangla + English benchmark,t2_unsharp,OCR benchmark (HarfBuzz-shaped Bangla + English),validation (48 phrases; every choice made here),laptop (DESKTOP-EA33S9L),metrics,cer_seed_sd,1,0.005654828554697346,,0.005654828554697346,0.005654828554697346,,EXP_0123
OCR_BENCHMARK,OCR pipelines on the shaped Bangla + English benchmark,t2_unsharp,OCR benchmark (HarfBuzz-shaped Bangla + English),validation (48 phrases; every choice made here),laptop (DESKTOP-EA33S9L),metrics,cer_wild,1,0.03321258217091551,,0.03321258217091551,0.03321258217091551,,EXP_0123
OCR_BENCHMARK,OCR pipelines on the shaped Bangla + English benchmark,t2_unsharp,OCR benchmark (HarfBuzz-shaped Bangla + English),validation (48 phrases; every choice made here),laptop (DESKTOP-EA33S9L),metrics,exact_match,1,0.8240740740740741,,0.8240740740740741,0.8240740740740741,,EXP_0123
OCR_BENCHMARK,OCR pipelines on the shaped Bangla + English benchmark,t2_unsharp,OCR benchmark (HarfBuzz-shaped Bangla + English),validation (48 phrases; every choice made here),laptop (DESKTOP-EA33S9L),metrics,wer,1,0.13387345679012344,,0.13387345679012344,0.13387345679012344,,EXP_0123
OCR_BENCHMARK,OCR pipelines on the shaped Bangla + English benchmark,t2_unsharp,OCR benchmark (HarfBuzz-shaped Bangla + English),validation (48 phrases; every choice made here),laptop (DESKTOP-EA33S9L),performance,latency_ms_median_gpu,1,241.17735000618268,,241.17735000618268,241.17735000618268,,EXP_0123
OCR_BENCHMARK,OCR pipelines on the shaped Bangla + English benchmark,t3_paddle_en,OCR benchmark (HarfBuzz-shaped Bangla + English),held-out test (48 phrases; read once per method),laptop (DESKTOP-EA33S9L),metrics,cer,1,0.11038983483836426,,0.11038983483836426,0.11038983483836426,,EXP_0098
OCR_BENCHMARK,OCR pipelines on the shaped Bangla + English benchmark,t3_paddle_en,OCR benchmark (HarfBuzz-shaped Bangla + English),held-out test (48 phrases; read once per method),laptop (DESKTOP-EA33S9L),metrics,cer_clean,1,0.0,,0.0,0.0,,EXP_0098
OCR_BENCHMARK,OCR pipelines on the shaped Bangla + English benchmark,t3_paddle_en,OCR benchmark (HarfBuzz-shaped Bangla + English),held-out test (48 phrases; read once per method),laptop (DESKTOP-EA33S9L),metrics,cer_english,1,0.11038983483836426,,0.11038983483836426,0.11038983483836426,,EXP_0098
OCR_BENCHMARK,OCR pipelines on the shaped Bangla + English benchmark,t3_paddle_en,OCR benchmark (HarfBuzz-shaped Bangla + English),held-out test (48 phrases; read once per method),laptop (DESKTOP-EA33S9L),metrics,cer_scene,1,0.33116950451509275,,0.33116950451509275,0.33116950451509275,,EXP_0098
OCR_BENCHMARK,OCR pipelines on the shaped Bangla + English benchmark,t3_paddle_en,OCR benchmark (HarfBuzz-shaped Bangla + English),held-out test (48 phrases; read once per method),laptop (DESKTOP-EA33S9L),metrics,cer_seed_sd,1,0.043019254372305506,,0.043019254372305506,0.043019254372305506,,EXP_0098
OCR_BENCHMARK,OCR pipelines on the shaped Bangla + English benchmark,t3_paddle_en,OCR benchmark (HarfBuzz-shaped Bangla + English),held-out test (48 phrases; read once per method),laptop (DESKTOP-EA33S9L),metrics,cer_wild,1,0.0,,0.0,0.0,,EXP_0098
OCR_BENCHMARK,OCR pipelines on the shaped Bangla + English benchmark,t3_paddle_en,OCR benchmark (HarfBuzz-shaped Bangla + English),held-out test (48 phrases; read once per method),laptop (DESKTOP-EA33S9L),metrics,exact_match,1,0.9259259259259259,,0.9259259259259259,0.9259259259259259,,EXP_0098
OCR_BENCHMARK,OCR pipelines on the shaped Bangla + English benchmark,t3_paddle_en,OCR benchmark (HarfBuzz-shaped Bangla + English),held-out test (48 phrases; read once per method),laptop (DESKTOP-EA33S9L),metrics,wer,1,0.0952932098765432,,0.0952932098765432,0.0952932098765432,,EXP_0098
OCR_BENCHMARK,OCR pipelines on the shaped Bangla + English benchmark,t3_paddle_en,OCR benchmark (HarfBuzz-shaped Bangla + English),held-out test (48 phrases; read once per method),laptop (DESKTOP-EA33S9L),performance,latency_ms_median_gpu,1,1571.831800014479,,1571.831800014479,1571.831800014479,,EXP_0098
OCR_BENCHMARK,OCR pipelines on the shaped Bangla + English benchmark,t3_paddle_en,OCR benchmark (HarfBuzz-shaped Bangla + English),validation (48 phrases; every choice made here),laptop (DESKTOP-EA33S9L),metrics,cer,1,0.4344365446796002,,0.4344365446796002,0.4344365446796002,,EXP_0124
OCR_BENCHMARK,OCR pipelines on the shaped Bangla + English benchmark,t3_paddle_en,OCR benchmark (HarfBuzz-shaped Bangla + English),validation (48 phrases; every choice made here),laptop (DESKTOP-EA33S9L),metrics,cer_clean,1,0.0,,0.0,0.0,,EXP_0124
OCR_BENCHMARK,OCR pipelines on the shaped Bangla + English benchmark,t3_paddle_en,OCR benchmark (HarfBuzz-shaped Bangla + English),validation (48 phrases; every choice made here),laptop (DESKTOP-EA33S9L),metrics,cer_english,1,0.4344365446796002,,0.4344365446796002,0.4344365446796002,,EXP_0124
OCR_BENCHMARK,OCR pipelines on the shaped Bangla + English benchmark,t3_paddle_en,OCR benchmark (HarfBuzz-shaped Bangla + English),validation (48 phrases; every choice made here),laptop (DESKTOP-EA33S9L),metrics,cer_scene,1,1.3033096340388006,,1.3033096340388006,1.3033096340388006,,EXP_0124
OCR_BENCHMARK,OCR pipelines on the shaped Bangla + English benchmark,t3_paddle_en,OCR benchmark (HarfBuzz-shaped Bangla + English),validation (48 phrases; every choice made here),laptop (DESKTOP-EA33S9L),metrics,cer_seed_sd,1,0.42076760017431875,,0.42076760017431875,0.42076760017431875,,EXP_0124
OCR_BENCHMARK,OCR pipelines on the shaped Bangla + English benchmark,t3_paddle_en,OCR benchmark (HarfBuzz-shaped Bangla + English),validation (48 phrases; every choice made here),laptop (DESKTOP-EA33S9L),metrics,cer_wild,1,0.0,,0.0,0.0,,EXP_0124
OCR_BENCHMARK,OCR pipelines on the shaped Bangla + English benchmark,t3_paddle_en,OCR benchmark (HarfBuzz-shaped Bangla + English),validation (48 phrases; every choice made here),laptop (DESKTOP-EA33S9L),metrics,exact_match,1,0.9120370370370371,,0.9120370370370371,0.9120370370370371,,EXP_0124
OCR_BENCHMARK,OCR pipelines on the shaped Bangla + English benchmark,t3_paddle_en,OCR benchmark (HarfBuzz-shaped Bangla + English),validation (48 phrases; every choice made here),laptop (DESKTOP-EA33S9L),metrics,wer,1,0.459104938271605,,0.459104938271605,0.459104938271605,,EXP_0124
OCR_BENCHMARK,OCR pipelines on the shaped Bangla + English benchmark,t3_paddle_en,OCR benchmark (HarfBuzz-shaped Bangla + English),validation (48 phrases; every choice made here),laptop (DESKTOP-EA33S9L),performance,latency_ms_median_gpu,1,1435.1919000037014,,1435.1919000037014,1435.1919000037014,,EXP_0124
OCR_BENCHMARK,OCR pipelines on the shaped Bangla + English benchmark,t3_tesseract_block_psm6,OCR benchmark (HarfBuzz-shaped Bangla + English),validation (48 phrases; every choice made here),laptop (DESKTOP-EA33S9L),metrics,cer,1,0.26332819536588364,,0.26332819536588364,0.26332819536588364,,EXP_0125
OCR_BENCHMARK,OCR pipelines on the shaped Bangla + English benchmark,t3_tesseract_block_psm6,OCR benchmark (HarfBuzz-shaped Bangla + English),validation (48 phrases; every choice made here),laptop (DESKTOP-EA33S9L),metrics,cer_bangla,1,0.30375283466848896,,0.30375283466848896,0.30375283466848896,,EXP_0125
OCR_BENCHMARK,OCR pipelines on the shaped Bangla + English benchmark,t3_tesseract_block_psm6,OCR benchmark (HarfBuzz-shaped Bangla + English),validation (48 phrases; every choice made here),laptop (DESKTOP-EA33S9L),metrics,cer_clean,1,0.10121906058207208,,0.10121906058207208,0.10121906058207208,,EXP_0125
OCR_BENCHMARK,OCR pipelines on the shaped Bangla + English benchmark,t3_tesseract_block_psm6,OCR benchmark (HarfBuzz-shaped Bangla + English),validation (48 phrases; every choice made here),laptop (DESKTOP-EA33S9L),metrics,cer_english,1,0.2229035560632783,,0.2229035560632783,0.2229035560632783,,EXP_0125
OCR_BENCHMARK,OCR pipelines on the shaped Bangla + English benchmark,t3_tesseract_block_psm6,OCR benchmark (HarfBuzz-shaped Bangla + English),validation (48 phrases; every choice made here),laptop (DESKTOP-EA33S9L),metrics,cer_scene,1,0.570066418136937,,0.570066418136937,0.570066418136937,,EXP_0125
OCR_BENCHMARK,OCR pipelines on the shaped Bangla + English benchmark,t3_tesseract_block_psm6,OCR benchmark (HarfBuzz-shaped Bangla + English),validation (48 phrases; every choice made here),laptop (DESKTOP-EA33S9L),metrics,cer_seed_sd,1,0.07651517011279742,,0.07651517011279742,0.07651517011279742,,EXP_0125
OCR_BENCHMARK,OCR pipelines on the shaped Bangla + English benchmark,t3_tesseract_block_psm6,OCR benchmark (HarfBuzz-shaped Bangla + English),validation (48 phrases; every choice made here),laptop (DESKTOP-EA33S9L),metrics,cer_wild,1,0.1186991073786417,,0.1186991073786417,0.1186991073786417,,EXP_0125
OCR_BENCHMARK,OCR pipelines on the shaped Bangla + English benchmark,t3_tesseract_block_psm6,OCR benchmark (HarfBuzz-shaped Bangla + English),validation (48 phrases; every choice made here),laptop (DESKTOP-EA33S9L),metrics,exact_match,1,0.5833333333333334,,0.5833333333333334,0.5833333333333334,,EXP_0125
OCR_BENCHMARK,OCR pipelines on the shaped Bangla + English benchmark,t3_tesseract_block_psm6,OCR benchmark (HarfBuzz-shaped Bangla + English),validation (48 phrases; every choice made here),laptop (DESKTOP-EA33S9L),metrics,wer,1,0.49421296296296297,,0.49421296296296297,0.49421296296296297,,EXP_0125
OCR_BENCHMARK,OCR pipelines on the shaped Bangla + English benchmark,t3_tesseract_block_psm6,OCR benchmark (HarfBuzz-shaped Bangla + English),validation (48 phrases; every choice made here),laptop (DESKTOP-EA33S9L),performance,latency_ms_median_gpu,1,348.6986999923829,,348.6986999923829,348.6986999923829,,EXP_0125
OCR_BENCHMARK,OCR pipelines on the shaped Bangla + English benchmark,t3_tesseract_block_psm7,OCR benchmark (HarfBuzz-shaped Bangla + English),held-out test (48 phrases; read once per method),laptop (DESKTOP-EA33S9L),metrics,cer,1,0.16582192191201695,,0.16582192191201695,0.16582192191201695,,EXP_0099
OCR_BENCHMARK,OCR pipelines on the shaped Bangla + English benchmark,t3_tesseract_block_psm7,OCR benchmark (HarfBuzz-shaped Bangla + English),held-out test (48 phrases; read once per method),laptop (DESKTOP-EA33S9L),metrics,cer_bangla,1,0.1849175901259235,,0.1849175901259235,0.1849175901259235,,EXP_0099
OCR_BENCHMARK,OCR pipelines on the shaped Bangla + English benchmark,t3_tesseract_block_psm7,OCR benchmark (HarfBuzz-shaped Bangla + English),held-out test (48 phrases; read once per method),laptop (DESKTOP-EA33S9L),metrics,cer_clean,1,0.07428044450103273,,0.07428044450103273,0.07428044450103273,,EXP_0099
OCR_BENCHMARK,OCR pipelines on the shaped Bangla + English benchmark,t3_tesseract_block_psm7,OCR benchmark (HarfBuzz-shaped Bangla + English),held-out test (48 phrases; read once per method),laptop (DESKTOP-EA33S9L),metrics,cer_english,1,0.14672625369811043,,0.14672625369811043,0.14672625369811043,,EXP_0099
OCR_BENCHMARK,OCR pipelines on the shaped Bangla + English benchmark,t3_tesseract_block_psm7,OCR benchmark (HarfBuzz-shaped Bangla + English),held-out test (48 phrases; read once per method),laptop (DESKTOP-EA33S9L),metrics,cer_scene,1,0.32529517239511435,,0.32529517239511435,0.32529517239511435,,EXP_0099
OCR_BENCHMARK,OCR pipelines on the shaped Bangla + English benchmark,t3_tesseract_block_psm7,OCR benchmark (HarfBuzz-shaped Bangla + English),held-out test (48 phrases; read once per method),laptop (DESKTOP-EA33S9L),metrics,cer_seed_sd,1,0.03100514120801458,,0.03100514120801458,0.03100514120801458,,EXP_0099
OCR_BENCHMARK,OCR pipelines on the shaped Bangla + English benchmark,t3_tesseract_block_psm7,OCR benchmark (HarfBuzz-shaped Bangla + English),held-out test (48 phrases; read once per method),laptop (DESKTOP-EA33S9L),metrics,cer_wild,1,0.09789014883990374,,0.09789014883990374,0.09789014883990374,,EXP_0099
OCR_BENCHMARK,OCR pipelines on the shaped Bangla + English benchmark,t3_tesseract_block_psm7,OCR benchmark (HarfBuzz-shaped Bangla + English),held-out test (48 phrases; read once per method),laptop (DESKTOP-EA33S9L),metrics,exact_match,1,0.625,,0.625,0.625,,EXP_0099
OCR_BENCHMARK,OCR pipelines on the shaped Bangla + English benchmark,t3_tesseract_block_psm7,OCR benchmark (HarfBuzz-shaped Bangla + English),held-out test (48 phrases; read once per method),laptop (DESKTOP-EA33S9L),metrics,wer,1,0.34394290123456783,,0.34394290123456783,0.34394290123456783,,EXP_0099
OCR_BENCHMARK,OCR pipelines on the shaped Bangla + English benchmark,t3_tesseract_block_psm7,OCR benchmark (HarfBuzz-shaped Bangla + English),held-out test (48 phrases; read once per method),laptop (DESKTOP-EA33S9L),performance,latency_ms_median_gpu,1,305.872349999845,,305.872349999845,305.872349999845,,EXP_0099
OCR_BENCHMARK,OCR pipelines on the shaped Bangla + English benchmark,t3_tesseract_block_psm7,OCR benchmark (HarfBuzz-shaped Bangla + English),validation (48 phrases; every choice made here),laptop (DESKTOP-EA33S9L),metrics,cer,1,0.23398843533167912,,0.23398843533167912,0.23398843533167912,,EXP_0126
OCR_BENCHMARK,OCR pipelines on the shaped Bangla + English benchmark,t3_tesseract_block_psm7,OCR benchmark (HarfBuzz-shaped Bangla + English),validation (48 phrases; every choice made here),laptop (DESKTOP-EA33S9L),metrics,cer_bangla,1,0.25899067938550036,,0.25899067938550036,0.25899067938550036,,EXP_0126
OCR_BENCHMARK,OCR pipelines on the shaped Bangla + English benchmark,t3_tesseract_block_psm7,OCR benchmark (HarfBuzz-shaped Bangla + English),validation (48 phrases; every choice made here),laptop (DESKTOP-EA33S9L),metrics,cer_clean,1,0.09553724240025391,,0.09553724240025391,0.09553724240025391,,EXP_0126
OCR_BENCHMARK,OCR pipelines on the shaped Bangla + English benchmark,t3_tesseract_block_psm7,OCR benchmark (HarfBuzz-shaped Bangla + English),validation (48 phrases; every choice made here),laptop (DESKTOP-EA33S9L),metrics,cer_english,1,0.20898619127785792,,0.20898619127785792,0.20898619127785792,,EXP_0126
OCR_BENCHMARK,OCR pipelines on the shaped Bangla + English benchmark,t3_tesseract_block_psm7,OCR benchmark (HarfBuzz-shaped Bangla + English),validation (48 phrases; every choice made here),laptop (DESKTOP-EA33S9L),metrics,cer_scene,1,0.48772895621614193,,0.48772895621614193,0.48772895621614193,,EXP_0126
OCR_BENCHMARK,OCR pipelines on the shaped Bangla + English benchmark,t3_tesseract_block_psm7,OCR benchmark (HarfBuzz-shaped Bangla + English),validation (48 phrases; every choice made here),laptop (DESKTOP-EA33S9L),metrics,cer_seed_sd,1,0.0391687709882582,,0.0391687709882582,0.0391687709882582,,EXP_0126
OCR_BENCHMARK,OCR pipelines on the shaped Bangla + English benchmark,t3_tesseract_block_psm7,OCR benchmark (HarfBuzz-shaped Bangla + English),validation (48 phrases; every choice made here),laptop (DESKTOP-EA33S9L),metrics,cer_wild,1,0.1186991073786417,,0.1186991073786417,0.1186991073786417,,EXP_0126
OCR_BENCHMARK,OCR pipelines on the shaped Bangla + English benchmark,t3_tesseract_block_psm7,OCR benchmark (HarfBuzz-shaped Bangla + English),validation (48 phrases; every choice made here),laptop (DESKTOP-EA33S9L),metrics,exact_match,1,0.5902777777777778,,0.5902777777777778,0.5902777777777778,,EXP_0126
OCR_BENCHMARK,OCR pipelines on the shaped Bangla + English benchmark,t3_tesseract_block_psm7,OCR benchmark (HarfBuzz-shaped Bangla + English),validation (48 phrases; every choice made here),laptop (DESKTOP-EA33S9L),metrics,wer,1,0.3977623456790123,,0.3977623456790123,0.3977623456790123,,EXP_0126
OCR_BENCHMARK,OCR pipelines on the shaped Bangla + English benchmark,t3_tesseract_block_psm7,OCR benchmark (HarfBuzz-shaped Bangla + English),validation (48 phrases; every choice made here),laptop (DESKTOP-EA33S9L),performance,latency_ms_median_gpu,1,310.7031499966979,,310.7031499966979,310.7031499966979,,EXP_0126
OCR_BENCHMARK,OCR pipelines on the shaped Bangla + English benchmark,t3_tesseract_frame_psm11,OCR benchmark (HarfBuzz-shaped Bangla + English),validation (48 phrases; every choice made here),laptop (DESKTOP-EA33S9L),metrics,cer,1,1.0550001669713411,,1.0550001669713411,1.0550001669713411,,EXP_0127
OCR_BENCHMARK,OCR pipelines on the shaped Bangla + English benchmark,t3_tesseract_frame_psm11,OCR benchmark (HarfBuzz-shaped Bangla + English),validation (48 phrases; every choice made here),laptop (DESKTOP-EA33S9L),metrics,cer_bangla,1,1.0863483878949032,,1.0863483878949032,1.0863483878949032,,EXP_0127
OCR_BENCHMARK,OCR pipelines on the shaped Bangla + English benchmark,t3_tesseract_frame_psm11,OCR benchmark (HarfBuzz-shaped Bangla + English),validation (48 phrases; every choice made here),laptop (DESKTOP-EA33S9L),metrics,cer_clean,1,0.0935947204968944,,0.0935947204968944,0.0935947204968944,,EXP_0127
OCR_BENCHMARK,OCR pipelines on the shaped Bangla + English benchmark,t3_tesseract_frame_psm11,OCR benchmark (HarfBuzz-shaped Bangla + English),validation (48 phrases; every choice made here),laptop (DESKTOP-EA33S9L),metrics,cer_english,1,1.0236519460477795,,1.0236519460477795,1.0236519460477795,,EXP_0127
OCR_BENCHMARK,OCR pipelines on the shaped Bangla + English benchmark,t3_tesseract_frame_psm11,OCR benchmark (HarfBuzz-shaped Bangla + English),validation (48 phrases; every choice made here),laptop (DESKTOP-EA33S9L),metrics,cer_scene,1,2.945072006166688,,2.945072006166688,2.945072006166688,,EXP_0127
OCR_BENCHMARK,OCR pipelines on the shaped Bangla + English benchmark,t3_tesseract_frame_psm11,OCR benchmark (HarfBuzz-shaped Bangla + English),validation (48 phrases; every choice made here),laptop (DESKTOP-EA33S9L),metrics,cer_seed_sd,1,0.11661269002654762,,0.11661269002654762,0.11661269002654762,,EXP_0127
OCR_BENCHMARK,OCR pipelines on the shaped Bangla + English benchmark,t3_tesseract_frame_psm11,OCR benchmark (HarfBuzz-shaped Bangla + English),validation (48 phrases; every choice made here),laptop (DESKTOP-EA33S9L),metrics,cer_wild,1,0.12633377425044093,,0.12633377425044093,0.12633377425044093,,EXP_0127
OCR_BENCHMARK,OCR pipelines on the shaped Bangla + English benchmark,t3_tesseract_frame_psm11,OCR benchmark (HarfBuzz-shaped Bangla + English),validation (48 phrases; every choice made here),laptop (DESKTOP-EA33S9L),metrics,exact_match,1,0.5555555555555556,,0.5555555555555556,0.5555555555555556,,EXP_0127
OCR_BENCHMARK,OCR pipelines on the shaped Bangla + English benchmark,t3_tesseract_frame_psm11,OCR benchmark (HarfBuzz-shaped Bangla + English),validation (48 phrases; every choice made here),laptop (DESKTOP-EA33S9L),metrics,wer,1,1.9643132716049383,,1.9643132716049383,1.9643132716049383,,EXP_0127
OCR_BENCHMARK,OCR pipelines on the shaped Bangla + English benchmark,t3_tesseract_frame_psm11,OCR benchmark (HarfBuzz-shaped Bangla + English),validation (48 phrases; every choice made here),laptop (DESKTOP-EA33S9L),performance,latency_ms_median_gpu,1,61.127199995098636,,61.127199995098636,61.127199995098636,,EXP_0127
OCR_BENCHMARK,OCR pipelines on the shaped Bangla + English benchmark,t3_tesseract_frame_psm3,OCR benchmark (HarfBuzz-shaped Bangla + English),validation (48 phrases; every choice made here),laptop (DESKTOP-EA33S9L),metrics,cer,1,0.41829302722467504,,0.41829302722467504,0.41829302722467504,,EXP_0128
OCR_BENCHMARK,OCR pipelines on the shaped Bangla + English benchmark,t3_tesseract_frame_psm3,OCR benchmark (HarfBuzz-shaped Bangla + English),validation (48 phrases; every choice made here),laptop (DESKTOP-EA33S9L),metrics,cer_bangla,1,0.48922220430772223,,0.48922220430772223,0.48922220430772223,,EXP_0128
OCR_BENCHMARK,OCR pipelines on the shaped Bangla + English benchmark,t3_tesseract_frame_psm3,OCR benchmark (HarfBuzz-shaped Bangla + English),validation (48 phrases; every choice made here),laptop (DESKTOP-EA33S9L),metrics,cer_clean,1,0.11385498685091076,,0.11385498685091076,0.11385498685091076,,EXP_0128
OCR_BENCHMARK,OCR pipelines on the shaped Bangla + English benchmark,t3_tesseract_frame_psm3,OCR benchmark (HarfBuzz-shaped Bangla + English),validation (48 phrases; every choice made here),laptop (DESKTOP-EA33S9L),metrics,cer_english,1,0.3473638501416279,,0.3473638501416279,0.3473638501416279,,EXP_0128
OCR_BENCHMARK,OCR pipelines on the shaped Bangla + English benchmark,t3_tesseract_frame_psm3,OCR benchmark (HarfBuzz-shaped Bangla + English),validation (48 phrases; every choice made here),laptop (DESKTOP-EA33S9L),metrics,cer_scene,1,0.9376272358782481,,0.9376272358782481,0.9376272358782481,,EXP_0128
OCR_BENCHMARK,OCR pipelines on the shaped Bangla + English benchmark,t3_tesseract_frame_psm3,OCR benchmark (HarfBuzz-shaped Bangla + English),validation (48 phrases; every choice made here),laptop (DESKTOP-EA33S9L),metrics,cer_seed_sd,1,0.009847318912075924,,0.009847318912075924,0.009847318912075924,,EXP_0128
OCR_BENCHMARK,OCR pipelines on the shaped Bangla + English benchmark,t3_tesseract_frame_psm3,OCR benchmark (HarfBuzz-shaped Bangla + English),validation (48 phrases; every choice made here),laptop (DESKTOP-EA33S9L),metrics,cer_wild,1,0.20339685894486617,,0.20339685894486617,0.20339685894486617,,EXP_0128
OCR_BENCHMARK,OCR pipelines on the shaped Bangla + English benchmark,t3_tesseract_frame_psm3,OCR benchmark (HarfBuzz-shaped Bangla + English),validation (48 phrases; every choice made here),laptop (DESKTOP-EA33S9L),metrics,exact_match,1,0.5277777777777778,,0.5277777777777778,0.5277777777777778,,EXP_0128
OCR_BENCHMARK,OCR pipelines on the shaped Bangla + English benchmark,t3_tesseract_frame_psm3,OCR benchmark (HarfBuzz-shaped Bangla + English),validation (48 phrases; every choice made here),laptop (DESKTOP-EA33S9L),metrics,wer,1,0.4976851851851852,,0.4976851851851852,0.4976851851851852,,EXP_0128
OCR_BENCHMARK,OCR pipelines on the shaped Bangla + English benchmark,t3_tesseract_frame_psm3,OCR benchmark (HarfBuzz-shaped Bangla + English),validation (48 phrases; every choice made here),laptop (DESKTOP-EA33S9L),performance,latency_ms_median_gpu,1,33.27664999233093,,33.27664999233093,33.27664999233093,,EXP_0128
OCR_BENCHMARK,OCR pipelines on the shaped Bangla + English benchmark,t3_tesseract_frame_psm6,OCR benchmark (HarfBuzz-shaped Bangla + English),validation (48 phrases; every choice made here),laptop (DESKTOP-EA33S9L),metrics,cer,1,0.8487935300565842,,0.8487935300565842,0.8487935300565842,,EXP_0129
OCR_BENCHMARK,OCR pipelines on the shaped Bangla + English benchmark,t3_tesseract_frame_psm6,OCR benchmark (HarfBuzz-shaped Bangla + English),validation (48 phrases; every choice made here),laptop (DESKTOP-EA33S9L),metrics,cer_bangla,1,0.8184366773169524,,0.8184366773169524,0.8184366773169524,,EXP_0129
OCR_BENCHMARK,OCR pipelines on the shaped Bangla + English benchmark,t3_tesseract_frame_psm6,OCR benchmark (HarfBuzz-shaped Bangla + English),validation (48 phrases; every choice made here),laptop (DESKTOP-EA33S9L),metrics,cer_clean,1,0.0805795238879478,,0.0805795238879478,0.0805795238879478,,EXP_0129
OCR_BENCHMARK,OCR pipelines on the shaped Bangla + English benchmark,t3_tesseract_frame_psm6,OCR benchmark (HarfBuzz-shaped Bangla + English),validation (48 phrases; every choice made here),laptop (DESKTOP-EA33S9L),metrics,cer_english,1,0.8791503827962162,,0.8791503827962162,0.8791503827962162,,EXP_0129
OCR_BENCHMARK,OCR pipelines on the shaped Bangla + English benchmark,t3_tesseract_frame_psm6,OCR benchmark (HarfBuzz-shaped Bangla + English),validation (48 phrases; every choice made here),laptop (DESKTOP-EA33S9L),metrics,cer_scene,1,2.359130397813129,,2.359130397813129,2.359130397813129,,EXP_0129
OCR_BENCHMARK,OCR pipelines on the shaped Bangla + English benchmark,t3_tesseract_frame_psm6,OCR benchmark (HarfBuzz-shaped Bangla + English),validation (48 phrases; every choice made here),laptop (DESKTOP-EA33S9L),metrics,cer_seed_sd,1,0.06853754014890148,,0.06853754014890148,0.06853754014890148,,EXP_0129
OCR_BENCHMARK,OCR pipelines on the shaped Bangla + English benchmark,t3_tesseract_frame_psm6,OCR benchmark (HarfBuzz-shaped Bangla + English),validation (48 phrases; every choice made here),laptop (DESKTOP-EA33S9L),metrics,cer_wild,1,0.10667066846867572,,0.10667066846867572,0.10667066846867572,,EXP_0129
OCR_BENCHMARK,OCR pipelines on the shaped Bangla + English benchmark,t3_tesseract_frame_psm6,OCR benchmark (HarfBuzz-shaped Bangla + English),validation (48 phrases; every choice made here),laptop (DESKTOP-EA33S9L),metrics,exact_match,1,0.5625,,0.5625,0.5625,,EXP_0129
OCR_BENCHMARK,OCR pipelines on the shaped Bangla + English benchmark,t3_tesseract_frame_psm6,OCR benchmark (HarfBuzz-shaped Bangla + English),validation (48 phrases; every choice made here),laptop (DESKTOP-EA33S9L),metrics,wer,1,1.5007716049382713,,1.5007716049382713,1.5007716049382713,,EXP_0129
OCR_BENCHMARK,OCR pipelines on the shaped Bangla + English benchmark,t3_tesseract_frame_psm6,OCR benchmark (HarfBuzz-shaped Bangla + English),validation (48 phrases; every choice made here),laptop (DESKTOP-EA33S9L),performance,latency_ms_median_gpu,1,60.16365000687074,,60.16365000687074,60.16365000687074,,EXP_0129
OCR_BENCHMARK,OCR pipelines on the shaped Bangla + English benchmark,t3_trocr_block_oracle_lang,OCR benchmark (HarfBuzz-shaped Bangla + English),validation (48 phrases; every choice made here),laptop (DESKTOP-EA33S9L),metrics,cer,1,0.7804728861607592,,0.7804728861607592,0.7804728861607592,,EXP_0130
OCR_BENCHMARK,OCR pipelines on the shaped Bangla + English benchmark,t3_trocr_block_oracle_lang,OCR benchmark (HarfBuzz-shaped Bangla + English),validation (48 phrases; every choice made here),laptop (DESKTOP-EA33S9L),metrics,cer_bangla,1,0.7960610621243082,,0.7960610621243082,0.7960610621243082,,EXP_0130
OCR_BENCHMARK,OCR pipelines on the shaped Bangla + English benchmark,t3_trocr_block_oracle_lang,OCR benchmark (HarfBuzz-shaped Bangla + English),validation (48 phrases; every choice made here),laptop (DESKTOP-EA33S9L),metrics,cer_clean,1,0.7485855616126557,,0.7485855616126557,0.7485855616126557,,EXP_0130
OCR_BENCHMARK,OCR pipelines on the shaped Bangla + English benchmark,t3_trocr_block_oracle_lang,OCR benchmark (HarfBuzz-shaped Bangla + English),validation (48 phrases; every choice made here),laptop (DESKTOP-EA33S9L),metrics,cer_english,1,0.7648847101972102,,0.7648847101972102,0.7648847101972102,,EXP_0130
OCR_BENCHMARK,OCR pipelines on the shaped Bangla + English benchmark,t3_trocr_block_oracle_lang,OCR benchmark (HarfBuzz-shaped Bangla + English),validation (48 phrases; every choice made here),laptop (DESKTOP-EA33S9L),metrics,cer_scene,1,0.8144114542775828,,0.8144114542775828,0.8144114542775828,,EXP_0130
OCR_BENCHMARK,OCR pipelines on the shaped Bangla + English benchmark,t3_trocr_block_oracle_lang,OCR benchmark (HarfBuzz-shaped Bangla + English),validation (48 phrases; every choice made here),laptop (DESKTOP-EA33S9L),metrics,cer_seed_sd,1,0.02246560756261358,,0.02246560756261358,0.02246560756261358,,EXP_0130
OCR_BENCHMARK,OCR pipelines on the shaped Bangla + English benchmark,t3_trocr_block_oracle_lang,OCR benchmark (HarfBuzz-shaped Bangla + English),validation (48 phrases; every choice made here),laptop (DESKTOP-EA33S9L),metrics,cer_wild,1,0.778421642592039,,0.778421642592039,0.778421642592039,,EXP_0130
OCR_BENCHMARK,OCR pipelines on the shaped Bangla + English benchmark,t3_trocr_block_oracle_lang,OCR benchmark (HarfBuzz-shaped Bangla + English),validation (48 phrases; every choice made here),laptop (DESKTOP-EA33S9L),metrics,exact_match,1,0.03009259259259259,,0.03009259259259259,0.03009259259259259,,EXP_0130
OCR_BENCHMARK,OCR pipelines on the shaped Bangla + English benchmark,t3_trocr_block_oracle_lang,OCR benchmark (HarfBuzz-shaped Bangla + English),validation (48 phrases; every choice made here),laptop (DESKTOP-EA33S9L),metrics,wer,1,0.9552469135802469,,0.9552469135802469,0.9552469135802469,,EXP_0130
OCR_BENCHMARK,OCR pipelines on the shaped Bangla + English benchmark,t3_trocr_block_oracle_lang,OCR benchmark (HarfBuzz-shaped Bangla + English),validation (48 phrases; every choice made here),laptop (DESKTOP-EA33S9L),performance,latency_ms_median_gpu,1,456.879849996767,,456.879849996767,456.879849996767,,EXP_0130
OCR_BENCHMARK,OCR pipelines on the shaped Bangla + English benchmark,t4_cfg00,OCR benchmark (HarfBuzz-shaped Bangla + English),validation (48 phrases; every choice made here),laptop (DESKTOP-EA33S9L),metrics,cer,1,0.033665796403834554,,0.033665796403834554,0.033665796403834554,,EXP_0131
OCR_BENCHMARK,OCR pipelines on the shaped Bangla + English benchmark,t4_cfg00,OCR benchmark (HarfBuzz-shaped Bangla + English),validation (48 phrases; every choice made here),laptop (DESKTOP-EA33S9L),metrics,cer_bangla,1,0.031868078698321665,,0.031868078698321665,0.031868078698321665,,EXP_0131
OCR_BENCHMARK,OCR pipelines on the shaped Bangla + English benchmark,t4_cfg00,OCR benchmark (HarfBuzz-shaped Bangla + English),validation (48 phrases; every choice made here),laptop (DESKTOP-EA33S9L),metrics,cer_clean,1,0.028654667885672787,,0.028654667885672787,0.028654667885672787,,EXP_0131
OCR_BENCHMARK,OCR pipelines on the shaped Bangla + English benchmark,t4_cfg00,OCR benchmark (HarfBuzz-shaped Bangla + English),validation (48 phrases; every choice made here),laptop (DESKTOP-EA33S9L),metrics,cer_english,1,0.03546351410934744,,0.03546351410934744,0.03546351410934744,,EXP_0131
OCR_BENCHMARK,OCR pipelines on the shaped Bangla + English benchmark,t4_cfg00,OCR benchmark (HarfBuzz-shaped Bangla + English),validation (48 phrases; every choice made here),laptop (DESKTOP-EA33S9L),metrics,cer_scene,1,0.06386997300933256,,0.06386997300933256,0.06386997300933256,,EXP_0131
OCR_BENCHMARK,OCR pipelines on the shaped Bangla + English benchmark,t4_cfg00,OCR benchmark (HarfBuzz-shaped Bangla + English),validation (48 phrases; every choice made here),laptop (DESKTOP-EA33S9L),metrics,cer_seed_sd,1,0.008921704996203855,,0.008921704996203855,0.008921704996203855,,EXP_0131
OCR_BENCHMARK,OCR pipelines on the shaped Bangla + English benchmark,t4_cfg00,OCR benchmark (HarfBuzz-shaped Bangla + English),validation (48 phrases; every choice made here),laptop (DESKTOP-EA33S9L),metrics,cer_wild,1,0.008472748316498318,,0.008472748316498318,0.008472748316498318,,EXP_0131
OCR_BENCHMARK,OCR pipelines on the shaped Bangla + English benchmark,t4_cfg00,OCR benchmark (HarfBuzz-shaped Bangla + English),validation (48 phrases; every choice made here),laptop (DESKTOP-EA33S9L),metrics,exact_match,1,0.8865740740740741,,0.8865740740740741,0.8865740740740741,,EXP_0131
OCR_BENCHMARK,OCR pipelines on the shaped Bangla + English benchmark,t4_cfg00,OCR benchmark (HarfBuzz-shaped Bangla + English),validation (48 phrases; every choice made here),laptop (DESKTOP-EA33S9L),metrics,wer,1,0.07600308641975308,,0.07600308641975308,0.07600308641975308,,EXP_0131
OCR_BENCHMARK,OCR pipelines on the shaped Bangla + English benchmark,t4_cfg00,OCR benchmark (HarfBuzz-shaped Bangla + English),validation (48 phrases; every choice made here),laptop (DESKTOP-EA33S9L),performance,latency_ms_median_gpu,1,223.39900000952184,,223.39900000952184,223.39900000952184,,EXP_0131
OCR_BENCHMARK,OCR pipelines on the shaped Bangla + English benchmark,t4_cfg06,OCR benchmark (HarfBuzz-shaped Bangla + English),validation (48 phrases; every choice made here),laptop (DESKTOP-EA33S9L),metrics,cer,1,0.03996885869155157,,0.03996885869155157,0.03996885869155157,,EXP_0132
OCR_BENCHMARK,OCR pipelines on the shaped Bangla + English benchmark,t4_cfg06,OCR benchmark (HarfBuzz-shaped Bangla + English),validation (48 phrases; every choice made here),laptop (DESKTOP-EA33S9L),metrics,cer_bangla,1,0.03499248129203372,,0.03499248129203372,0.03499248129203372,,EXP_0132
OCR_BENCHMARK,OCR pipelines on the shaped Bangla + English benchmark,t4_cfg06,OCR benchmark (HarfBuzz-shaped Bangla + English),validation (48 phrases; every choice made here),laptop (DESKTOP-EA33S9L),metrics,cer_clean,1,0.02944508401003499,,0.02944508401003499,0.02944508401003499,,EXP_0132
OCR_BENCHMARK,OCR pipelines on the shaped Bangla + English benchmark,t4_cfg06,OCR benchmark (HarfBuzz-shaped Bangla + English),validation (48 phrases; every choice made here),laptop (DESKTOP-EA33S9L),metrics,cer_english,1,0.04494523609106942,,0.04494523609106942,0.04494523609106942,,EXP_0132
OCR_BENCHMARK,OCR pipelines on the shaped Bangla + English benchmark,t4_cfg06,OCR benchmark (HarfBuzz-shaped Bangla + English),validation (48 phrases; every choice made here),laptop (DESKTOP-EA33S9L),metrics,cer_scene,1,0.08319876058313824,,0.08319876058313824,0.08319876058313824,,EXP_0132
OCR_BENCHMARK,OCR pipelines on the shaped Bangla + English benchmark,t4_cfg06,OCR benchmark (HarfBuzz-shaped Bangla + English),validation (48 phrases; every choice made here),laptop (DESKTOP-EA33S9L),metrics,cer_seed_sd,1,0.009011364766808052,,0.009011364766808052,0.009011364766808052,,EXP_0132
OCR_BENCHMARK,OCR pipelines on the shaped Bangla + English benchmark,t4_cfg06,OCR benchmark (HarfBuzz-shaped Bangla + English),validation (48 phrases; every choice made here),laptop (DESKTOP-EA33S9L),metrics,cer_wild,1,0.007262731481481482,,0.007262731481481482,0.007262731481481482,,EXP_0132
OCR_BENCHMARK,OCR pipelines on the shaped Bangla + English benchmark,t4_cfg06,OCR benchmark (HarfBuzz-shaped Bangla + English),validation (48 phrases; every choice made here),laptop (DESKTOP-EA33S9L),metrics,exact_match,1,0.8888888888888888,,0.8888888888888888,0.8888888888888888,,EXP_0132
OCR_BENCHMARK,OCR pipelines on the shaped Bangla + English benchmark,t4_cfg06,OCR benchmark (HarfBuzz-shaped Bangla + English),validation (48 phrases; every choice made here),laptop (DESKTOP-EA33S9L),metrics,wer,1,0.08371913580246913,,0.08371913580246913,0.08371913580246913,,EXP_0132
OCR_BENCHMARK,OCR pipelines on the shaped Bangla + English benchmark,t4_cfg06,OCR benchmark (HarfBuzz-shaped Bangla + English),validation (48 phrases; every choice made here),laptop (DESKTOP-EA33S9L),performance,latency_ms_median_gpu,1,234.17384999629576,,234.17384999629576,234.17384999629576,,EXP_0132
OCR_BENCHMARK,OCR pipelines on the shaped Bangla + English benchmark,t4_cfg12,OCR benchmark (HarfBuzz-shaped Bangla + English),validation (48 phrases; every choice made here),laptop (DESKTOP-EA33S9L),metrics,cer,1,0.02834528071158684,,0.02834528071158684,0.02834528071158684,,EXP_0133
OCR_BENCHMARK,OCR pipelines on the shaped Bangla + English benchmark,t4_cfg12,OCR benchmark (HarfBuzz-shaped Bangla + English),validation (48 phrases; every choice made here),laptop (DESKTOP-EA33S9L),metrics,cer_bangla,1,0.029355537907594598,,0.029355537907594598,0.029355537907594598,,EXP_0133
OCR_BENCHMARK,OCR pipelines on the shaped Bangla + English benchmark,t4_cfg12,OCR benchmark (HarfBuzz-shaped Bangla + English),validation (48 phrases; every choice made here),laptop (DESKTOP-EA33S9L),metrics,cer_clean,1,0.025274762682850917,,0.025274762682850917,0.025274762682850917,,EXP_0133
OCR_BENCHMARK,OCR pipelines on the shaped Bangla + English benchmark,t4_cfg12,OCR benchmark (HarfBuzz-shaped Bangla + English),validation (48 phrases; every choice made here),laptop (DESKTOP-EA33S9L),metrics,cer_english,1,0.027335023515579076,,0.027335023515579076,0.027335023515579076,,EXP_0133
OCR_BENCHMARK,OCR pipelines on the shaped Bangla + English benchmark,t4_cfg12,OCR benchmark (HarfBuzz-shaped Bangla + English),validation (48 phrases; every choice made here),laptop (DESKTOP-EA33S9L),metrics,cer_scene,1,0.05559441278524292,,0.05559441278524292,0.05559441278524292,,EXP_0133
OCR_BENCHMARK,OCR pipelines on the shaped Bangla + English benchmark,t4_cfg12,OCR benchmark (HarfBuzz-shaped Bangla + English),validation (48 phrases; every choice made here),laptop (DESKTOP-EA33S9L),metrics,cer_seed_sd,1,0.001802556912526559,,0.001802556912526559,0.001802556912526559,,EXP_0133
OCR_BENCHMARK,OCR pipelines on the shaped Bangla + English benchmark,t4_cfg12,OCR benchmark (HarfBuzz-shaped Bangla + English),validation (48 phrases; every choice made here),laptop (DESKTOP-EA33S9L),metrics,cer_wild,1,0.004166666666666667,,0.004166666666666667,0.004166666666666667,,EXP_0133
OCR_BENCHMARK,OCR pipelines on the shaped Bangla + English benchmark,t4_cfg12,OCR benchmark (HarfBuzz-shaped Bangla + English),validation (48 phrases; every choice made here),laptop (DESKTOP-EA33S9L),metrics,exact_match,1,0.9143518518518519,,0.9143518518518519,0.9143518518518519,,EXP_0133
OCR_BENCHMARK,OCR pipelines on the shaped Bangla + English benchmark,t4_cfg12,OCR benchmark (HarfBuzz-shaped Bangla + English),validation (48 phrases; every choice made here),laptop (DESKTOP-EA33S9L),metrics,wer,1,0.06057098765432098,,0.06057098765432098,0.06057098765432098,,EXP_0133
OCR_BENCHMARK,OCR pipelines on the shaped Bangla + English benchmark,t4_cfg12,OCR benchmark (HarfBuzz-shaped Bangla + English),validation (48 phrases; every choice made here),laptop (DESKTOP-EA33S9L),performance,latency_ms_median_gpu,1,220.8402499963995,,220.8402499963995,220.8402499963995,,EXP_0133
OCR_BENCHMARK,OCR pipelines on the shaped Bangla + English benchmark,t4_cfg16,OCR benchmark (HarfBuzz-shaped Bangla + English),validation (48 phrases; every choice made here),laptop (DESKTOP-EA33S9L),metrics,cer,1,0.03765404387673676,,0.03765404387673676,0.03765404387673676,,EXP_0134
OCR_BENCHMARK,OCR pipelines on the shaped Bangla + English benchmark,t4_cfg16,OCR benchmark (HarfBuzz-shaped Bangla + English),validation (48 phrases; every choice made here),laptop (DESKTOP-EA33S9L),metrics,cer_bangla,1,0.030362851662404093,,0.030362851662404093,0.030362851662404093,,EXP_0134
OCR_BENCHMARK,OCR pipelines on the shaped Bangla + English benchmark,t4_cfg16,OCR benchmark (HarfBuzz-shaped Bangla + English),validation (48 phrases; every choice made here),laptop (DESKTOP-EA33S9L),metrics,cer_clean,1,0.02944508401003499,,0.02944508401003499,0.02944508401003499,,EXP_0134
OCR_BENCHMARK,OCR pipelines on the shaped Bangla + English benchmark,t4_cfg16,OCR benchmark (HarfBuzz-shaped Bangla + English),validation (48 phrases; every choice made here),laptop (DESKTOP-EA33S9L),metrics,cer_english,1,0.04494523609106942,,0.04494523609106942,0.04494523609106942,,EXP_0134
OCR_BENCHMARK,OCR pipelines on the shaped Bangla + English benchmark,t4_cfg16,OCR benchmark (HarfBuzz-shaped Bangla + English),validation (48 phrases; every choice made here),laptop (DESKTOP-EA33S9L),metrics,cer_scene,1,0.0762543161386938,,0.0762543161386938,0.0762543161386938,,EXP_0134
OCR_BENCHMARK,OCR pipelines on the shaped Bangla + English benchmark,t4_cfg16,OCR benchmark (HarfBuzz-shaped Bangla + English),validation (48 phrases; every choice made here),laptop (DESKTOP-EA33S9L),metrics,cer_seed_sd,1,0.009039028025988131,,0.009039028025988131,0.009039028025988131,,EXP_0134
OCR_BENCHMARK,OCR pipelines on the shaped Bangla + English benchmark,t4_cfg16,OCR benchmark (HarfBuzz-shaped Bangla + English),validation (48 phrases; every choice made here),laptop (DESKTOP-EA33S9L),metrics,cer_wild,1,0.007262731481481482,,0.007262731481481482,0.007262731481481482,,EXP_0134
OCR_BENCHMARK,OCR pipelines on the shaped Bangla + English benchmark,t4_cfg16,OCR benchmark (HarfBuzz-shaped Bangla + English),validation (48 phrases; every choice made here),laptop (DESKTOP-EA33S9L),metrics,exact_match,1,0.8935185185185185,,0.8935185185185185,0.8935185185185185,,EXP_0134
OCR_BENCHMARK,OCR pipelines on the shaped Bangla + English benchmark,t4_cfg16,OCR benchmark (HarfBuzz-shaped Bangla + English),validation (48 phrases; every choice made here),laptop (DESKTOP-EA33S9L),metrics,wer,1,0.0798611111111111,,0.0798611111111111,0.0798611111111111,,EXP_0134
OCR_BENCHMARK,OCR pipelines on the shaped Bangla + English benchmark,t4_cfg16,OCR benchmark (HarfBuzz-shaped Bangla + English),validation (48 phrases; every choice made here),laptop (DESKTOP-EA33S9L),performance,latency_ms_median_gpu,1,233.4625499934191,,233.4625499934191,233.4625499934191,,EXP_0134
OCR_BENCHMARK,OCR pipelines on the shaped Bangla + English benchmark,t4_cfg27,OCR benchmark (HarfBuzz-shaped Bangla + English),validation (48 phrases; every choice made here),laptop (DESKTOP-EA33S9L),metrics,cer,1,0.02840525545906158,,0.02840525545906158,0.02840525545906158,,EXP_0135
OCR_BENCHMARK,OCR pipelines on the shaped Bangla + English benchmark,t4_cfg27,OCR benchmark (HarfBuzz-shaped Bangla + English),validation (48 phrases; every choice made here),laptop (DESKTOP-EA33S9L),metrics,cer_bangla,1,0.029301876291432986,,0.029301876291432986,0.029301876291432986,,EXP_0135
OCR_BENCHMARK,OCR pipelines on the shaped Bangla + English benchmark,t4_cfg27,OCR benchmark (HarfBuzz-shaped Bangla + English),validation (48 phrases; every choice made here),laptop (DESKTOP-EA33S9L),metrics,cer_clean,1,0.02440670712729536,,0.02440670712729536,0.02440670712729536,,EXP_0135
OCR_BENCHMARK,OCR pipelines on the shaped Bangla + English benchmark,t4_cfg27,OCR benchmark (HarfBuzz-shaped Bangla + English),validation (48 phrases; every choice made here),laptop (DESKTOP-EA33S9L),metrics,cer_english,1,0.027508634626690183,,0.027508634626690183,0.027508634626690183,,EXP_0135
OCR_BENCHMARK,OCR pipelines on the shaped Bangla + English benchmark,t4_cfg27,OCR benchmark (HarfBuzz-shaped Bangla + English),validation (48 phrases; every choice made here),laptop (DESKTOP-EA33S9L),metrics,cer_scene,1,0.05601107945190959,,0.05601107945190959,0.05601107945190959,,EXP_0135
OCR_BENCHMARK,OCR pipelines on the shaped Bangla + English benchmark,t4_cfg27,OCR benchmark (HarfBuzz-shaped Bangla + English),validation (48 phrases; every choice made here),laptop (DESKTOP-EA33S9L),metrics,cer_seed_sd,1,0.002526670546838934,,0.002526670546838934,0.002526670546838934,,EXP_0135
OCR_BENCHMARK,OCR pipelines on the shaped Bangla + English benchmark,t4_cfg27,OCR benchmark (HarfBuzz-shaped Bangla + English),validation (48 phrases; every choice made here),laptop (DESKTOP-EA33S9L),metrics,cer_wild,1,0.004797979797979798,,0.004797979797979798,0.004797979797979798,,EXP_0135
OCR_BENCHMARK,OCR pipelines on the shaped Bangla + English benchmark,t4_cfg27,OCR benchmark (HarfBuzz-shaped Bangla + English),validation (48 phrases; every choice made here),laptop (DESKTOP-EA33S9L),metrics,exact_match,1,0.9143518518518519,,0.9143518518518519,0.9143518518518519,,EXP_0135
OCR_BENCHMARK,OCR pipelines on the shaped Bangla + English benchmark,t4_cfg27,OCR benchmark (HarfBuzz-shaped Bangla + English),validation (48 phrases; every choice made here),laptop (DESKTOP-EA33S9L),metrics,wer,1,0.06057098765432098,,0.06057098765432098,0.06057098765432098,,EXP_0135
OCR_BENCHMARK,OCR pipelines on the shaped Bangla + English benchmark,t4_cfg27,OCR benchmark (HarfBuzz-shaped Bangla + English),validation (48 phrases; every choice made here),laptop (DESKTOP-EA33S9L),performance,latency_ms_median_gpu,1,219.7984000085853,,219.7984000085853,219.7984000085853,,EXP_0135
OCR_BENCHMARK,OCR pipelines on the shaped Bangla + English benchmark,t4_params,OCR benchmark (HarfBuzz-shaped Bangla + English),held-out test (48 phrases; read once per method),laptop (DESKTOP-EA33S9L),metrics,cer,1,0.023999586560861073,,0.023999586560861073,0.023999586560861073,,EXP_0100
OCR_BENCHMARK,OCR pipelines on the shaped Bangla + English benchmark,t4_params,OCR benchmark (HarfBuzz-shaped Bangla + English),held-out test (48 phrases; read once per method),laptop (DESKTOP-EA33S9L),metrics,cer_bangla,1,0.03247258143091476,,0.03247258143091476,0.03247258143091476,,EXP_0100
OCR_BENCHMARK,OCR pipelines on the shaped Bangla + English benchmark,t4_params,OCR benchmark (HarfBuzz-shaped Bangla + English),held-out test (48 phrases; read once per method),laptop (DESKTOP-EA33S9L),metrics,cer_clean,1,0.023830972268472264,,0.023830972268472264,0.023830972268472264,,EXP_0100
OCR_BENCHMARK,OCR pipelines on the shaped Bangla + English benchmark,t4_params,OCR benchmark (HarfBuzz-shaped Bangla + English),held-out test (48 phrases; read once per method),laptop (DESKTOP-EA33S9L),metrics,cer_english,1,0.015526591690807378,,0.015526591690807378,0.015526591690807378,,EXP_0100
OCR_BENCHMARK,OCR pipelines on the shaped Bangla + English benchmark,t4_params,OCR benchmark (HarfBuzz-shaped Bangla + English),held-out test (48 phrases; read once per method),laptop (DESKTOP-EA33S9L),metrics,cer_scene,1,0.022155355197634605,,0.022155355197634605,0.022155355197634605,,EXP_0100
OCR_BENCHMARK,OCR pipelines on the shaped Bangla + English benchmark,t4_params,OCR benchmark (HarfBuzz-shaped Bangla + English),held-out test (48 phrases; read once per method),laptop (DESKTOP-EA33S9L),metrics,cer_seed_sd,1,0.00947387605608542,,0.00947387605608542,0.00947387605608542,,EXP_0100
OCR_BENCHMARK,OCR pipelines on the shaped Bangla + English benchmark,t4_params,OCR benchmark (HarfBuzz-shaped Bangla + English),held-out test (48 phrases; read once per method),laptop (DESKTOP-EA33S9L),metrics,cer_wild,1,0.026012432216476332,,0.026012432216476332,0.026012432216476332,,EXP_0100
OCR_BENCHMARK,OCR pipelines on the shaped Bangla + English benchmark,t4_params,OCR benchmark (HarfBuzz-shaped Bangla + English),held-out test (48 phrases; read once per method),laptop (DESKTOP-EA33S9L),metrics,exact_match,1,0.8611111111111112,,0.8611111111111112,0.8611111111111112,,EXP_0100
OCR_BENCHMARK,OCR pipelines on the shaped Bangla + English benchmark,t4_params,OCR benchmark (HarfBuzz-shaped Bangla + English),held-out test (48 phrases; read once per method),laptop (DESKTOP-EA33S9L),metrics,wer,1,0.0794753086419753,,0.0794753086419753,0.0794753086419753,,EXP_0100
OCR_BENCHMARK,OCR pipelines on the shaped Bangla + English benchmark,t4_params,OCR benchmark (HarfBuzz-shaped Bangla + English),held-out test (48 phrases; read once per method),laptop (DESKTOP-EA33S9L),performance,latency_ms_median_gpu,1,222.26599999703467,,222.26599999703467,222.26599999703467,,EXP_0100
OCR_BENCHMARK,OCR pipelines on the shaped Bangla + English benchmark,t5_byt5,OCR benchmark (HarfBuzz-shaped Bangla + English),validation (48 phrases; every choice made here),laptop (DESKTOP-EA33S9L),metrics,cer,1,1.0541258634669404,,1.0541258634669404,1.0541258634669404,,EXP_0136
OCR_BENCHMARK,OCR pipelines on the shaped Bangla + English benchmark,t5_byt5,OCR benchmark (HarfBuzz-shaped Bangla + English),validation (48 phrases; every choice made here),laptop (DESKTOP-EA33S9L),metrics,cer_bangla,1,2.0708858392207707,,2.0708858392207707,2.0708858392207707,,EXP_0136
OCR_BENCHMARK,OCR pipelines on the shaped Bangla + English benchmark,t5_byt5,OCR benchmark (HarfBuzz-shaped Bangla + English),validation (48 phrases; every choice made here),laptop (DESKTOP-EA33S9L),metrics,cer_clean,1,1.042141127778516,,1.042141127778516,1.042141127778516,,EXP_0136
OCR_BENCHMARK,OCR pipelines on the shaped Bangla + English benchmark,t5_byt5,OCR benchmark (HarfBuzz-shaped Bangla + English),validation (48 phrases; every choice made here),laptop (DESKTOP-EA33S9L),metrics,cer_english,1,0.03736588771310994,,0.03736588771310994,0.03736588771310994,,EXP_0136
OCR_BENCHMARK,OCR pipelines on the shaped Bangla + English benchmark,t5_byt5,OCR benchmark (HarfBuzz-shaped Bangla + English),validation (48 phrases; every choice made here),laptop (DESKTOP-EA33S9L),metrics,cer_scene,1,1.0802508845636776,,1.0802508845636776,1.0802508845636776,,EXP_0136
OCR_BENCHMARK,OCR pipelines on the shaped Bangla + English benchmark,t5_byt5,OCR benchmark (HarfBuzz-shaped Bangla + English),validation (48 phrases; every choice made here),laptop (DESKTOP-EA33S9L),metrics,cer_seed_sd,1,0.006838314949216245,,0.006838314949216245,0.006838314949216245,,EXP_0136
OCR_BENCHMARK,OCR pipelines on the shaped Bangla + English benchmark,t5_byt5,OCR benchmark (HarfBuzz-shaped Bangla + English),validation (48 phrases; every choice made here),laptop (DESKTOP-EA33S9L),metrics,cer_wild,1,1.0399855780586278,,1.0399855780586278,1.0399855780586278,,EXP_0136
OCR_BENCHMARK,OCR pipelines on the shaped Bangla + English benchmark,t5_byt5,OCR benchmark (HarfBuzz-shaped Bangla + English),validation (48 phrases; every choice made here),laptop (DESKTOP-EA33S9L),metrics,exact_match,1,0.4583333333333333,,0.4583333333333333,0.4583333333333333,,EXP_0136
OCR_BENCHMARK,OCR pipelines on the shaped Bangla + English benchmark,t5_byt5,OCR benchmark (HarfBuzz-shaped Bangla + English),validation (48 phrases; every choice made here),laptop (DESKTOP-EA33S9L),metrics,wer,1,1.0677083333333333,,1.0677083333333333,1.0677083333333333,,EXP_0136
OCR_BENCHMARK,OCR pipelines on the shaped Bangla + English benchmark,t5_byt5,OCR benchmark (HarfBuzz-shaped Bangla + English),validation (48 phrases; every choice made here),laptop (DESKTOP-EA33S9L),performance,postprocess_ms_median,1,419.0314000006765,,419.0314000006765,419.0314000006765,,EXP_0136
OCR_BENCHMARK,OCR pipelines on the shaped Bangla + English benchmark,t5_dictionary,OCR benchmark (HarfBuzz-shaped Bangla + English),validation (48 phrases; every choice made here),laptop (DESKTOP-EA33S9L),metrics,cer,1,0.033472050253273614,,0.033472050253273614,0.033472050253273614,,EXP_0137
OCR_BENCHMARK,OCR pipelines on the shaped Bangla + English benchmark,t5_dictionary,OCR benchmark (HarfBuzz-shaped Bangla + English),validation (48 phrases; every choice made here),laptop (DESKTOP-EA33S9L),metrics,cer_bangla,1,0.040086737190850576,,0.040086737190850576,0.040086737190850576,,EXP_0137
OCR_BENCHMARK,OCR pipelines on the shaped Bangla + English benchmark,t5_dictionary,OCR benchmark (HarfBuzz-shaped Bangla + English),validation (48 phrases; every choice made here),laptop (DESKTOP-EA33S9L),metrics,cer_clean,1,0.02863566954559602,,0.02863566954559602,0.02863566954559602,,EXP_0137
OCR_BENCHMARK,OCR pipelines on the shaped Bangla + English benchmark,t5_dictionary,OCR benchmark (HarfBuzz-shaped Bangla + English),validation (48 phrases; every choice made here),laptop (DESKTOP-EA33S9L),metrics,cer_english,1,0.02685736331569665,,0.02685736331569665,0.02685736331569665,,EXP_0137
OCR_BENCHMARK,OCR pipelines on the shaped Bangla + English benchmark,t5_dictionary,OCR benchmark (HarfBuzz-shaped Bangla + English),validation (48 phrases; every choice made here),laptop (DESKTOP-EA33S9L),metrics,cer_scene,1,0.060154323806817414,,0.060154323806817414,0.060154323806817414,,EXP_0137
OCR_BENCHMARK,OCR pipelines on the shaped Bangla + English benchmark,t5_dictionary,OCR benchmark (HarfBuzz-shaped Bangla + English),validation (48 phrases; every choice made here),laptop (DESKTOP-EA33S9L),metrics,cer_seed_sd,1,0.0010884405693223403,,0.0010884405693223403,0.0010884405693223403,,EXP_0137
OCR_BENCHMARK,OCR pipelines on the shaped Bangla + English benchmark,t5_dictionary,OCR benchmark (HarfBuzz-shaped Bangla + English),validation (48 phrases; every choice made here),laptop (DESKTOP-EA33S9L),metrics,cer_wild,1,0.011626157407407406,,0.011626157407407406,0.011626157407407406,,EXP_0137
OCR_BENCHMARK,OCR pipelines on the shaped Bangla + English benchmark,t5_dictionary,OCR benchmark (HarfBuzz-shaped Bangla + English),validation (48 phrases; every choice made here),laptop (DESKTOP-EA33S9L),metrics,exact_match,1,0.875,,0.875,0.875,,EXP_0137
OCR_BENCHMARK,OCR pipelines on the shaped Bangla + English benchmark,t5_dictionary,OCR benchmark (HarfBuzz-shaped Bangla + English),validation (48 phrases; every choice made here),laptop (DESKTOP-EA33S9L),metrics,wer,1,0.08410493827160494,,0.08410493827160494,0.08410493827160494,,EXP_0137
OCR_BENCHMARK,OCR pipelines on the shaped Bangla + English benchmark,t5_dictionary,OCR benchmark (HarfBuzz-shaped Bangla + English),validation (48 phrases; every choice made here),laptop (DESKTOP-EA33S9L),performance,postprocess_ms_median,1,0.1328000071225688,,0.1328000071225688,0.1328000071225688,,EXP_0137
OCR_BENCHMARK,OCR pipelines on the shaped Bangla + English benchmark,t5_lexicon,OCR benchmark (HarfBuzz-shaped Bangla + English),validation (48 phrases; every choice made here),laptop (DESKTOP-EA33S9L),metrics,cer,1,0.04591122965008479,,0.04591122965008479,0.04591122965008479,,EXP_0138
OCR_BENCHMARK,OCR pipelines on the shaped Bangla + English benchmark,t5_lexicon,OCR benchmark (HarfBuzz-shaped Bangla + English),validation (48 phrases; every choice made here),laptop (DESKTOP-EA33S9L),metrics,cer_bangla,1,0.034505072468893866,,0.034505072468893866,0.034505072468893866,,EXP_0138
OCR_BENCHMARK,OCR pipelines on the shaped Bangla + English benchmark,t5_lexicon,OCR benchmark (HarfBuzz-shaped Bangla + English),validation (48 phrases; every choice made here),laptop (DESKTOP-EA33S9L),metrics,cer_clean,1,0.04056155921964746,,0.04056155921964746,0.04056155921964746,,EXP_0138
OCR_BENCHMARK,OCR pipelines on the shaped Bangla + English benchmark,t5_lexicon,OCR benchmark (HarfBuzz-shaped Bangla + English),validation (48 phrases; every choice made here),laptop (DESKTOP-EA33S9L),metrics,cer_english,1,0.05731738683127571,,0.05731738683127571,0.05731738683127571,,EXP_0138
OCR_BENCHMARK,OCR pipelines on the shaped Bangla + English benchmark,t5_lexicon,OCR benchmark (HarfBuzz-shaped Bangla + English),validation (48 phrases; every choice made here),laptop (DESKTOP-EA33S9L),metrics,cer_scene,1,0.07417836151625047,,0.07417836151625047,0.07417836151625047,,EXP_0138
OCR_BENCHMARK,OCR pipelines on the shaped Bangla + English benchmark,t5_lexicon,OCR benchmark (HarfBuzz-shaped Bangla + English),validation (48 phrases; every choice made here),laptop (DESKTOP-EA33S9L),metrics,cer_seed_sd,1,0.00149750183020026,,0.00149750183020026,0.00149750183020026,,EXP_0138
OCR_BENCHMARK,OCR pipelines on the shaped Bangla + English benchmark,t5_lexicon,OCR benchmark (HarfBuzz-shaped Bangla + English),validation (48 phrases; every choice made here),laptop (DESKTOP-EA33S9L),metrics,cer_wild,1,0.022993768214356447,,0.022993768214356447,0.022993768214356447,,EXP_0138
OCR_BENCHMARK,OCR pipelines on the shaped Bangla + English benchmark,t5_lexicon,OCR benchmark (HarfBuzz-shaped Bangla + English),validation (48 phrases; every choice made here),laptop (DESKTOP-EA33S9L),metrics,exact_match,1,0.7962962962962963,,0.7962962962962963,0.7962962962962963,,EXP_0138
OCR_BENCHMARK,OCR pipelines on the shaped Bangla + English benchmark,t5_lexicon,OCR benchmark (HarfBuzz-shaped Bangla + English),validation (48 phrases; every choice made here),laptop (DESKTOP-EA33S9L),metrics,wer,1,0.126929012345679,,0.126929012345679,0.126929012345679,,EXP_0138
OCR_BENCHMARK,OCR pipelines on the shaped Bangla + English benchmark,t5_lexicon,OCR benchmark (HarfBuzz-shaped Bangla + English),validation (48 phrases; every choice made here),laptop (DESKTOP-EA33S9L),performance,postprocess_ms_median,1,2.735200003371574,,2.735200003371574,2.735200003371574,,EXP_0138
OCR_BENCHMARK,OCR pipelines on the shaped Bangla + English benchmark,t5_none,OCR benchmark (HarfBuzz-shaped Bangla + English),validation (48 phrases; every choice made here),laptop (DESKTOP-EA33S9L),metrics,cer,1,0.02834528071158684,,0.02834528071158684,0.02834528071158684,,EXP_0139
OCR_BENCHMARK,OCR pipelines on the shaped Bangla + English benchmark,t5_none,OCR benchmark (HarfBuzz-shaped Bangla + English),validation (48 phrases; every choice made here),laptop (DESKTOP-EA33S9L),metrics,cer_bangla,1,0.029355537907594598,,0.029355537907594598,0.029355537907594598,,EXP_0139
OCR_BENCHMARK,OCR pipelines on the shaped Bangla + English benchmark,t5_none,OCR benchmark (HarfBuzz-shaped Bangla + English),validation (48 phrases; every choice made here),laptop (DESKTOP-EA33S9L),metrics,cer_clean,1,0.025274762682850917,,0.025274762682850917,0.025274762682850917,,EXP_0139
OCR_BENCHMARK,OCR pipelines on the shaped Bangla + English benchmark,t5_none,OCR benchmark (HarfBuzz-shaped Bangla + English),validation (48 phrases; every choice made here),laptop (DESKTOP-EA33S9L),metrics,cer_english,1,0.027335023515579076,,0.027335023515579076,0.027335023515579076,,EXP_0139
OCR_BENCHMARK,OCR pipelines on the shaped Bangla + English benchmark,t5_none,OCR benchmark (HarfBuzz-shaped Bangla + English),validation (48 phrases; every choice made here),laptop (DESKTOP-EA33S9L),metrics,cer_scene,1,0.05559441278524292,,0.05559441278524292,0.05559441278524292,,EXP_0139
OCR_BENCHMARK,OCR pipelines on the shaped Bangla + English benchmark,t5_none,OCR benchmark (HarfBuzz-shaped Bangla + English),validation (48 phrases; every choice made here),laptop (DESKTOP-EA33S9L),metrics,cer_seed_sd,1,0.001802556912526559,,0.001802556912526559,0.001802556912526559,,EXP_0139
OCR_BENCHMARK,OCR pipelines on the shaped Bangla + English benchmark,t5_none,OCR benchmark (HarfBuzz-shaped Bangla + English),validation (48 phrases; every choice made here),laptop (DESKTOP-EA33S9L),metrics,cer_wild,1,0.004166666666666667,,0.004166666666666667,0.004166666666666667,,EXP_0139
OCR_BENCHMARK,OCR pipelines on the shaped Bangla + English benchmark,t5_none,OCR benchmark (HarfBuzz-shaped Bangla + English),validation (48 phrases; every choice made here),laptop (DESKTOP-EA33S9L),metrics,exact_match,1,0.9143518518518519,,0.9143518518518519,0.9143518518518519,,EXP_0139
OCR_BENCHMARK,OCR pipelines on the shaped Bangla + English benchmark,t5_none,OCR benchmark (HarfBuzz-shaped Bangla + English),validation (48 phrases; every choice made here),laptop (DESKTOP-EA33S9L),metrics,wer,1,0.06057098765432098,,0.06057098765432098,0.06057098765432098,,EXP_0139
OCR_BENCHMARK,OCR pipelines on the shaped Bangla + English benchmark,t5_none,OCR benchmark (HarfBuzz-shaped Bangla + English),validation (48 phrases; every choice made here),laptop (DESKTOP-EA33S9L),performance,postprocess_ms_median,1,0.000100000761449337,,0.000100000761449337,0.000100000761449337,,EXP_0139
OCR_BENCHMARK,OCR pipelines on the shaped Bangla + English benchmark,t5_rules,OCR benchmark (HarfBuzz-shaped Bangla + English),validation (48 phrases; every choice made here),laptop (DESKTOP-EA33S9L),metrics,cer,1,0.022922000288306408,,0.022922000288306408,0.022922000288306408,,EXP_0140
OCR_BENCHMARK,OCR pipelines on the shaped Bangla + English benchmark,t5_rules,OCR benchmark (HarfBuzz-shaped Bangla + English),validation (48 phrases; every choice made here),laptop (DESKTOP-EA33S9L),metrics,cer_bangla,1,0.019170352722409415,,0.019170352722409415,0.019170352722409415,,EXP_0140
OCR_BENCHMARK,OCR pipelines on the shaped Bangla + English benchmark,t5_rules,OCR benchmark (HarfBuzz-shaped Bangla + English),validation (48 phrases; every choice made here),laptop (DESKTOP-EA33S9L),metrics,cer_clean,1,0.022959947868036106,,0.022959947868036106,0.022959947868036106,,EXP_0140
OCR_BENCHMARK,OCR pipelines on the shaped Bangla + English benchmark,t5_rules,OCR benchmark (HarfBuzz-shaped Bangla + English),validation (48 phrases; every choice made here),laptop (DESKTOP-EA33S9L),metrics,cer_english,1,0.02667364785420341,,0.02667364785420341,0.02667364785420341,,EXP_0140
OCR_BENCHMARK,OCR pipelines on the shaped Bangla + English benchmark,t5_rules,OCR benchmark (HarfBuzz-shaped Bangla + English),validation (48 phrases; every choice made here),laptop (DESKTOP-EA33S9L),metrics,cer_scene,1,0.041639386330216466,,0.041639386330216466,0.041639386330216466,,EXP_0140
OCR_BENCHMARK,OCR pipelines on the shaped Bangla + English benchmark,t5_rules,OCR benchmark (HarfBuzz-shaped Bangla + English),validation (48 phrases; every choice made here),laptop (DESKTOP-EA33S9L),metrics,cer_seed_sd,1,0.0029450090421260506,,0.0029450090421260506,0.0029450090421260506,,EXP_0140
OCR_BENCHMARK,OCR pipelines on the shaped Bangla + English benchmark,t5_rules,OCR benchmark (HarfBuzz-shaped Bangla + English),validation (48 phrases; every choice made here),laptop (DESKTOP-EA33S9L),metrics,cer_wild,1,0.004166666666666667,,0.004166666666666667,0.004166666666666667,,EXP_0140
OCR_BENCHMARK,OCR pipelines on the shaped Bangla + English benchmark,t5_rules,OCR benchmark (HarfBuzz-shaped Bangla + English),validation (48 phrases; every choice made here),laptop (DESKTOP-EA33S9L),metrics,exact_match,1,0.9236111111111112,,0.9236111111111112,0.9236111111111112,,EXP_0140
OCR_BENCHMARK,OCR pipelines on the shaped Bangla + English benchmark,t5_rules,OCR benchmark (HarfBuzz-shaped Bangla + English),validation (48 phrases; every choice made here),laptop (DESKTOP-EA33S9L),metrics,wer,1,0.05054012345679012,,0.05054012345679012,0.05054012345679012,,EXP_0140
OCR_BENCHMARK,OCR pipelines on the shaped Bangla + English benchmark,t5_rules,OCR benchmark (HarfBuzz-shaped Bangla + English),validation (48 phrases; every choice made here),laptop (DESKTOP-EA33S9L),performance,postprocess_ms_median,1,0.003649998689070344,,0.003649998689070344,0.003649998689070344,,EXP_0140
OCR_BENCHMARK,OCR pipelines on the shaped Bangla + English benchmark,t5_rules_byt5,OCR benchmark (HarfBuzz-shaped Bangla + English),validation (48 phrases; every choice made here),laptop (DESKTOP-EA33S9L),metrics,cer,1,1.0492812867473638,,1.0492812867473638,1.0492812867473638,,EXP_0141
OCR_BENCHMARK,OCR pipelines on the shaped Bangla + English benchmark,t5_rules_byt5,OCR benchmark (HarfBuzz-shaped Bangla + English),validation (48 phrases; every choice made here),laptop (DESKTOP-EA33S9L),metrics,cer_bangla,1,2.0618580614429933,,2.0618580614429933,2.0618580614429933,,EXP_0141
OCR_BENCHMARK,OCR pipelines on the shaped Bangla + English benchmark,t5_rules_byt5,OCR benchmark (HarfBuzz-shaped Bangla + English),validation (48 phrases; every choice made here),laptop (DESKTOP-EA33S9L),metrics,cer_clean,1,1.0375114981488862,,1.0375114981488862,1.0375114981488862,,EXP_0141
OCR_BENCHMARK,OCR pipelines on the shaped Bangla + English benchmark,t5_rules_byt5,OCR benchmark (HarfBuzz-shaped Bangla + English),validation (48 phrases; every choice made here),laptop (DESKTOP-EA33S9L),metrics,cer_english,1,0.03670451205173428,,0.03670451205173428,0.03670451205173428,,EXP_0141
OCR_BENCHMARK,OCR pipelines on the shaped Bangla + English benchmark,t5_rules_byt5,OCR benchmark (HarfBuzz-shaped Bangla + English),validation (48 phrases; every choice made here),laptop (DESKTOP-EA33S9L),metrics,cer_scene,1,1.070346784034577,,1.070346784034577,1.070346784034577,,EXP_0141
OCR_BENCHMARK,OCR pipelines on the shaped Bangla + English benchmark,t5_rules_byt5,OCR benchmark (HarfBuzz-shaped Bangla + English),validation (48 phrases; every choice made here),laptop (DESKTOP-EA33S9L),metrics,cer_seed_sd,1,0.0049705431781501145,,0.0049705431781501145,0.0049705431781501145,,EXP_0141
OCR_BENCHMARK,OCR pipelines on the shaped Bangla + English benchmark,t5_rules_byt5,OCR benchmark (HarfBuzz-shaped Bangla + English),validation (48 phrases; every choice made here),laptop (DESKTOP-EA33S9L),metrics,cer_wild,1,1.0399855780586278,,1.0399855780586278,1.0399855780586278,,EXP_0141
OCR_BENCHMARK,OCR pipelines on the shaped Bangla + English benchmark,t5_rules_byt5,OCR benchmark (HarfBuzz-shaped Bangla + English),validation (48 phrases; every choice made here),laptop (DESKTOP-EA33S9L),metrics,exact_match,1,0.46064814814814814,,0.46064814814814814,0.46064814814814814,,EXP_0141
OCR_BENCHMARK,OCR pipelines on the shaped Bangla + English benchmark,t5_rules_byt5,OCR benchmark (HarfBuzz-shaped Bangla + English),validation (48 phrases; every choice made here),laptop (DESKTOP-EA33S9L),metrics,wer,1,1.0653935185185186,,1.0653935185185186,1.0653935185185186,,EXP_0141
OCR_BENCHMARK,OCR pipelines on the shaped Bangla + English benchmark,t5_rules_byt5,OCR benchmark (HarfBuzz-shaped Bangla + English),validation (48 phrases; every choice made here),laptop (DESKTOP-EA33S9L),performance,postprocess_ms_median,1,425.44209997868165,,425.44209997868165,425.44209997868165,,EXP_0141
OCR_BENCHMARK,OCR pipelines on the shaped Bangla + English benchmark,t5_rules_dictionary,OCR benchmark (HarfBuzz-shaped Bangla + English),validation (48 phrases; every choice made here),laptop (DESKTOP-EA33S9L),metrics,cer,1,0.02751829143493146,,0.02751829143493146,0.02751829143493146,,EXP_0142
OCR_BENCHMARK,OCR pipelines on the shaped Bangla + English benchmark,t5_rules_dictionary,OCR benchmark (HarfBuzz-shaped Bangla + English),validation (48 phrases; every choice made here),laptop (DESKTOP-EA33S9L),metrics,cer_bangla,1,0.028840595215541935,,0.028840595215541935,0.028840595215541935,,EXP_0142
OCR_BENCHMARK,OCR pipelines on the shaped Bangla + English benchmark,t5_rules_dictionary,OCR benchmark (HarfBuzz-shaped Bangla + English),validation (48 phrases; every choice made here),laptop (DESKTOP-EA33S9L),metrics,cer_clean,1,0.027333586212262687,,0.027333586212262687,0.027333586212262687,,EXP_0142
OCR_BENCHMARK,OCR pipelines on the shaped Bangla + English benchmark,t5_rules_dictionary,OCR benchmark (HarfBuzz-shaped Bangla + English),validation (48 phrases; every choice made here),laptop (DESKTOP-EA33S9L),metrics,cer_english,1,0.026195987654320987,,0.026195987654320987,0.026195987654320987,,EXP_0142
OCR_BENCHMARK,OCR pipelines on the shaped Bangla + English benchmark,t5_rules_dictionary,OCR benchmark (HarfBuzz-shaped Bangla + English),validation (48 phrases; every choice made here),laptop (DESKTOP-EA33S9L),metrics,cer_scene,1,0.04489721401845762,,0.04489721401845762,0.04489721401845762,,EXP_0142
OCR_BENCHMARK,OCR pipelines on the shaped Bangla + English benchmark,t5_rules_dictionary,OCR benchmark (HarfBuzz-shaped Bangla + English),validation (48 phrases; every choice made here),laptop (DESKTOP-EA33S9L),metrics,cer_seed_sd,1,0.004246496349028596,,0.004246496349028596,0.004246496349028596,,EXP_0142
OCR_BENCHMARK,OCR pipelines on the shaped Bangla + English benchmark,t5_rules_dictionary,OCR benchmark (HarfBuzz-shaped Bangla + English),validation (48 phrases; every choice made here),laptop (DESKTOP-EA33S9L),metrics,cer_wild,1,0.010324074074074074,,0.010324074074074074,0.010324074074074074,,EXP_0142
OCR_BENCHMARK,OCR pipelines on the shaped Bangla + English benchmark,t5_rules_dictionary,OCR benchmark (HarfBuzz-shaped Bangla + English),validation (48 phrases; every choice made here),laptop (DESKTOP-EA33S9L),metrics,exact_match,1,0.9004629629629629,,0.9004629629629629,0.9004629629629629,,EXP_0142
OCR_BENCHMARK,OCR pipelines on the shaped Bangla + English benchmark,t5_rules_dictionary,OCR benchmark (HarfBuzz-shaped Bangla + English),validation (48 phrases; every choice made here),laptop (DESKTOP-EA33S9L),metrics,wer,1,0.06597222222222222,,0.06597222222222222,0.06597222222222222,,EXP_0142
OCR_BENCHMARK,OCR pipelines on the shaped Bangla + English benchmark,t5_rules_dictionary,OCR benchmark (HarfBuzz-shaped Bangla + English),validation (48 phrases; every choice made here),laptop (DESKTOP-EA33S9L),performance,postprocess_ms_median,1,0.13529999705497175,,0.13529999705497175,0.13529999705497175,,EXP_0142
OCR_BENCHMARK,OCR pipelines on the shaped Bangla + English benchmark,t6_most_confident,OCR benchmark (HarfBuzz-shaped Bangla + English),validation (48 phrases; every choice made here),laptop (DESKTOP-EA33S9L),metrics,cer,1,0.02970479919630957,,0.02970479919630957,0.02970479919630957,,EXP_0143
OCR_BENCHMARK,OCR pipelines on the shaped Bangla + English benchmark,t6_most_confident,OCR benchmark (HarfBuzz-shaped Bangla + English),validation (48 phrases; every choice made here),laptop (DESKTOP-EA33S9L),metrics,cer_bangla,1,0.021345591925834895,,0.021345591925834895,0.021345591925834895,,EXP_0143
OCR_BENCHMARK,OCR pipelines on the shaped Bangla + English benchmark,t6_most_confident,OCR benchmark (HarfBuzz-shaped Bangla + English),validation (48 phrases; every choice made here),laptop (DESKTOP-EA33S9L),metrics,cer_clean,1,0.021368512682850917,,0.021368512682850917,0.021368512682850917,,EXP_0143
OCR_BENCHMARK,OCR pipelines on the shaped Bangla + English benchmark,t6_most_confident,OCR benchmark (HarfBuzz-shaped Bangla + English),validation (48 phrases; every choice made here),laptop (DESKTOP-EA33S9L),metrics,cer_english,1,0.03806400646678424,,0.03806400646678424,0.03806400646678424,,EXP_0143
OCR_BENCHMARK,OCR pipelines on the shaped Bangla + English benchmark,t6_most_confident,OCR benchmark (HarfBuzz-shaped Bangla + English),validation (48 phrases; every choice made here),laptop (DESKTOP-EA33S9L),metrics,cer_scene,1,0.062269995055187946,,0.062269995055187946,0.062269995055187946,,EXP_0143
OCR_BENCHMARK,OCR pipelines on the shaped Bangla + English benchmark,t6_most_confident,OCR benchmark (HarfBuzz-shaped Bangla + English),validation (48 phrases; every choice made here),laptop (DESKTOP-EA33S9L),metrics,cer_seed_sd,1,0.008485253757653136,,0.008485253757653136,0.008485253757653136,,EXP_0143
OCR_BENCHMARK,OCR pipelines on the shaped Bangla + English benchmark,t6_most_confident,OCR benchmark (HarfBuzz-shaped Bangla + English),validation (48 phrases; every choice made here),laptop (DESKTOP-EA33S9L),metrics,cer_wild,1,0.005475889850889851,,0.005475889850889851,0.005475889850889851,,EXP_0143
OCR_BENCHMARK,OCR pipelines on the shaped Bangla + English benchmark,t6_most_confident,OCR benchmark (HarfBuzz-shaped Bangla + English),validation (48 phrases; every choice made here),laptop (DESKTOP-EA33S9L),metrics,exact_match,1,0.9097222222222222,,0.9097222222222222,0.9097222222222222,,EXP_0143
OCR_BENCHMARK,OCR pipelines on the shaped Bangla + English benchmark,t6_most_confident,OCR benchmark (HarfBuzz-shaped Bangla + English),validation (48 phrases; every choice made here),laptop (DESKTOP-EA33S9L),metrics,wer,1,0.06462191358024691,,0.06462191358024691,0.06462191358024691,,EXP_0143
OCR_BENCHMARK,OCR pipelines on the shaped Bangla + English benchmark,t6_scale1.0,OCR benchmark (HarfBuzz-shaped Bangla + English),validation (48 phrases; every choice made here),laptop (DESKTOP-EA33S9L),metrics,cer,1,0.02834528071158684,,0.02834528071158684,0.02834528071158684,,EXP_0144
OCR_BENCHMARK,OCR pipelines on the shaped Bangla + English benchmark,t6_scale1.0,OCR benchmark (HarfBuzz-shaped Bangla + English),validation (48 phrases; every choice made here),laptop (DESKTOP-EA33S9L),metrics,cer_bangla,1,0.029355537907594598,,0.029355537907594598,0.029355537907594598,,EXP_0144
OCR_BENCHMARK,OCR pipelines on the shaped Bangla + English benchmark,t6_scale1.0,OCR benchmark (HarfBuzz-shaped Bangla + English),validation (48 phrases; every choice made here),laptop (DESKTOP-EA33S9L),metrics,cer_clean,1,0.025274762682850917,,0.025274762682850917,0.025274762682850917,,EXP_0144
OCR_BENCHMARK,OCR pipelines on the shaped Bangla + English benchmark,t6_scale1.0,OCR benchmark (HarfBuzz-shaped Bangla + English),validation (48 phrases; every choice made here),laptop (DESKTOP-EA33S9L),metrics,cer_english,1,0.027335023515579076,,0.027335023515579076,0.027335023515579076,,EXP_0144
OCR_BENCHMARK,OCR pipelines on the shaped Bangla + English benchmark,t6_scale1.0,OCR benchmark (HarfBuzz-shaped Bangla + English),validation (48 phrases; every choice made here),laptop (DESKTOP-EA33S9L),metrics,cer_scene,1,0.05559441278524292,,0.05559441278524292,0.05559441278524292,,EXP_0144
OCR_BENCHMARK,OCR pipelines on the shaped Bangla + English benchmark,t6_scale1.0,OCR benchmark (HarfBuzz-shaped Bangla + English),validation (48 phrases; every choice made here),laptop (DESKTOP-EA33S9L),metrics,cer_seed_sd,1,0.001802556912526559,,0.001802556912526559,0.001802556912526559,,EXP_0144
OCR_BENCHMARK,OCR pipelines on the shaped Bangla + English benchmark,t6_scale1.0,OCR benchmark (HarfBuzz-shaped Bangla + English),validation (48 phrases; every choice made here),laptop (DESKTOP-EA33S9L),metrics,cer_wild,1,0.004166666666666667,,0.004166666666666667,0.004166666666666667,,EXP_0144
OCR_BENCHMARK,OCR pipelines on the shaped Bangla + English benchmark,t6_scale1.0,OCR benchmark (HarfBuzz-shaped Bangla + English),validation (48 phrases; every choice made here),laptop (DESKTOP-EA33S9L),metrics,exact_match,1,0.9143518518518519,,0.9143518518518519,0.9143518518518519,,EXP_0144
OCR_BENCHMARK,OCR pipelines on the shaped Bangla + English benchmark,t6_scale1.0,OCR benchmark (HarfBuzz-shaped Bangla + English),validation (48 phrases; every choice made here),laptop (DESKTOP-EA33S9L),metrics,wer,1,0.06057098765432098,,0.06057098765432098,0.06057098765432098,,EXP_0144
OCR_BENCHMARK,OCR pipelines on the shaped Bangla + English benchmark,t6_scale1.5,OCR benchmark (HarfBuzz-shaped Bangla + English),validation (48 phrases; every choice made here),laptop (DESKTOP-EA33S9L),metrics,cer,1,0.03612457976956947,,0.03612457976956947,0.03612457976956947,,EXP_0145
OCR_BENCHMARK,OCR pipelines on the shaped Bangla + English benchmark,t6_scale1.5,OCR benchmark (HarfBuzz-shaped Bangla + English),validation (48 phrases; every choice made here),laptop (DESKTOP-EA33S9L),metrics,cer_bangla,1,0.027885549897751515,,0.027885549897751515,0.027885549897751515,,EXP_0145
OCR_BENCHMARK,OCR pipelines on the shaped Bangla + English benchmark,t6_scale1.5,OCR benchmark (HarfBuzz-shaped Bangla + English),validation (48 phrases; every choice made here),laptop (DESKTOP-EA33S9L),metrics,cer_clean,1,0.021595860566448803,,0.021595860566448803,0.021595860566448803,,EXP_0145
OCR_BENCHMARK,OCR pipelines on the shaped Bangla + English benchmark,t6_scale1.5,OCR benchmark (HarfBuzz-shaped Bangla + English),validation (48 phrases; every choice made here),laptop (DESKTOP-EA33S9L),metrics,cer_english,1,0.04436360964138742,,0.04436360964138742,0.04436360964138742,,EXP_0145
OCR_BENCHMARK,OCR pipelines on the shaped Bangla + English benchmark,t6_scale1.5,OCR benchmark (HarfBuzz-shaped Bangla + English),validation (48 phrases; every choice made here),laptop (DESKTOP-EA33S9L),metrics,cer_scene,1,0.08005777592840678,,0.08005777592840678,0.08005777592840678,,EXP_0145
OCR_BENCHMARK,OCR pipelines on the shaped Bangla + English benchmark,t6_scale1.5,OCR benchmark (HarfBuzz-shaped Bangla + English),validation (48 phrases; every choice made here),laptop (DESKTOP-EA33S9L),metrics,cer_seed_sd,1,0.0054370451201544365,,0.0054370451201544365,0.0054370451201544365,,EXP_0145
OCR_BENCHMARK,OCR pipelines on the shaped Bangla + English benchmark,t6_scale1.5,OCR benchmark (HarfBuzz-shaped Bangla + English),validation (48 phrases; every choice made here),laptop (DESKTOP-EA33S9L),metrics,cer_wild,1,0.006720102813852814,,0.006720102813852814,0.006720102813852814,,EXP_0145
OCR_BENCHMARK,OCR pipelines on the shaped Bangla + English benchmark,t6_scale1.5,OCR benchmark (HarfBuzz-shaped Bangla + English),validation (48 phrases; every choice made here),laptop (DESKTOP-EA33S9L),metrics,exact_match,1,0.9050925925925926,,0.9050925925925926,0.9050925925925926,,EXP_0145
OCR_BENCHMARK,OCR pipelines on the shaped Bangla + English benchmark,t6_scale1.5,OCR benchmark (HarfBuzz-shaped Bangla + English),validation (48 phrases; every choice made here),laptop (DESKTOP-EA33S9L),metrics,wer,1,0.0765817901234568,,0.0765817901234568,0.0765817901234568,,EXP_0145
OCR_BENCHMARK,OCR pipelines on the shaped Bangla + English benchmark,t6_scale2.0,OCR benchmark (HarfBuzz-shaped Bangla + English),validation (48 phrases; every choice made here),laptop (DESKTOP-EA33S9L),metrics,cer,1,0.03499291565672285,,0.03499291565672285,0.03499291565672285,,EXP_0146
OCR_BENCHMARK,OCR pipelines on the shaped Bangla + English benchmark,t6_scale2.0,OCR benchmark (HarfBuzz-shaped Bangla + English),validation (48 phrases; every choice made here),laptop (DESKTOP-EA33S9L),metrics,cer_bangla,1,0.025659716327608485,,0.025659716327608485,0.025659716327608485,,EXP_0146
OCR_BENCHMARK,OCR pipelines on the shaped Bangla + English benchmark,t6_scale2.0,OCR benchmark (HarfBuzz-shaped Bangla + English),validation (48 phrases; every choice made here),laptop (DESKTOP-EA33S9L),metrics,cer_clean,1,0.01539166171519113,,0.01539166171519113,0.01539166171519113,,EXP_0146
OCR_BENCHMARK,OCR pipelines on the shaped Bangla + English benchmark,t6_scale2.0,OCR benchmark (HarfBuzz-shaped Bangla + English),validation (48 phrases; every choice made here),laptop (DESKTOP-EA33S9L),metrics,cer_english,1,0.04432611498583721,,0.04432611498583721,0.04432611498583721,,EXP_0146
OCR_BENCHMARK,OCR pipelines on the shaped Bangla + English benchmark,t6_scale2.0,OCR benchmark (HarfBuzz-shaped Bangla + English),validation (48 phrases; every choice made here),laptop (DESKTOP-EA33S9L),metrics,cer_scene,1,0.08251976021890238,,0.08251976021890238,0.08251976021890238,,EXP_0146
OCR_BENCHMARK,OCR pipelines on the shaped Bangla + English benchmark,t6_scale2.0,OCR benchmark (HarfBuzz-shaped Bangla + English),validation (48 phrases; every choice made here),laptop (DESKTOP-EA33S9L),metrics,cer_seed_sd,1,0.004750200234372505,,0.004750200234372505,0.004750200234372505,,EXP_0146
OCR_BENCHMARK,OCR pipelines on the shaped Bangla + English benchmark,t6_scale2.0,OCR benchmark (HarfBuzz-shaped Bangla + English),validation (48 phrases; every choice made here),laptop (DESKTOP-EA33S9L),metrics,cer_wild,1,0.0070673250360750355,,0.0070673250360750355,0.0070673250360750355,,EXP_0146
OCR_BENCHMARK,OCR pipelines on the shaped Bangla + English benchmark,t6_scale2.0,OCR benchmark (HarfBuzz-shaped Bangla + English),validation (48 phrases; every choice made here),laptop (DESKTOP-EA33S9L),metrics,exact_match,1,0.9050925925925926,,0.9050925925925926,0.9050925925925926,,EXP_0146
OCR_BENCHMARK,OCR pipelines on the shaped Bangla + English benchmark,t6_scale2.0,OCR benchmark (HarfBuzz-shaped Bangla + English),validation (48 phrases; every choice made here),laptop (DESKTOP-EA33S9L),metrics,wer,1,0.07503858024691358,,0.07503858024691358,0.07503858024691358,,EXP_0146
OCR_BENCHMARK,OCR pipelines on the shaped Bangla + English benchmark,t6_vote_medoid,OCR benchmark (HarfBuzz-shaped Bangla + English),validation (48 phrases; every choice made here),laptop (DESKTOP-EA33S9L),metrics,cer,1,0.02859375587325644,,0.02859375587325644,0.02859375587325644,,EXP_0147
OCR_BENCHMARK,OCR pipelines on the shaped Bangla + English benchmark,t6_vote_medoid,OCR benchmark (HarfBuzz-shaped Bangla + English),validation (48 phrases; every choice made here),laptop (DESKTOP-EA33S9L),metrics,cer_bangla,1,0.025500268948158974,,0.025500268948158974,0.025500268948158974,,EXP_0147
OCR_BENCHMARK,OCR pipelines on the shaped Bangla + English benchmark,t6_vote_medoid,OCR benchmark (HarfBuzz-shaped Bangla + English),validation (48 phrases; every choice made here),laptop (DESKTOP-EA33S9L),metrics,cer_clean,1,0.019281045751633988,,0.019281045751633988,0.019281045751633988,,EXP_0147
OCR_BENCHMARK,OCR pipelines on the shaped Bangla + English benchmark,t6_vote_medoid,OCR benchmark (HarfBuzz-shaped Bangla + English),validation (48 phrases; every choice made here),laptop (DESKTOP-EA33S9L),metrics,cer_english,1,0.031687242798353915,,0.031687242798353915,0.031687242798353915,,EXP_0147
OCR_BENCHMARK,OCR pipelines on the shaped Bangla + English benchmark,t6_vote_medoid,OCR benchmark (HarfBuzz-shaped Bangla + English),validation (48 phrases; every choice made here),laptop (DESKTOP-EA33S9L),metrics,cer_scene,1,0.06200286737078084,,0.06200286737078084,0.06200286737078084,,EXP_0147
OCR_BENCHMARK,OCR pipelines on the shaped Bangla + English benchmark,t6_vote_medoid,OCR benchmark (HarfBuzz-shaped Bangla + English),validation (48 phrases; every choice made here),laptop (DESKTOP-EA33S9L),metrics,cer_seed_sd,1,0.003894948457456702,,0.003894948457456702,0.003894948457456702,,EXP_0147
OCR_BENCHMARK,OCR pipelines on the shaped Bangla + English benchmark,t6_vote_medoid,OCR benchmark (HarfBuzz-shaped Bangla + English),validation (48 phrases; every choice made here),laptop (DESKTOP-EA33S9L),metrics,cer_wild,1,0.004497354497354496,,0.004497354497354496,0.004497354497354496,,EXP_0147
OCR_BENCHMARK,OCR pipelines on the shaped Bangla + English benchmark,t6_vote_medoid,OCR benchmark (HarfBuzz-shaped Bangla + English),validation (48 phrases; every choice made here),laptop (DESKTOP-EA33S9L),metrics,exact_match,1,0.9189814814814815,,0.9189814814814815,0.9189814814814815,,EXP_0147
OCR_BENCHMARK,OCR pipelines on the shaped Bangla + English benchmark,t6_vote_medoid,OCR benchmark (HarfBuzz-shaped Bangla + English),validation (48 phrases; every choice made here),laptop (DESKTOP-EA33S9L),metrics,wer,1,0.06153549382716048,,0.06153549382716048,0.06153549382716048,,EXP_0147
OCR_BENCHMARK,OCR pipelines on the shaped Bangla + English benchmark,t7_ft_seed42,OCR benchmark (HarfBuzz-shaped Bangla + English),validation (48 phrases; every choice made here),laptop (DESKTOP-EA33S9L),metrics,cer,1,0.025144575717492384,,0.025144575717492384,0.025144575717492384,42,EXP_0148
OCR_BENCHMARK,OCR pipelines on the shaped Bangla + English benchmark,t7_ft_seed42,OCR benchmark (HarfBuzz-shaped Bangla + English),validation (48 phrases; every choice made here),laptop (DESKTOP-EA33S9L),metrics,cer_bangla,1,0.014774029982363315,,0.014774029982363315,0.014774029982363315,42,EXP_0148
OCR_BENCHMARK,OCR pipelines on the shaped Bangla + English benchmark,t7_ft_seed42,OCR benchmark (HarfBuzz-shaped Bangla + English),validation (48 phrases; every choice made here),laptop (DESKTOP-EA33S9L),metrics,cer_clean,1,0.010150738536155203,,0.010150738536155203,0.010150738536155203,42,EXP_0148
OCR_BENCHMARK,OCR pipelines on the shaped Bangla + English benchmark,t7_ft_seed42,OCR benchmark (HarfBuzz-shaped Bangla + English),validation (48 phrases; every choice made here),laptop (DESKTOP-EA33S9L),metrics,cer_english,1,0.03551512145262145,,0.03551512145262145,0.03551512145262145,42,EXP_0148
OCR_BENCHMARK,OCR pipelines on the shaped Bangla + English benchmark,t7_ft_seed42,OCR benchmark (HarfBuzz-shaped Bangla + English),validation (48 phrases; every choice made here),laptop (DESKTOP-EA33S9L),metrics,cer_scene,1,0.054726906966490296,,0.054726906966490296,0.054726906966490296,42,EXP_0148
OCR_BENCHMARK,OCR pipelines on the shaped Bangla + English benchmark,t7_ft_seed42,OCR benchmark (HarfBuzz-shaped Bangla + English),validation (48 phrases; every choice made here),laptop (DESKTOP-EA33S9L),metrics,cer_seed_sd,1,0.008996769010496336,,0.008996769010496336,0.008996769010496336,42,EXP_0148
OCR_BENCHMARK,OCR pipelines on the shaped Bangla + English benchmark,t7_ft_seed42,OCR benchmark (HarfBuzz-shaped Bangla + English),validation (48 phrases; every choice made here),laptop (DESKTOP-EA33S9L),metrics,cer_wild,1,0.010556081649831649,,0.010556081649831649,0.010556081649831649,42,EXP_0148
OCR_BENCHMARK,OCR pipelines on the shaped Bangla + English benchmark,t7_ft_seed42,OCR benchmark (HarfBuzz-shaped Bangla + English),validation (48 phrases; every choice made here),laptop (DESKTOP-EA33S9L),metrics,exact_match,1,0.9212962962962963,,0.9212962962962963,0.9212962962962963,42,EXP_0148
OCR_BENCHMARK,OCR pipelines on the shaped Bangla + English benchmark,t7_ft_seed42,OCR benchmark (HarfBuzz-shaped Bangla + English),validation (48 phrases; every choice made here),laptop (DESKTOP-EA33S9L),metrics,wer,1,0.05092592592592592,,0.05092592592592592,0.05092592592592592,42,EXP_0148
OCR_BENCHMARK,OCR pipelines on the shaped Bangla + English benchmark,t7_ft_seed42,OCR benchmark (HarfBuzz-shaped Bangla + English),validation (48 phrases; every choice made here),laptop (DESKTOP-EA33S9L),performance,latency_ms_median_gpu,1,236.3692000071751,,236.3692000071751,236.3692000071751,42,EXP_0148
OCR_BENCHMARK,OCR pipelines on the shaped Bangla + English benchmark,t7_ft_seed43,OCR benchmark (HarfBuzz-shaped Bangla + English),validation (48 phrases; every choice made here),laptop (DESKTOP-EA33S9L),metrics,cer,1,0.027239032186948856,,0.027239032186948856,0.027239032186948856,43,EXP_0149
OCR_BENCHMARK,OCR pipelines on the shaped Bangla + English benchmark,t7_ft_seed43,OCR benchmark (HarfBuzz-shaped Bangla + English),validation (48 phrases; every choice made here),laptop (DESKTOP-EA33S9L),metrics,cer_bangla,1,0.010537918871252204,,0.010537918871252204,0.010537918871252204,43,EXP_0149
OCR_BENCHMARK,OCR pipelines on the shaped Bangla + English benchmark,t7_ft_seed43,OCR benchmark (HarfBuzz-shaped Bangla + English),validation (48 phrases; every choice made here),laptop (DESKTOP-EA33S9L),metrics,cer_clean,1,0.019400352733686066,,0.019400352733686066,0.019400352733686066,43,EXP_0149
OCR_BENCHMARK,OCR pipelines on the shaped Bangla + English benchmark,t7_ft_seed43,OCR benchmark (HarfBuzz-shaped Bangla + English),validation (48 phrases; every choice made here),laptop (DESKTOP-EA33S9L),metrics,cer_english,1,0.0439401455026455,,0.0439401455026455,0.0439401455026455,43,EXP_0149
OCR_BENCHMARK,OCR pipelines on the shaped Bangla + English benchmark,t7_ft_seed43,OCR benchmark (HarfBuzz-shaped Bangla + English),validation (48 phrases; every choice made here),laptop (DESKTOP-EA33S9L),metrics,cer_scene,1,0.05026041666666667,,0.05026041666666667,0.05026041666666667,43,EXP_0149
OCR_BENCHMARK,OCR pipelines on the shaped Bangla + English benchmark,t7_ft_seed43,OCR benchmark (HarfBuzz-shaped Bangla + English),validation (48 phrases; every choice made here),laptop (DESKTOP-EA33S9L),metrics,cer_seed_sd,1,0.0027318683324928745,,0.0027318683324928745,0.0027318683324928745,43,EXP_0149
OCR_BENCHMARK,OCR pipelines on the shaped Bangla + English benchmark,t7_ft_seed43,OCR benchmark (HarfBuzz-shaped Bangla + English),validation (48 phrases; every choice made here),laptop (DESKTOP-EA33S9L),metrics,cer_wild,1,0.012056327160493827,,0.012056327160493827,0.012056327160493827,43,EXP_0149
OCR_BENCHMARK,OCR pipelines on the shaped Bangla + English benchmark,t7_ft_seed43,OCR benchmark (HarfBuzz-shaped Bangla + English),validation (48 phrases; every choice made here),laptop (DESKTOP-EA33S9L),metrics,exact_match,1,0.9328703703703703,,0.9328703703703703,0.9328703703703703,43,EXP_0149
OCR_BENCHMARK,OCR pipelines on the shaped Bangla + English benchmark,t7_ft_seed43,OCR benchmark (HarfBuzz-shaped Bangla + English),validation (48 phrases; every choice made here),laptop (DESKTOP-EA33S9L),metrics,wer,1,0.045524691358024685,,0.045524691358024685,0.045524691358024685,43,EXP_0149
OCR_BENCHMARK,OCR pipelines on the shaped Bangla + English benchmark,t7_ft_seed43,OCR benchmark (HarfBuzz-shaped Bangla + English),validation (48 phrases; every choice made here),laptop (DESKTOP-EA33S9L),performance,latency_ms_median_gpu,1,236.03845000616275,,236.03845000616275,236.03845000616275,43,EXP_0149
OCR_BENCHMARK,OCR pipelines on the shaped Bangla + English benchmark,t7_ft_seed44,OCR benchmark (HarfBuzz-shaped Bangla + English),validation (48 phrases; every choice made here),laptop (DESKTOP-EA33S9L),metrics,cer,1,0.025770043356848914,,0.025770043356848914,0.025770043356848914,44,EXP_0150
OCR_BENCHMARK,OCR pipelines on the shaped Bangla + English benchmark,t7_ft_seed44,OCR benchmark (HarfBuzz-shaped Bangla + English),validation (48 phrases; every choice made here),laptop (DESKTOP-EA33S9L),metrics,cer_bangla,1,0.01072310405643739,,0.01072310405643739,0.01072310405643739,44,EXP_0150
OCR_BENCHMARK,OCR pipelines on the shaped Bangla + English benchmark,t7_ft_seed44,OCR benchmark (HarfBuzz-shaped Bangla + English),validation (48 phrases; every choice made here),laptop (DESKTOP-EA33S9L),metrics,cer_clean,1,0.013275738536155204,,0.013275738536155204,0.013275738536155204,44,EXP_0150
OCR_BENCHMARK,OCR pipelines on the shaped Bangla + English benchmark,t7_ft_seed44,OCR benchmark (HarfBuzz-shaped Bangla + English),validation (48 phrases; every choice made here),laptop (DESKTOP-EA33S9L),metrics,cer_english,1,0.04081698265726044,,0.04081698265726044,0.04081698265726044,44,EXP_0150
OCR_BENCHMARK,OCR pipelines on the shaped Bangla + English benchmark,t7_ft_seed44,OCR benchmark (HarfBuzz-shaped Bangla + English),validation (48 phrases; every choice made here),laptop (DESKTOP-EA33S9L),metrics,cer_scene,1,0.053796847442680776,,0.053796847442680776,0.053796847442680776,44,EXP_0150
OCR_BENCHMARK,OCR pipelines on the shaped Bangla + English benchmark,t7_ft_seed44,OCR benchmark (HarfBuzz-shaped Bangla + English),validation (48 phrases; every choice made here),laptop (DESKTOP-EA33S9L),metrics,cer_seed_sd,1,0.00803680023311984,,0.00803680023311984,0.00803680023311984,44,EXP_0150
OCR_BENCHMARK,OCR pipelines on the shaped Bangla + English benchmark,t7_ft_seed44,OCR benchmark (HarfBuzz-shaped Bangla + English),validation (48 phrases; every choice made here),laptop (DESKTOP-EA33S9L),metrics,cer_wild,1,0.010237544091710758,,0.010237544091710758,0.010237544091710758,44,EXP_0150
OCR_BENCHMARK,OCR pipelines on the shaped Bangla + English benchmark,t7_ft_seed44,OCR benchmark (HarfBuzz-shaped Bangla + English),validation (48 phrases; every choice made here),laptop (DESKTOP-EA33S9L),metrics,exact_match,1,0.9375,,0.9375,0.9375,44,EXP_0150
OCR_BENCHMARK,OCR pipelines on the shaped Bangla + English benchmark,t7_ft_seed44,OCR benchmark (HarfBuzz-shaped Bangla + English),validation (48 phrases; every choice made here),laptop (DESKTOP-EA33S9L),metrics,wer,1,0.03819444444444445,,0.03819444444444445,0.03819444444444445,44,EXP_0150
OCR_BENCHMARK,OCR pipelines on the shaped Bangla + English benchmark,t7_ft_seed44,OCR benchmark (HarfBuzz-shaped Bangla + English),validation (48 phrases; every choice made here),laptop (DESKTOP-EA33S9L),performance,latency_ms_median_gpu,1,235.5461999977706,,235.5461999977706,235.5461999977706,44,EXP_0150
OCR_CANVAS_SIZE,EasyOCR canvas size,canvas 2560,24-phrase selection set (Pillow basic layout),,laptop (DESKTOP-EA33S9L),metrics,raw_cer,1,0.13287202380952381,,0.13287202380952381,0.13287202380952381,,EXP_0156
OCR_CANVAS_SIZE,EasyOCR canvas size,canvas 2560,24-phrase selection set (Pillow basic layout),,laptop (DESKTOP-EA33S9L),metrics,raw_cer_bangla,1,0.24491071428571426,,0.24491071428571426,0.24491071428571426,,EXP_0156
OCR_CANVAS_SIZE,EasyOCR canvas size,canvas 2560,24-phrase selection set (Pillow basic layout),,laptop (DESKTOP-EA33S9L),metrics,raw_cer_english,1,0.020833333333333336,,0.020833333333333336,0.020833333333333336,,EXP_0156
OCR_CANVAS_SIZE,EasyOCR canvas size,canvas 2560,24-phrase selection set (Pillow basic layout),,laptop (DESKTOP-EA33S9L),metrics,raw_wer,1,0.36666666666666664,,0.36666666666666664,0.36666666666666664,,EXP_0156
OCR_CANVAS_SIZE,EasyOCR canvas size,canvas 2560,24-phrase selection set (Pillow basic layout),,laptop (DESKTOP-EA33S9L),performance,seconds_total_80_images,1,120.3,,120.3,120.3,,EXP_0156
OCR_CANVAS_SIZE,EasyOCR canvas size,canvas 320,24-phrase selection set (Pillow basic layout),,laptop (DESKTOP-EA33S9L),metrics,raw_cer,1,0.19148580586080585,,0.19148580586080585,0.19148580586080585,,EXP_0159
OCR_CANVAS_SIZE,EasyOCR canvas size,canvas 320,24-phrase selection set (Pillow basic layout),,laptop (DESKTOP-EA33S9L),metrics,raw_cer_bangla,1,0.3413049450549451,,0.3413049450549451,0.3413049450549451,,EXP_0159
OCR_CANVAS_SIZE,EasyOCR canvas size,canvas 320,24-phrase selection set (Pillow basic layout),,laptop (DESKTOP-EA33S9L),metrics,raw_cer_english,1,0.04166666666666667,,0.04166666666666667,0.04166666666666667,,EXP_0159
OCR_CANVAS_SIZE,EasyOCR canvas size,canvas 320,24-phrase selection set (Pillow basic layout),,laptop (DESKTOP-EA33S9L),metrics,raw_wer,1,0.3875,,0.3875,0.3875,,EXP_0159
OCR_CANVAS_SIZE,EasyOCR canvas size,canvas 320,24-phrase selection set (Pillow basic layout),,laptop (DESKTOP-EA33S9L),performance,seconds_total_80_images,1,26.1,,26.1,26.1,,EXP_0159
OCR_CANVAS_SIZE,EasyOCR canvas size,canvas 480,24-phrase selection set (Pillow basic layout),,laptop (DESKTOP-EA33S9L),metrics,raw_cer,1,0.15365384615384614,,0.15365384615384614,0.15365384615384614,,EXP_0158
OCR_CANVAS_SIZE,EasyOCR canvas size,canvas 480,24-phrase selection set (Pillow basic layout),,laptop (DESKTOP-EA33S9L),metrics,raw_cer_bangla,1,0.3073076923076923,,0.3073076923076923,0.3073076923076923,,EXP_0158
OCR_CANVAS_SIZE,EasyOCR canvas size,canvas 480,24-phrase selection set (Pillow basic layout),,laptop (DESKTOP-EA33S9L),metrics,raw_cer_english,1,0.0,,0.0,0.0,,EXP_0158
OCR_CANVAS_SIZE,EasyOCR canvas size,canvas 480,24-phrase selection set (Pillow basic layout),,laptop (DESKTOP-EA33S9L),metrics,raw_wer,1,0.3125,,0.3125,0.3125,,EXP_0158
OCR_CANVAS_SIZE,EasyOCR canvas size,canvas 480,24-phrase selection set (Pillow basic layout),,laptop (DESKTOP-EA33S9L),performance,seconds_total_80_images,1,36.6,,36.6,36.6,,EXP_0158
OCR_CANVAS_SIZE,EasyOCR canvas size,canvas 640,24-phrase selection set (Pillow basic layout),,laptop (DESKTOP-EA33S9L),metrics,raw_cer,1,0.1384352106227106,,0.1384352106227106,0.1384352106227106,,EXP_0157
OCR_CANVAS_SIZE,EasyOCR canvas size,canvas 640,24-phrase selection set (Pillow basic layout),,laptop (DESKTOP-EA33S9L),metrics,raw_cer_bangla,1,0.2560370879120879,,0.2560370879120879,0.2560370879120879,,EXP_0157
OCR_CANVAS_SIZE,EasyOCR canvas size,canvas 640,24-phrase selection set (Pillow basic layout),,laptop (DESKTOP-EA33S9L),metrics,raw_cer_english,1,0.020833333333333336,,0.020833333333333336,0.020833333333333336,,EXP_0157
OCR_CANVAS_SIZE,EasyOCR canvas size,canvas 640,24-phrase selection set (Pillow basic layout),,laptop (DESKTOP-EA33S9L),metrics,raw_wer,1,0.35,,0.35,0.35,,EXP_0157
OCR_CANVAS_SIZE,EasyOCR canvas size,canvas 640,24-phrase selection set (Pillow basic layout),,laptop (DESKTOP-EA33S9L),performance,seconds_total_80_images,1,46.7,,46.7,46.7,,EXP_0157
PI5_LATENCY,Latency per module on the Raspberry Pi 5,currency_mode_full,,,Raspberry Pi 5 Model B Rev 1.0,performance,cpu_temp_c_after,1,68.3,,68.3,68.3,,EXP_0160
PI5_LATENCY,Latency per module on the Raspberry Pi 5,currency_mode_full,,,Raspberry Pi 5 Model B Rev 1.0,performance,fps,1,3.06,,3.06,3.06,,EXP_0160
PI5_LATENCY,Latency per module on the Raspberry Pi 5,currency_mode_full,,,Raspberry Pi 5 Model B Rev 1.0,performance,latency_ms_mean,1,334.78,,334.78,334.78,,EXP_0160
PI5_LATENCY,Latency per module on the Raspberry Pi 5,currency_mode_full,,,Raspberry Pi 5 Model B Rev 1.0,performance,latency_ms_median,1,326.62,,326.62,326.62,,EXP_0160
PI5_LATENCY,Latency per module on the Raspberry Pi 5,currency_mode_full,,,Raspberry Pi 5 Model B Rev 1.0,performance,latency_ms_p95,1,560.03,,560.03,560.03,,EXP_0160
PI5_LATENCY,Latency per module on the Raspberry Pi 5,currency_mode_full,,,Raspberry Pi 5 Model B Rev 1.0,performance,load_ms,1,371.8,,371.8,371.8,,EXP_0160
PI5_LATENCY,Latency per module on the Raspberry Pi 5,currency_mode_full,,,Raspberry Pi 5 Model B Rev 1.0,performance,memory_rss_mb_after,1,1192.198144,,1192.198144,1192.198144,,EXP_0160
PI5_LATENCY,Latency per module on the Raspberry Pi 5,emotion,,,Raspberry Pi 5 Model B Rev 1.0,performance,cpu_temp_c_after,1,67.2,,67.2,67.2,,EXP_0174
PI5_LATENCY,Latency per module on the Raspberry Pi 5,emotion,,,Raspberry Pi 5 Model B Rev 1.0,performance,fps,1,20.65,,20.65,20.65,,EXP_0174
PI5_LATENCY,Latency per module on the Raspberry Pi 5,emotion,,,Raspberry Pi 5 Model B Rev 1.0,performance,latency_ms_mean,1,48.87,,48.87,48.87,,EXP_0174
PI5_LATENCY,Latency per module on the Raspberry Pi 5,emotion,,,Raspberry Pi 5 Model B Rev 1.0,performance,latency_ms_median,1,48.42,,48.42,48.42,,EXP_0174
PI5_LATENCY,Latency per module on the Raspberry Pi 5,emotion,,,Raspberry Pi 5 Model B Rev 1.0,performance,latency_ms_p95,1,52.03,,52.03,52.03,,EXP_0174
PI5_LATENCY,Latency per module on the Raspberry Pi 5,emotion,,,Raspberry Pi 5 Model B Rev 1.0,performance,load_ms,1,528.3,,528.3,528.3,,EXP_0174
PI5_LATENCY,Latency per module on the Raspberry Pi 5,emotion,,,Raspberry Pi 5 Model B Rev 1.0,performance,memory_rss_mb_after,1,1479.704576,,1479.704576,1479.704576,,EXP_0174
PI5_LATENCY,Latency per module on the Raspberry Pi 5,jaal_check_qduig,,,Raspberry Pi 5 Model B Rev 1.0,performance,cpu_temp_c_after,1,66.65,,66.65,66.65,,EXP_0166
PI5_LATENCY,Latency per module on the Raspberry Pi 5,jaal_check_qduig,,,Raspberry Pi 5 Model B Rev 1.0,performance,fps,1,27.7,,27.7,27.7,,EXP_0166
PI5_LATENCY,Latency per module on the Raspberry Pi 5,jaal_check_qduig,,,Raspberry Pi 5 Model B Rev 1.0,performance,latency_ms_mean,1,38.6,,38.6,38.6,,EXP_0166
PI5_LATENCY,Latency per module on the Raspberry Pi 5,jaal_check_qduig,,,Raspberry Pi 5 Model B Rev 1.0,performance,latency_ms_median,1,36.1,,36.1,36.1,,EXP_0166
PI5_LATENCY,Latency per module on the Raspberry Pi 5,jaal_check_qduig,,,Raspberry Pi 5 Model B Rev 1.0,performance,latency_ms_p95,1,49.68,,49.68,49.68,,EXP_0166
PI5_LATENCY,Latency per module on the Raspberry Pi 5,jaal_check_qduig,,,Raspberry Pi 5 Model B Rev 1.0,performance,load_ms,1,229.5,,229.5,229.5,,EXP_0166
PI5_LATENCY,Latency per module on the Raspberry Pi 5,jaal_check_qduig,,,Raspberry Pi 5 Model B Rev 1.0,performance,memory_rss_mb_after,1,1457.487872,,1457.487872,1457.487872,,EXP_0166
PI5_LATENCY,Latency per module on the Raspberry Pi 5,ocr_mode,,,Raspberry Pi 5 Model B Rev 1.0,performance,cpu_temp_c_after,1,73.8,,73.8,73.8,,EXP_0173
PI5_LATENCY,Latency per module on the Raspberry Pi 5,ocr_mode,,,Raspberry Pi 5 Model B Rev 1.0,performance,fps,1,0.05,,0.05,0.05,,EXP_0173
PI5_LATENCY,Latency per module on the Raspberry Pi 5,ocr_mode,,,Raspberry Pi 5 Model B Rev 1.0,performance,latency_ms_mean,1,18892.33,,18892.33,18892.33,,EXP_0173
PI5_LATENCY,Latency per module on the Raspberry Pi 5,ocr_mode,,,Raspberry Pi 5 Model B Rev 1.0,performance,latency_ms_median,1,18725.73,,18725.73,18725.73,,EXP_0173
PI5_LATENCY,Latency per module on the Raspberry Pi 5,ocr_mode,,,Raspberry Pi 5 Model B Rev 1.0,performance,latency_ms_p95,1,20403.89,,20403.89,20403.89,,EXP_0173
PI5_LATENCY,Latency per module on the Raspberry Pi 5,ocr_mode,,,Raspberry Pi 5 Model B Rev 1.0,performance,load_ms,1,6997.9,,6997.9,6997.9,,EXP_0173
PI5_LATENCY,Latency per module on the Raspberry Pi 5,ocr_mode,,,Raspberry Pi 5 Model B Rev 1.0,performance,memory_rss_mb_after,1,1461.12512,,1461.12512,1461.12512,,EXP_0173
PI5_LATENCY,Latency per module on the Raspberry Pi 5,prmvt_1view,,,Raspberry Pi 5 Model B Rev 1.0,performance,cpu_temp_c_after,1,66.65,,66.65,66.65,,EXP_0167
PI5_LATENCY,Latency per module on the Raspberry Pi 5,prmvt_1view,,,Raspberry Pi 5 Model B Rev 1.0,performance,fps,1,27.04,,27.04,27.04,,EXP_0167
PI5_LATENCY,Latency per module on the Raspberry Pi 5,prmvt_1view,,,Raspberry Pi 5 Model B Rev 1.0,performance,latency_ms_mean,1,40.25,,40.25,40.25,,EXP_0167
PI5_LATENCY,Latency per module on the Raspberry Pi 5,prmvt_1view,,,Raspberry Pi 5 Model B Rev 1.0,performance,latency_ms_median,1,36.98,,36.98,36.98,,EXP_0167
PI5_LATENCY,Latency per module on the Raspberry Pi 5,prmvt_1view,,,Raspberry Pi 5 Model B Rev 1.0,performance,latency_ms_p95,1,56.66,,56.66,56.66,,EXP_0167
PI5_LATENCY,Latency per module on the Raspberry Pi 5,prmvt_1view,,,Raspberry Pi 5 Model B Rev 1.0,performance,load_ms,1,281.2,,281.2,281.2,,EXP_0167
PI5_LATENCY,Latency per module on the Raspberry Pi 5,prmvt_1view,,,Raspberry Pi 5 Model B Rev 1.0,performance,memory_rss_mb_after,1,1457.68448,,1457.68448,1457.68448,,EXP_0167
PI5_LATENCY,Latency per module on the Raspberry Pi 5,prmvt_2view,,,Raspberry Pi 5 Model B Rev 1.0,performance,cpu_temp_c_after,1,67.75,,67.75,67.75,,EXP_0168
PI5_LATENCY,Latency per module on the Raspberry Pi 5,prmvt_2view,,,Raspberry Pi 5 Model B Rev 1.0,performance,fps,1,17.68,,17.68,17.68,,EXP_0168
PI5_LATENCY,Latency per module on the Raspberry Pi 5,prmvt_2view,,,Raspberry Pi 5 Model B Rev 1.0,performance,latency_ms_mean,1,57.22,,57.22,57.22,,EXP_0168
PI5_LATENCY,Latency per module on the Raspberry Pi 5,prmvt_2view,,,Raspberry Pi 5 Model B Rev 1.0,performance,latency_ms_median,1,56.57,,56.57,56.57,,EXP_0168
PI5_LATENCY,Latency per module on the Raspberry Pi 5,prmvt_2view,,,Raspberry Pi 5 Model B Rev 1.0,performance,latency_ms_p95,1,72.14,,72.14,72.14,,EXP_0168
PI5_LATENCY,Latency per module on the Raspberry Pi 5,prmvt_2view,,,Raspberry Pi 5 Model B Rev 1.0,performance,load_ms,1,297.7,,297.7,297.7,,EXP_0168
PI5_LATENCY,Latency per module on the Raspberry Pi 5,prmvt_2view,,,Raspberry Pi 5 Model B Rev 1.0,performance,memory_rss_mb_after,1,1459.503104,,1459.503104,1459.503104,,EXP_0168
PI5_LATENCY,Latency per module on the Raspberry Pi 5,prmvt_3view,,,Raspberry Pi 5 Model B Rev 1.0,performance,cpu_temp_c_after,1,65.55,,65.55,65.55,,EXP_0169
PI5_LATENCY,Latency per module on the Raspberry Pi 5,prmvt_3view,,,Raspberry Pi 5 Model B Rev 1.0,performance,fps,1,15.89,,15.89,15.89,,EXP_0169
PI5_LATENCY,Latency per module on the Raspberry Pi 5,prmvt_3view,,,Raspberry Pi 5 Model B Rev 1.0,performance,latency_ms_mean,1,65.29,,65.29,65.29,,EXP_0169
PI5_LATENCY,Latency per module on the Raspberry Pi 5,prmvt_3view,,,Raspberry Pi 5 Model B Rev 1.0,performance,latency_ms_median,1,62.94,,62.94,62.94,,EXP_0169
PI5_LATENCY,Latency per module on the Raspberry Pi 5,prmvt_3view,,,Raspberry Pi 5 Model B Rev 1.0,performance,latency_ms_p95,1,86.05,,86.05,86.05,,EXP_0169
PI5_LATENCY,Latency per module on the Raspberry Pi 5,prmvt_3view,,,Raspberry Pi 5 Model B Rev 1.0,performance,load_ms,1,288.3,,288.3,288.3,,EXP_0169
PI5_LATENCY,Latency per module on the Raspberry Pi 5,prmvt_3view,,,Raspberry Pi 5 Model B Rev 1.0,performance,memory_rss_mb_after,1,1459.748864,,1459.748864,1459.748864,,EXP_0169
PI5_LATENCY,Latency per module on the Raspberry Pi 5,prmvt_4view,,,Raspberry Pi 5 Model B Rev 1.0,performance,cpu_temp_c_after,1,66.1,,66.1,66.1,,EXP_0170
PI5_LATENCY,Latency per module on the Raspberry Pi 5,prmvt_4view,,,Raspberry Pi 5 Model B Rev 1.0,performance,fps,1,14.02,,14.02,14.02,,EXP_0170
PI5_LATENCY,Latency per module on the Raspberry Pi 5,prmvt_4view,,,Raspberry Pi 5 Model B Rev 1.0,performance,latency_ms_mean,1,72.69,,72.69,72.69,,EXP_0170
PI5_LATENCY,Latency per module on the Raspberry Pi 5,prmvt_4view,,,Raspberry Pi 5 Model B Rev 1.0,performance,latency_ms_median,1,71.31,,71.31,71.31,,EXP_0170
PI5_LATENCY,Latency per module on the Raspberry Pi 5,prmvt_4view,,,Raspberry Pi 5 Model B Rev 1.0,performance,latency_ms_p95,1,90.87,,90.87,90.87,,EXP_0170
PI5_LATENCY,Latency per module on the Raspberry Pi 5,prmvt_4view,,,Raspberry Pi 5 Model B Rev 1.0,performance,load_ms,1,322.7,,322.7,322.7,,EXP_0170
PI5_LATENCY,Latency per module on the Raspberry Pi 5,prmvt_4view,,,Raspberry Pi 5 Model B Rev 1.0,performance,memory_rss_mb_after,1,1462.386688,,1462.386688,1462.386688,,EXP_0170
PI5_LATENCY,Latency per module on the Raspberry Pi 5,prmvt_5view,,,Raspberry Pi 5 Model B Rev 1.0,performance,cpu_temp_c_after,1,65.55,,65.55,65.55,,EXP_0171
PI5_LATENCY,Latency per module on the Raspberry Pi 5,prmvt_5view,,,Raspberry Pi 5 Model B Rev 1.0,performance,fps,1,12.26,,12.26,12.26,,EXP_0171
PI5_LATENCY,Latency per module on the Raspberry Pi 5,prmvt_5view,,,Raspberry Pi 5 Model B Rev 1.0,performance,latency_ms_mean,1,82.69,,82.69,82.69,,EXP_0171
PI5_LATENCY,Latency per module on the Raspberry Pi 5,prmvt_5view,,,Raspberry Pi 5 Model B Rev 1.0,performance,latency_ms_median,1,81.55,,81.55,81.55,,EXP_0171
PI5_LATENCY,Latency per module on the Raspberry Pi 5,prmvt_5view,,,Raspberry Pi 5 Model B Rev 1.0,performance,latency_ms_p95,1,99.25,,99.25,99.25,,EXP_0171
PI5_LATENCY,Latency per module on the Raspberry Pi 5,prmvt_5view,,,Raspberry Pi 5 Model B Rev 1.0,performance,load_ms,1,304.5,,304.5,304.5,,EXP_0171
PI5_LATENCY,Latency per module on the Raspberry Pi 5,prmvt_5view,,,Raspberry Pi 5 Model B Rev 1.0,performance,memory_rss_mb_after,1,1464.844288,,1464.844288,1464.844288,,EXP_0171
PI5_LATENCY,Latency per module on the Raspberry Pi 5,prmvt_6view,,,Raspberry Pi 5 Model B Rev 1.0,performance,cpu_temp_c_after,1,66.1,,66.1,66.1,,EXP_0172
PI5_LATENCY,Latency per module on the Raspberry Pi 5,prmvt_6view,,,Raspberry Pi 5 Model B Rev 1.0,performance,fps,1,11.09,,11.09,11.09,,EXP_0172
PI5_LATENCY,Latency per module on the Raspberry Pi 5,prmvt_6view,,,Raspberry Pi 5 Model B Rev 1.0,performance,latency_ms_mean,1,90.96,,90.96,90.96,,EXP_0172
PI5_LATENCY,Latency per module on the Raspberry Pi 5,prmvt_6view,,,Raspberry Pi 5 Model B Rev 1.0,performance,latency_ms_median,1,90.16,,90.16,90.16,,EXP_0172
PI5_LATENCY,Latency per module on the Raspberry Pi 5,prmvt_6view,,,Raspberry Pi 5 Model B Rev 1.0,performance,latency_ms_p95,1,106.01,,106.01,106.01,,EXP_0172
PI5_LATENCY,Latency per module on the Raspberry Pi 5,prmvt_6view,,,Raspberry Pi 5 Model B Rev 1.0,performance,load_ms,1,319.2,,319.2,319.2,,EXP_0172
PI5_LATENCY,Latency per module on the Raspberry Pi 5,prmvt_6view,,,Raspberry Pi 5 Model B Rev 1.0,performance,memory_rss_mb_after,1,1466.810368,,1466.810368,1466.810368,,EXP_0172
PI5_LATENCY,Latency per module on the Raspberry Pi 5,sustained run,,,Raspberry Pi 5 Model B Rev 1.0,performance,calls,1,1229.0,,1229,1229,,EXP_0175
PI5_LATENCY,Latency per module on the Raspberry Pi 5,sustained run,,,Raspberry Pi 5 Model B Rev 1.0,performance,max_cpu_temp_c,1,77.1,,77.1,77.1,,EXP_0175
PI5_LATENCY,Latency per module on the Raspberry Pi 5,sustained run,,,Raspberry Pi 5 Model B Rev 1.0,performance,minutes,1,30.0,,30.0,30.0,,EXP_0175
PI5_LATENCY,Latency per module on the Raspberry Pi 5,sustained run,,,Raspberry Pi 5 Model B Rev 1.0,performance,peak_rss_mb,1,1479.72096,,1479.72096,1479.72096,,EXP_0175
PI5_LATENCY,Latency per module on the Raspberry Pi 5,taka_yolo_onnx_fp32,,,Raspberry Pi 5 Model B Rev 1.0,performance,cpu_temp_c_after,1,76.55,,76.55,76.55,,EXP_0162
PI5_LATENCY,Latency per module on the Raspberry Pi 5,taka_yolo_onnx_fp32,,,Raspberry Pi 5 Model B Rev 1.0,performance,fps,1,2.06,,2.06,2.06,,EXP_0162
PI5_LATENCY,Latency per module on the Raspberry Pi 5,taka_yolo_onnx_fp32,,,Raspberry Pi 5 Model B Rev 1.0,performance,latency_ms_mean,1,502.57,,502.57,502.57,,EXP_0162
PI5_LATENCY,Latency per module on the Raspberry Pi 5,taka_yolo_onnx_fp32,,,Raspberry Pi 5 Model B Rev 1.0,performance,latency_ms_median,1,485.47,,485.47,485.47,,EXP_0162
PI5_LATENCY,Latency per module on the Raspberry Pi 5,taka_yolo_onnx_fp32,,,Raspberry Pi 5 Model B Rev 1.0,performance,latency_ms_p95,1,575.48,,575.48,575.48,,EXP_0162
PI5_LATENCY,Latency per module on the Raspberry Pi 5,taka_yolo_onnx_fp32,,,Raspberry Pi 5 Model B Rev 1.0,performance,load_ms,1,0.6,,0.6,0.6,,EXP_0162
PI5_LATENCY,Latency per module on the Raspberry Pi 5,taka_yolo_onnx_fp32,,,Raspberry Pi 5 Model B Rev 1.0,performance,memory_rss_mb_after,1,1332.084736,,1332.084736,1332.084736,,EXP_0162
PI5_LATENCY,Latency per module on the Raspberry Pi 5,taka_yolo_onnx_int8,,,Raspberry Pi 5 Model B Rev 1.0,performance,cpu_temp_c_after,1,76.0,,76.0,76.0,,EXP_0163
PI5_LATENCY,Latency per module on the Raspberry Pi 5,taka_yolo_onnx_int8,,,Raspberry Pi 5 Model B Rev 1.0,performance,fps,1,3.93,,3.93,3.93,,EXP_0163
PI5_LATENCY,Latency per module on the Raspberry Pi 5,taka_yolo_onnx_int8,,,Raspberry Pi 5 Model B Rev 1.0,performance,latency_ms_mean,1,265.32,,265.32,265.32,,EXP_0163
PI5_LATENCY,Latency per module on the Raspberry Pi 5,taka_yolo_onnx_int8,,,Raspberry Pi 5 Model B Rev 1.0,performance,latency_ms_median,1,254.44,,254.44,254.44,,EXP_0163
PI5_LATENCY,Latency per module on the Raspberry Pi 5,taka_yolo_onnx_int8,,,Raspberry Pi 5 Model B Rev 1.0,performance,latency_ms_p95,1,339.38,,339.38,339.38,,EXP_0163
PI5_LATENCY,Latency per module on the Raspberry Pi 5,taka_yolo_onnx_int8,,,Raspberry Pi 5 Model B Rev 1.0,performance,load_ms,1,0.4,,0.4,0.4,,EXP_0163
PI5_LATENCY,Latency per module on the Raspberry Pi 5,taka_yolo_onnx_int8,,,Raspberry Pi 5 Model B Rev 1.0,performance,memory_rss_mb_after,1,1426.079744,,1426.079744,1426.079744,,EXP_0163
PI5_LATENCY,Latency per module on the Raspberry Pi 5,taka_yolo_pt,,,Raspberry Pi 5 Model B Rev 1.0,performance,cpu_temp_c_after,1,69.4,,69.4,69.4,,EXP_0161
PI5_LATENCY,Latency per module on the Raspberry Pi 5,taka_yolo_pt,,,Raspberry Pi 5 Model B Rev 1.0,performance,fps,1,1.97,,1.97,1.97,,EXP_0161
PI5_LATENCY,Latency per module on the Raspberry Pi 5,taka_yolo_pt,,,Raspberry Pi 5 Model B Rev 1.0,performance,latency_ms_mean,1,521.04,,521.04,521.04,,EXP_0161
PI5_LATENCY,Latency per module on the Raspberry Pi 5,taka_yolo_pt,,,Raspberry Pi 5 Model B Rev 1.0,performance,latency_ms_median,1,507.3,,507.3,507.3,,EXP_0161
PI5_LATENCY,Latency per module on the Raspberry Pi 5,taka_yolo_pt,,,Raspberry Pi 5 Model B Rev 1.0,performance,latency_ms_p95,1,602.55,,602.55,602.55,,EXP_0161
PI5_LATENCY,Latency per module on the Raspberry Pi 5,taka_yolo_pt,,,Raspberry Pi 5 Model B Rev 1.0,performance,load_ms,1,411.1,,411.1,411.1,,EXP_0161
PI5_LATENCY,Latency per module on the Raspberry Pi 5,taka_yolo_pt,,,Raspberry Pi 5 Model B Rev 1.0,performance,memory_rss_mb_after,1,1245.708288,,1245.708288,1245.708288,,EXP_0161
PI5_LATENCY,Latency per module on the Raspberry Pi 5,watermark_int8_localizer,,,Raspberry Pi 5 Model B Rev 1.0,performance,cpu_temp_c_after,1,68.3,,68.3,68.3,,EXP_0165
PI5_LATENCY,Latency per module on the Raspberry Pi 5,watermark_int8_localizer,,,Raspberry Pi 5 Model B Rev 1.0,performance,fps,1,19.98,,19.98,19.98,,EXP_0165
PI5_LATENCY,Latency per module on the Raspberry Pi 5,watermark_int8_localizer,,,Raspberry Pi 5 Model B Rev 1.0,performance,latency_ms_mean,1,51.33,,51.33,51.33,,EXP_0165
PI5_LATENCY,Latency per module on the Raspberry Pi 5,watermark_int8_localizer,,,Raspberry Pi 5 Model B Rev 1.0,performance,latency_ms_median,1,50.06,,50.06,50.06,,EXP_0165
PI5_LATENCY,Latency per module on the Raspberry Pi 5,watermark_int8_localizer,,,Raspberry Pi 5 Model B Rev 1.0,performance,latency_ms_p95,1,62.1,,62.1,62.1,,EXP_0165
PI5_LATENCY,Latency per module on the Raspberry Pi 5,watermark_int8_localizer,,,Raspberry Pi 5 Model B Rev 1.0,performance,load_ms,1,582.0,,582.0,582.0,,EXP_0165
PI5_LATENCY,Latency per module on the Raspberry Pi 5,watermark_int8_localizer,,,Raspberry Pi 5 Model B Rev 1.0,performance,memory_rss_mb_after,1,1456.29184,,1456.29184,1456.29184,,EXP_0165
PI5_LATENCY,Latency per module on the Raspberry Pi 5,watermark_int8_sift,,,Raspberry Pi 5 Model B Rev 1.0,performance,cpu_temp_c_after,1,64.45,,64.45,64.45,,EXP_0164
PI5_LATENCY,Latency per module on the Raspberry Pi 5,watermark_int8_sift,,,Raspberry Pi 5 Model B Rev 1.0,performance,fps,1,2.68,,2.68,2.68,,EXP_0164
PI5_LATENCY,Latency per module on the Raspberry Pi 5,watermark_int8_sift,,,Raspberry Pi 5 Model B Rev 1.0,performance,latency_ms_mean,1,478.14,,478.14,478.14,,EXP_0164
PI5_LATENCY,Latency per module on the Raspberry Pi 5,watermark_int8_sift,,,Raspberry Pi 5 Model B Rev 1.0,performance,latency_ms_median,1,372.47,,372.47,372.47,,EXP_0164
PI5_LATENCY,Latency per module on the Raspberry Pi 5,watermark_int8_sift,,,Raspberry Pi 5 Model B Rev 1.0,performance,latency_ms_p95,1,853.9,,853.9,853.9,,EXP_0164
PI5_LATENCY,Latency per module on the Raspberry Pi 5,watermark_int8_sift,,,Raspberry Pi 5 Model B Rev 1.0,performance,load_ms,1,696.3,,696.3,696.3,,EXP_0164
PI5_LATENCY,Latency per module on the Raspberry Pi 5,watermark_int8_sift,,,Raspberry Pi 5 Model B Rev 1.0,performance,memory_rss_mb_after,1,1435.48416,,1435.48416,1435.48416,,EXP_0164
TAKA_DETECTOR,Taka denomination detector across test sets,bangla_money_training_folders,bangla_money_training_folders,external test,laptop (DESKTOP-EA33S9L),metrics,accuracy_when_detected,1,0.9519,,0.9519,0.9519,,EXP_0005
TAKA_DETECTOR,Taka denomination detector across test sets,bangla_money_training_folders,bangla_money_training_folders,external test,laptop (DESKTOP-EA33S9L),metrics,images,1,1536.0,,1536,1536,,EXP_0005
TAKA_DETECTOR,Taka denomination detector across test sets,bangla_money_training_folders,bangla_money_training_folders,external test,laptop (DESKTOP-EA33S9L),metrics,no_detection_rate,1,0.0391,,0.0391,0.0391,,EXP_0005
TAKA_DETECTOR,Taka denomination detector across test sets,bangla_money_training_folders,bangla_money_training_folders,external test,laptop (DESKTOP-EA33S9L),metrics,top1_accuracy,1,0.9147,,0.9147,0.9147,,EXP_0005
TAKA_DETECTOR,Taka denomination detector across test sets,bangla_money_training_folders,bangla_money_training_folders,external test,laptop (DESKTOP-EA33S9L),metrics,top1_accuracy_one_image_per_original,1,0.9147,,0.9147,0.9147,,EXP_0005
TAKA_DETECTOR,Taka denomination detector across test sets,bangla_money_training_folders,bangla_money_training_folders,external test,laptop (DESKTOP-EA33S9L),metrics,unique_originals,1,1536.0,,1536,1536,,EXP_0005
TAKA_DETECTOR,Taka denomination detector across test sets,composites test,Taka detector composites,test,laptop (DESKTOP-EA33S9L),metrics,map50,1,0.9949300492610836,,0.9949300492610836,0.9949300492610836,,EXP_0001
TAKA_DETECTOR,Taka denomination detector across test sets,composites test,Taka detector composites,test,laptop (DESKTOP-EA33S9L),metrics,map50_95,1,0.8488711569132964,,0.8488711569132964,0.8488711569132964,,EXP_0001
TAKA_DETECTOR,Taka denomination detector across test sets,composites test,Taka detector composites,test,laptop (DESKTOP-EA33S9L),metrics,per_class_map50_95.1000_taka,1,0.8416505511030421,,0.8416505511030421,0.8416505511030421,,EXP_0001
TAKA_DETECTOR,Taka denomination detector across test sets,composites test,Taka detector composites,test,laptop (DESKTOP-EA33S9L),metrics,per_class_map50_95.100_taka,1,0.8363596308035792,,0.8363596308035792,0.8363596308035792,,EXP_0001
TAKA_DETECTOR,Taka denomination detector across test sets,composites test,Taka detector composites,test,laptop (DESKTOP-EA33S9L),metrics,per_class_map50_95.10_taka,1,0.846620908322153,,0.846620908322153,0.846620908322153,,EXP_0001
TAKA_DETECTOR,Taka denomination detector across test sets,composites test,Taka detector composites,test,laptop (DESKTOP-EA33S9L),metrics,per_class_map50_95.200_taka,1,0.8542323905355953,,0.8542323905355953,0.8542323905355953,,EXP_0001
TAKA_DETECTOR,Taka denomination detector across test sets,composites test,Taka detector composites,test,laptop (DESKTOP-EA33S9L),metrics,per_class_map50_95.20_taka,1,0.8606467236060368,,0.8606467236060368,0.8606467236060368,,EXP_0001
TAKA_DETECTOR,Taka denomination detector across test sets,composites test,Taka detector composites,test,laptop (DESKTOP-EA33S9L),metrics,per_class_map50_95.2_taka,1,0.8562222343220988,,0.8562222343220988,0.8562222343220988,,EXP_0001
TAKA_DETECTOR,Taka denomination detector across test sets,composites test,Taka detector composites,test,laptop (DESKTOP-EA33S9L),metrics,per_class_map50_95.500_taka,1,0.8530705607604366,,0.8530705607604366,0.8530705607604366,,EXP_0001
TAKA_DETECTOR,Taka denomination detector across test sets,composites test,Taka detector composites,test,laptop (DESKTOP-EA33S9L),metrics,per_class_map50_95.50_taka,1,0.8476191788242218,,0.8476191788242218,0.8476191788242218,,EXP_0001
TAKA_DETECTOR,Taka denomination detector across test sets,composites test,Taka detector composites,test,laptop (DESKTOP-EA33S9L),metrics,per_class_map50_95.5_taka,1,0.843418233942504,,0.843418233942504,0.843418233942504,,EXP_0001
TAKA_DETECTOR,Taka denomination detector across test sets,composites test,Taka detector composites,test,laptop (DESKTOP-EA33S9L),metrics,precision,1,0.9949052081331781,,0.9949052081331781,0.9949052081331781,,EXP_0001
TAKA_DETECTOR,Taka denomination detector across test sets,composites test,Taka detector composites,test,laptop (DESKTOP-EA33S9L),metrics,recall,1,0.9963485492831522,,0.9963485492831522,0.9963485492831522,,EXP_0001
TAKA_DETECTOR,Taka denomination detector across test sets,composites test,Taka detector composites,test,laptop (DESKTOP-EA33S9L),performance,inference_ms,1,13.863163540782018,,13.863163540782018,13.863163540782018,,EXP_0001
TAKA_DETECTOR,Taka denomination detector across test sets,composites test,Taka detector composites,test,laptop (DESKTOP-EA33S9L),performance,postprocess_ms,1,2.204047633538747,,2.204047633538747,2.204047633538747,,EXP_0001
TAKA_DETECTOR,Taka denomination detector across test sets,composites test,Taka detector composites,test,laptop (DESKTOP-EA33S9L),performance,preprocess_ms,1,3.1682655565504114,,3.1682655565504114,3.1682655565504114,,EXP_0001
TAKA_DETECTOR,Taka denomination detector across test sets,fresh composites,Fresh composite test,test,laptop (DESKTOP-EA33S9L),metrics,map50,1,0.9924796989502871,,0.9924796989502871,0.9924796989502871,,EXP_0002
TAKA_DETECTOR,Taka denomination detector across test sets,fresh composites,Fresh composite test,test,laptop (DESKTOP-EA33S9L),metrics,map50_95,1,0.8481668321273721,,0.8481668321273721,0.8481668321273721,,EXP_0002
TAKA_DETECTOR,Taka denomination detector across test sets,fresh composites,Fresh composite test,test,laptop (DESKTOP-EA33S9L),metrics,n_images,1,566.0,,566,566,,EXP_0002
TAKA_DETECTOR,Taka denomination detector across test sets,fresh composites,Fresh composite test,test,laptop (DESKTOP-EA33S9L),metrics,n_negatives,1,53.0,,53,53,,EXP_0002
TAKA_DETECTOR,Taka denomination detector across test sets,fresh composites,Fresh composite test,test,laptop (DESKTOP-EA33S9L),metrics,n_notes,1,513.0,,513,513,,EXP_0002
TAKA_DETECTOR,Taka denomination detector across test sets,fresh composites,Fresh composite test,test,laptop (DESKTOP-EA33S9L),metrics,precision,1,0.9955023564020967,,0.9955023564020967,0.9955023564020967,,EXP_0002
TAKA_DETECTOR,Taka denomination detector across test sets,fresh composites,Fresh composite test,test,laptop (DESKTOP-EA33S9L),metrics,recall,1,0.9974160206718347,,0.9974160206718347,0.9974160206718347,,EXP_0002
TAKA_DETECTOR,Taka denomination detector across test sets,nstu_detection_test,nstu_detection_test,external test,laptop (DESKTOP-EA33S9L),metrics,AP50_class_agnostic,1,0.7958,,0.7958,0.7958,,EXP_0003
TAKA_DETECTOR,Taka denomination detector across test sets,nstu_detection_test,nstu_detection_test,external test,laptop (DESKTOP-EA33S9L),metrics,gt_boxes,1,186.0,,186,186,,EXP_0003
TAKA_DETECTOR,Taka denomination detector across test sets,nstu_detection_test,nstu_detection_test,external test,laptop (DESKTOP-EA33S9L),metrics,images,1,186.0,,186,186,,EXP_0003
TAKA_DETECTOR,Taka denomination detector across test sets,nstu_recognition_test,nstu_recognition_test,external test,laptop (DESKTOP-EA33S9L),metrics,accuracy_when_detected,1,0.5594,,0.5594,0.5594,,EXP_0004
TAKA_DETECTOR,Taka denomination detector across test sets,nstu_recognition_test,nstu_recognition_test,external test,laptop (DESKTOP-EA33S9L),metrics,images,1,1144.0,,1144,1144,,EXP_0004
TAKA_DETECTOR,Taka denomination detector across test sets,nstu_recognition_test,nstu_recognition_test,external test,laptop (DESKTOP-EA33S9L),metrics,no_detection_rate,1,0.6687,,0.6687,0.6687,,EXP_0004
TAKA_DETECTOR,Taka denomination detector across test sets,nstu_recognition_test,nstu_recognition_test,external test,laptop (DESKTOP-EA33S9L),metrics,top1_accuracy,1,0.1853,,0.1853,0.1853,,EXP_0004
TAKA_DETECTOR,Taka denomination detector across test sets,nstu_recognition_test,nstu_recognition_test,external test,laptop (DESKTOP-EA33S9L),metrics,top1_accuracy_one_image_per_original,1,0.1846,,0.1846,0.1846,,EXP_0004
TAKA_DETECTOR,Taka denomination detector across test sets,nstu_recognition_test,nstu_recognition_test,external test,laptop (DESKTOP-EA33S9L),metrics,unique_originals,1,1127.0,,1127,1127,,EXP_0004
UNSEEN_PRINTS,Counterfeit detection on unseen prints,Attention fusion with watermark token,JaalTaka,test (serial-disjoint: unseen counterfeit prints),laptop (DESKTOP-EA33S9L),metrics,accuracy_k1,3,0.9084084084084084,0.002600676888241595,0.9054054054054054,0.9099099099099099,42 43 44,EXP_0025 EXP_0032 EXP_0039
UNSEEN_PRINTS,Counterfeit detection on unseen prints,Attention fusion with watermark token,JaalTaka,test (serial-disjoint: unseen counterfeit prints),laptop (DESKTOP-EA33S9L),metrics,accuracy_k6,3,0.9054054054054054,0.0,0.9054054054054054,0.9054054054054054,42 43 44,EXP_0025 EXP_0032 EXP_0039
UNSEEN_PRINTS,Counterfeit detection on unseen prints,Attention fusion with watermark token,JaalTaka,test (serial-disjoint: unseen counterfeit prints),laptop (DESKTOP-EA33S9L),metrics,counterfeit_missed_k1,3,19.0,1.0,18,20,42 43 44,EXP_0025 EXP_0032 EXP_0039
UNSEEN_PRINTS,Counterfeit detection on unseen prints,Attention fusion with watermark token,JaalTaka,test (serial-disjoint: unseen counterfeit prints),laptop (DESKTOP-EA33S9L),metrics,counterfeit_missed_k6,3,19.666666666666668,0.5773502691896258,19,20,42 43 44,EXP_0025 EXP_0032 EXP_0039
UNSEEN_PRINTS,Counterfeit detection on unseen prints,Attention fusion with watermark token,JaalTaka,test (serial-disjoint: unseen counterfeit prints),laptop (DESKTOP-EA33S9L),metrics,false_counterfeit_on_genuine_k1,3,1.3333333333333333,0.5773502691896257,1,2,42 43 44,EXP_0025 EXP_0032 EXP_0039
UNSEEN_PRINTS,Counterfeit detection on unseen prints,Attention fusion with watermark token,JaalTaka,test (serial-disjoint: unseen counterfeit prints),laptop (DESKTOP-EA33S9L),metrics,false_counterfeit_on_genuine_k6,3,1.3333333333333333,0.5773502691896257,1,2,42 43 44,EXP_0025 EXP_0032 EXP_0039
UNSEEN_PRINTS,Counterfeit detection on unseen prints,Attention fusion without watermark token,JaalTaka,test (serial-disjoint: unseen counterfeit prints),laptop (DESKTOP-EA33S9L),metrics,accuracy_k1,3,0.8783783783783784,0.009009009009009028,0.8693693693693694,0.8873873873873874,42 43 44,EXP_0026 EXP_0033 EXP_0040
UNSEEN_PRINTS,Counterfeit detection on unseen prints,Attention fusion without watermark token,JaalTaka,test (serial-disjoint: unseen counterfeit prints),laptop (DESKTOP-EA33S9L),metrics,accuracy_k6,3,0.8798798798798799,0.009376873871469077,0.8693693693693694,0.8873873873873874,42 43 44,EXP_0026 EXP_0033 EXP_0040
UNSEEN_PRINTS,Counterfeit detection on unseen prints,Attention fusion without watermark token,JaalTaka,test (serial-disjoint: unseen counterfeit prints),laptop (DESKTOP-EA33S9L),metrics,counterfeit_missed_k1,3,26.0,2.0,24,28,42 43 44,EXP_0026 EXP_0033 EXP_0040
UNSEEN_PRINTS,Counterfeit detection on unseen prints,Attention fusion without watermark token,JaalTaka,test (serial-disjoint: unseen counterfeit prints),laptop (DESKTOP-EA33S9L),metrics,counterfeit_missed_k6,3,25.666666666666668,2.081665999466133,24,28,42 43 44,EXP_0026 EXP_0033 EXP_0040
UNSEEN_PRINTS,Counterfeit detection on unseen prints,Attention fusion without watermark token,JaalTaka,test (serial-disjoint: unseen counterfeit prints),laptop (DESKTOP-EA33S9L),metrics,false_counterfeit_on_genuine_k1,3,1.0,0.0,1,1,42 43 44,EXP_0026 EXP_0033 EXP_0040
UNSEEN_PRINTS,Counterfeit detection on unseen prints,Attention fusion without watermark token,JaalTaka,test (serial-disjoint: unseen counterfeit prints),laptop (DESKTOP-EA33S9L),metrics,false_counterfeit_on_genuine_k6,3,1.0,0.0,1,1,42 43 44,EXP_0026 EXP_0033 EXP_0040
UNSEEN_PRINTS,Counterfeit detection on unseen prints,Fine-tuned ResNet-50 (full resolution),JaalTaka,test (serial-disjoint: unseen counterfeit prints),laptop (DESKTOP-EA33S9L),metrics,accuracy_k1,3,0.948948948948949,0.018204738217690888,0.9324324324324325,0.9684684684684685,42 43 44,EXP_0044 EXP_0045 EXP_0046
UNSEEN_PRINTS,Counterfeit detection on unseen prints,Fine-tuned ResNet-50 (full resolution),JaalTaka,test (serial-disjoint: unseen counterfeit prints),laptop (DESKTOP-EA33S9L),metrics,accuracy_k2,3,0.963963963963964,0.004504504504504514,0.9594594594594594,0.9684684684684685,42 43 44,EXP_0044 EXP_0045 EXP_0046
UNSEEN_PRINTS,Counterfeit detection on unseen prints,Fine-tuned ResNet-50 (full resolution),JaalTaka,test (serial-disjoint: unseen counterfeit prints),laptop (DESKTOP-EA33S9L),metrics,accuracy_k3,3,0.9579579579579579,0.006880744286720519,0.9504504504504504,0.963963963963964,42 43 44,EXP_0044 EXP_0045 EXP_0046
UNSEEN_PRINTS,Counterfeit detection on unseen prints,Fine-tuned ResNet-50 (full resolution),JaalTaka,test (serial-disjoint: unseen counterfeit prints),laptop (DESKTOP-EA33S9L),metrics,accuracy_k4,3,0.9534534534534534,0.010402707552966189,0.9414414414414415,0.9594594594594594,42 43 44,EXP_0044 EXP_0045 EXP_0046
UNSEEN_PRINTS,Counterfeit detection on unseen prints,Fine-tuned ResNet-50 (full resolution),JaalTaka,test (serial-disjoint: unseen counterfeit prints),laptop (DESKTOP-EA33S9L),metrics,accuracy_k5,3,0.9564564564564565,0.017053778816217054,0.9369369369369369,0.9684684684684685,42 43 44,EXP_0044 EXP_0045 EXP_0046
UNSEEN_PRINTS,Counterfeit detection on unseen prints,Fine-tuned ResNet-50 (full resolution),JaalTaka,test (serial-disjoint: unseen counterfeit prints),laptop (DESKTOP-EA33S9L),metrics,accuracy_k6,3,0.9444444444444445,0.026393987734605048,0.9144144144144144,0.963963963963964,42 43 44,EXP_0044 EXP_0045 EXP_0046
UNSEEN_PRINTS,Counterfeit detection on unseen prints,Fine-tuned ResNet-50 (full resolution),JaalTaka,test (serial-disjoint: unseen counterfeit prints),laptop (DESKTOP-EA33S9L),metrics,val_accuracy_k1,3,0.9384384384384384,0.018753747742938108,0.9234234234234234,0.9594594594594594,42 43 44,EXP_0044 EXP_0045 EXP_0046
UNSEEN_PRINTS,Counterfeit detection on unseen prints,Fine-tuned ResNet-50 (full resolution),JaalTaka,test (serial-disjoint: unseen counterfeit prints),laptop (DESKTOP-EA33S9L),metrics,val_accuracy_k2,3,0.954954954954955,0.004504504504504514,0.9504504504504504,0.9594594594594594,42 43 44,EXP_0044 EXP_0045 EXP_0046
UNSEEN_PRINTS,Counterfeit detection on unseen prints,Fine-tuned ResNet-50 (full resolution),JaalTaka,test (serial-disjoint: unseen counterfeit prints),laptop (DESKTOP-EA33S9L),metrics,val_accuracy_k3,3,0.9504504504504504,0.007802030664724657,0.9414414414414415,0.954954954954955,42 43 44,EXP_0044 EXP_0045 EXP_0046
UNSEEN_PRINTS,Counterfeit detection on unseen prints,Fine-tuned ResNet-50 (full resolution),JaalTaka,test (serial-disjoint: unseen counterfeit prints),laptop (DESKTOP-EA33S9L),metrics,val_accuracy_k4,3,0.948948948948949,0.014479956097586998,0.9324324324324325,0.9594594594594594,42 43 44,EXP_0044 EXP_0045 EXP_0046
UNSEEN_PRINTS,Counterfeit detection on unseen prints,Fine-tuned ResNet-50 (full resolution),JaalTaka,test (serial-disjoint: unseen counterfeit prints),laptop (DESKTOP-EA33S9L),metrics,val_accuracy_k5,3,0.9444444444444445,0.01820473821769091,0.9234234234234234,0.954954954954955,42 43 44,EXP_0044 EXP_0045 EXP_0046
UNSEEN_PRINTS,Counterfeit detection on unseen prints,Fine-tuned ResNet-50 (full resolution),JaalTaka,test (serial-disjoint: unseen counterfeit prints),laptop (DESKTOP-EA33S9L),metrics,val_accuracy_k6,3,0.9384384384384384,0.018204738217690888,0.918918918918919,0.954954954954955,42 43 44,EXP_0044 EXP_0045 EXP_0046
UNSEEN_PRINTS,Counterfeit detection on unseen prints,Fine-tuned ResNet-50 (quarter-resolution cache),JaalTaka,test (serial-disjoint: unseen counterfeit prints),laptop (DESKTOP-EA33S9L),metrics,accuracy_k1,3,0.9204204204204204,0.02267217548129359,0.8963963963963963,0.9414414414414415,42 43 44,EXP_0029 EXP_0036 EXP_0043
UNSEEN_PRINTS,Counterfeit detection on unseen prints,Fine-tuned ResNet-50 (quarter-resolution cache),JaalTaka,test (serial-disjoint: unseen counterfeit prints),laptop (DESKTOP-EA33S9L),metrics,accuracy_k6,3,0.8993993993993993,0.04375015701001042,0.8513513513513513,0.9369369369369369,42 43 44,EXP_0029 EXP_0036 EXP_0043
UNSEEN_PRINTS,Counterfeit detection on unseen prints,Fine-tuned ResNet-50 (quarter-resolution cache),JaalTaka,test (serial-disjoint: unseen counterfeit prints),laptop (DESKTOP-EA33S9L),metrics,counterfeit_missed_k1,3,16.333333333333332,5.131601439446884,12,22,42 43 44,EXP_0029 EXP_0036 EXP_0043
UNSEEN_PRINTS,Counterfeit detection on unseen prints,Fine-tuned ResNet-50 (quarter-resolution cache),JaalTaka,test (serial-disjoint: unseen counterfeit prints),laptop (DESKTOP-EA33S9L),metrics,counterfeit_missed_k6,3,21.333333333333332,9.71253485622231,13,32,42 43 44,EXP_0029 EXP_0036 EXP_0043
UNSEEN_PRINTS,Counterfeit detection on unseen prints,Fine-tuned ResNet-50 (quarter-resolution cache),JaalTaka,test (serial-disjoint: unseen counterfeit prints),laptop (DESKTOP-EA33S9L),metrics,false_counterfeit_on_genuine_k1,3,1.3333333333333333,0.5773502691896257,1,2,42 43 44,EXP_0029 EXP_0036 EXP_0043
UNSEEN_PRINTS,Counterfeit detection on unseen prints,Fine-tuned ResNet-50 (quarter-resolution cache),JaalTaka,test (serial-disjoint: unseen counterfeit prints),laptop (DESKTOP-EA33S9L),metrics,false_counterfeit_on_genuine_k6,3,1.0,0.0,1,1,42 43 44,EXP_0029 EXP_0036 EXP_0043
UNSEEN_PRINTS,Counterfeit detection on unseen prints,Frozen ResNet-50 probe,JaalTaka,test (serial-disjoint: unseen counterfeit prints),laptop (DESKTOP-EA33S9L),metrics,accuracy_k1,3,0.8513513513513513,0.0,0.8513513513513513,0.8513513513513513,42 43 44,EXP_0023 EXP_0030 EXP_0037
UNSEEN_PRINTS,Counterfeit detection on unseen prints,Frozen ResNet-50 probe,JaalTaka,test (serial-disjoint: unseen counterfeit prints),laptop (DESKTOP-EA33S9L),metrics,accuracy_k6,3,0.8378378378378378,0.0,0.8378378378378378,0.8378378378378378,42 43 44,EXP_0023 EXP_0030 EXP_0037
UNSEEN_PRINTS,Counterfeit detection on unseen prints,Frozen ResNet-50 probe,JaalTaka,test (serial-disjoint: unseen counterfeit prints),laptop (DESKTOP-EA33S9L),metrics,counterfeit_missed_k1,3,32.0,0.0,32,32,42 43 44,EXP_0023 EXP_0030 EXP_0037
UNSEEN_PRINTS,Counterfeit detection on unseen prints,Frozen ResNet-50 probe,JaalTaka,test (serial-disjoint: unseen counterfeit prints),laptop (DESKTOP-EA33S9L),metrics,counterfeit_missed_k6,3,35.0,0.0,35,35,42 43 44,EXP_0023 EXP_0030 EXP_0037
UNSEEN_PRINTS,Counterfeit detection on unseen prints,Frozen ResNet-50 probe,JaalTaka,test (serial-disjoint: unseen counterfeit prints),laptop (DESKTOP-EA33S9L),metrics,false_counterfeit_on_genuine_k1,3,1.0,0.0,1,1,42 43 44,EXP_0023 EXP_0030 EXP_0037
UNSEEN_PRINTS,Counterfeit detection on unseen prints,Frozen ResNet-50 probe,JaalTaka,test (serial-disjoint: unseen counterfeit prints),laptop (DESKTOP-EA33S9L),metrics,false_counterfeit_on_genuine_k6,3,1.0,0.0,1,1,42 43 44,EXP_0023 EXP_0030 EXP_0037
UNSEEN_PRINTS,Counterfeit detection on unseen prints,Prefix network,JaalTaka,test (serial-disjoint: unseen counterfeit prints),laptop (DESKTOP-EA33S9L),metrics,accuracy_k1,3,0.8993993993993993,0.0068807442867204706,0.8918918918918919,0.9054054054054054,42 43 44,EXP_0024 EXP_0031 EXP_0038
UNSEEN_PRINTS,Counterfeit detection on unseen prints,Prefix network,JaalTaka,test (serial-disjoint: unseen counterfeit prints),laptop (DESKTOP-EA33S9L),metrics,accuracy_k6,3,0.8933933933933934,0.013003384441207784,0.8783783783783784,0.9009009009009009,42 43 44,EXP_0024 EXP_0031 EXP_0038
UNSEEN_PRINTS,Counterfeit detection on unseen prints,Prefix network,JaalTaka,test (serial-disjoint: unseen counterfeit prints),laptop (DESKTOP-EA33S9L),metrics,counterfeit_missed_k1,3,18.666666666666668,2.5166114784235836,16,21,42 43 44,EXP_0024 EXP_0031 EXP_0038
UNSEEN_PRINTS,Counterfeit detection on unseen prints,Prefix network,JaalTaka,test (serial-disjoint: unseen counterfeit prints),laptop (DESKTOP-EA33S9L),metrics,counterfeit_missed_k6,3,21.666666666666668,3.7859388972001824,19,26,42 43 44,EXP_0024 EXP_0031 EXP_0038
UNSEEN_PRINTS,Counterfeit detection on unseen prints,Prefix network,JaalTaka,test (serial-disjoint: unseen counterfeit prints),laptop (DESKTOP-EA33S9L),metrics,false_counterfeit_on_genuine_k1,3,3.6666666666666665,3.785938897200183,1,8,42 43 44,EXP_0024 EXP_0031 EXP_0038
UNSEEN_PRINTS,Counterfeit detection on unseen prints,Prefix network,JaalTaka,test (serial-disjoint: unseen counterfeit prints),laptop (DESKTOP-EA33S9L),metrics,false_counterfeit_on_genuine_k6,3,2.0,1.0,1,3,42 43 44,EXP_0024 EXP_0031 EXP_0038
UNSEEN_PRINTS,Counterfeit detection on unseen prints,Prefix network + watermark hybrid,JaalTaka,test (serial-disjoint: unseen counterfeit prints),laptop (DESKTOP-EA33S9L),metrics,accuracy_k1,3,0.9444444444444445,0.005201353776483062,0.9414414414414415,0.9504504504504504,42 43 44,EXP_0028 EXP_0035 EXP_0042
UNSEEN_PRINTS,Counterfeit detection on unseen prints,Prefix network + watermark hybrid,JaalTaka,test (serial-disjoint: unseen counterfeit prints),laptop (DESKTOP-EA33S9L),metrics,accuracy_k6,3,0.9504504504504504,0.0,0.9504504504504504,0.9504504504504504,42 43 44,EXP_0028 EXP_0035 EXP_0042
UNSEEN_PRINTS,Counterfeit detection on unseen prints,Prefix network + watermark hybrid,JaalTaka,test (serial-disjoint: unseen counterfeit prints),laptop (DESKTOP-EA33S9L),metrics,counterfeit_missed_k1,3,7.0,0.0,7,7,42 43 44,EXP_0028 EXP_0035 EXP_0042
UNSEEN_PRINTS,Counterfeit detection on unseen prints,Prefix network + watermark hybrid,JaalTaka,test (serial-disjoint: unseen counterfeit prints),laptop (DESKTOP-EA33S9L),metrics,counterfeit_missed_k6,3,7.0,0.0,7,7,42 43 44,EXP_0028 EXP_0035 EXP_0042
UNSEEN_PRINTS,Counterfeit detection on unseen prints,Prefix network + watermark hybrid,JaalTaka,test (serial-disjoint: unseen counterfeit prints),laptop (DESKTOP-EA33S9L),metrics,false_counterfeit_on_genuine_k1,3,5.333333333333333,1.1547005383792517,4,6,42 43 44,EXP_0028 EXP_0035 EXP_0042
UNSEEN_PRINTS,Counterfeit detection on unseen prints,Prefix network + watermark hybrid,JaalTaka,test (serial-disjoint: unseen counterfeit prints),laptop (DESKTOP-EA33S9L),metrics,false_counterfeit_on_genuine_k6,3,4.0,0.0,4,4,42 43 44,EXP_0028 EXP_0035 EXP_0042
UNSEEN_PRINTS,Counterfeit detection on unseen prints,Uncertainty-weighted ensemble,JaalTaka,test (serial-disjoint: unseen counterfeit prints),laptop (DESKTOP-EA33S9L),metrics,accuracy_k1,3,0.933933933933934,0.002600676888241531,0.9324324324324325,0.9369369369369369,42 43 44,EXP_0027 EXP_0034 EXP_0041
UNSEEN_PRINTS,Counterfeit detection on unseen prints,Uncertainty-weighted ensemble,JaalTaka,test (serial-disjoint: unseen counterfeit prints),laptop (DESKTOP-EA33S9L),metrics,accuracy_k6,3,0.9309309309309309,0.002600676888241595,0.9279279279279279,0.9324324324324325,42 43 44,EXP_0027 EXP_0034 EXP_0041
UNSEEN_PRINTS,Counterfeit detection on unseen prints,Uncertainty-weighted ensemble,JaalTaka,test (serial-disjoint: unseen counterfeit prints),laptop (DESKTOP-EA33S9L),metrics,counterfeit_missed_k1,3,13.666666666666666,0.5773502691896257,13,14,42 43 44,EXP_0027 EXP_0034 EXP_0041
UNSEEN_PRINTS,Counterfeit detection on unseen prints,Uncertainty-weighted ensemble,JaalTaka,test (serial-disjoint: unseen counterfeit prints),laptop (DESKTOP-EA33S9L),metrics,counterfeit_missed_k6,3,14.333333333333334,0.5773502691896257,14,15,42 43 44,EXP_0027 EXP_0034 EXP_0041
UNSEEN_PRINTS,Counterfeit detection on unseen prints,Uncertainty-weighted ensemble,JaalTaka,test (serial-disjoint: unseen counterfeit prints),laptop (DESKTOP-EA33S9L),metrics,false_counterfeit_on_genuine_k1,3,1.0,0.0,1,1,42 43 44,EXP_0027 EXP_0034 EXP_0041
UNSEEN_PRINTS,Counterfeit detection on unseen prints,Uncertainty-weighted ensemble,JaalTaka,test (serial-disjoint: unseen counterfeit prints),laptop (DESKTOP-EA33S9L),metrics,false_counterfeit_on_genuine_k6,3,1.0,0.0,1,1,42 43 44,EXP_0027 EXP_0034 EXP_0041
WATERMARK_CHECK,Watermark-window check on unseen prints,App path (INT8),JaalTaka,test (serial-disjoint),laptop (DESKTOP-EA33S9L),metrics,accuracy,1,0.9324324324324325,,0.9324324324324325,0.9324324324324325,,EXP_0052
WATERMARK_CHECK,Watermark-window check on unseen prints,App path (INT8),JaalTaka,test (serial-disjoint),laptop (DESKTOP-EA33S9L),metrics,same_decision_as_research_fp32,1,0.990990990990991,,0.990990990990991,0.990990990990991,,EXP_0052
WATERMARK_CHECK,Watermark-window check on unseen prints,App path (INT8),JaalTaka,test (serial-disjoint),laptop (DESKTOP-EA33S9L),metrics,window_found,1,222.0,,222,222,,EXP_0052
WATERMARK_CHECK,Watermark-window check on unseen prints,Learned localizer + MobileNetV2,JaalTaka,"test (serial-disjoint), back-lit view 6",laptop (DESKTOP-EA33S9L),metrics,accuracy_all_test_notes,3,0.9264264264264265,0.005201353776483127,0.9234234234234234,0.9324324324324325,42 43 44,EXP_0049 EXP_0050 EXP_0051
WATERMARK_CHECK,Watermark-window check on unseen prints,Learned localizer + MobileNetV2,JaalTaka,"test (serial-disjoint), back-lit view 6",laptop (DESKTOP-EA33S9L),metrics,accuracy_notes_sift_missed,3,0.9333333333333332,0.02309401076758499,0.92,0.96,42 43 44,EXP_0049 EXP_0050 EXP_0051
WATERMARK_CHECK,Watermark-window check on unseen prints,Learned localizer + MobileNetV2,JaalTaka,"test (serial-disjoint), back-lit view 6",laptop (DESKTOP-EA33S9L),metrics,accuracy_registered_notes,3,0.9255499153976311,0.0029307120263432867,0.9238578680203046,0.9289340101522843,42 43 44,EXP_0049 EXP_0050 EXP_0051
WATERMARK_CHECK,Watermark-window check on unseen prints,Learned localizer + MobileNetV2,JaalTaka,"test (serial-disjoint), back-lit view 6",laptop (DESKTOP-EA33S9L),metrics,accuracy_sift_same_notes,3,0.9289340101522843,0.0,0.9289340101522843,0.9289340101522843,42 43 44,EXP_0049 EXP_0050 EXP_0051
WATERMARK_CHECK,Watermark-window check on unseen prints,Learned localizer + MobileNetV2,JaalTaka,"test (serial-disjoint), back-lit view 6",laptop (DESKTOP-EA33S9L),metrics,best_val_mean_corner_err,3,0.026405679062008858,5.642242519877713e-05,0.026369838044047356,0.026470717042684555,42 43 44,EXP_0049 EXP_0050 EXP_0051
WATERMARK_CHECK,Watermark-window check on unseen prints,Learned localizer + MobileNetV2,JaalTaka,"test (serial-disjoint), back-lit view 6",laptop (DESKTOP-EA33S9L),metrics,iou_ge_0.7,3,0.9357021996615905,0.0029307120263432867,0.934010152284264,0.9390862944162437,42 43 44,EXP_0049 EXP_0050 EXP_0051
WATERMARK_CHECK,Watermark-window check on unseen prints,Learned localizer + MobileNetV2,JaalTaka,"test (serial-disjoint), back-lit view 6",laptop (DESKTOP-EA33S9L),metrics,mcnemar_p_vs_sift,3,1.0,0.0,1.0,1.0,42 43 44,EXP_0049 EXP_0050 EXP_0051
WATERMARK_CHECK,Watermark-window check on unseen prints,Learned localizer + MobileNetV2,JaalTaka,"test (serial-disjoint), back-lit view 6",laptop (DESKTOP-EA33S9L),metrics,mean_corner_err_frac,3,0.025180076739818563,0.00026153131635637807,0.0248781884311306,0.02533781914711755,42 43 44,EXP_0049 EXP_0050 EXP_0051
WATERMARK_CHECK,Watermark-window check on unseen prints,Learned localizer + MobileNetV2,JaalTaka,"test (serial-disjoint), back-lit view 6",laptop (DESKTOP-EA33S9L),metrics,median_quad_iou,3,0.9269855467341378,0.0018915532838254358,0.9250494063664468,0.9288291134530986,42 43 44,EXP_0049 EXP_0050 EXP_0051
WATERMARK_CHECK,Watermark-window check on unseen prints,Watermark classifier MobileNetV2 (deployed),JaalTaka,"test (serial-disjoint), registered back-lit views",laptop (DESKTOP-EA33S9L),metrics,accuracy,1,0.9289340101522843,,0.9289340101522843,0.9289340101522843,,EXP_0047
WATERMARK_CHECK,Watermark-window check on unseen prints,Watermark classifier MobileNetV2 (deployed),JaalTaka,"test (serial-disjoint), registered back-lit views",laptop (DESKTOP-EA33S9L),metrics,auc,1,0.9759843331271902,,0.9759843331271902,0.9759843331271902,,EXP_0047
WATERMARK_CHECK,Watermark-window check on unseen prints,Watermark classifier MobileNetV2 (deployed),JaalTaka,"test (serial-disjoint), registered back-lit views",laptop (DESKTOP-EA33S9L),metrics,best_val_auc,1,0.9956656346749226,,0.9956656346749226,0.9956656346749226,,EXP_0047
WATERMARK_CHECK,Watermark-window check on unseen prints,Watermark classifier MobileNetV2 (deployed),JaalTaka,"test (serial-disjoint), registered back-lit views",laptop (DESKTOP-EA33S9L),metrics,int8_same_decision_as_fp32,1,1.0,,1.0,1.0,,EXP_0047
WATERMARK_CHECK,Watermark-window check on unseen prints,Watermark classifier MobileNetV3-Small,JaalTaka,"test (serial-disjoint), registered back-lit views",laptop (DESKTOP-EA33S9L),metrics,accuracy,1,0.9187817258883249,,0.9187817258883249,0.9187817258883249,,EXP_0048
WATERMARK_CHECK,Watermark-window check on unseen prints,Watermark classifier MobileNetV3-Small,JaalTaka,"test (serial-disjoint), registered back-lit views",laptop (DESKTOP-EA33S9L),metrics,auc,1,0.9623273551844981,,0.9623273551844981,0.9623273551844981,,EXP_0048
WATERMARK_CHECK,Watermark-window check on unseen prints,Watermark classifier MobileNetV3-Small,JaalTaka,"test (serial-disjoint), registered back-lit views",laptop (DESKTOP-EA33S9L),metrics,best_val_auc,1,0.9943240454076367,,0.9943240454076367,0.9943240454076367,,EXP_0048
WATERMARK_CHECK,Watermark-window check on unseen prints,Watermark classifier MobileNetV3-Small,JaalTaka,"test (serial-disjoint), registered back-lit views",laptop (DESKTOP-EA33S9L),metrics,int8_same_decision_as_fp32,1,0.6294416243654822,,0.6294416243654822,0.6294416243654822,,EXP_0048
WATERMARK_CHECK,Watermark-window check on unseen prints,localizer path,JaalTaka back-lit test photos,,laptop CPU,performance,latency_ms_median,1,15.87824999296572,,15.87824999296572,15.87824999296572,,EXP_0053
WATERMARK_CHECK,Watermark-window check on unseen prints,localizer path,JaalTaka back-lit test photos,,laptop CPU,performance,latency_ms_p95,1,19.242295002186435,,19.242295002186435,19.242295002186435,,EXP_0053
WATERMARK_CHECK,Watermark-window check on unseen prints,localizer path,JaalTaka back-lit test photos,,laptop CPU,performance,window_found,1,60.0,,60,60,,EXP_0053
WATERMARK_CHECK,Watermark-window check on unseen prints,sift path,JaalTaka back-lit test photos,,laptop CPU,performance,latency_ms_median,1,97.85790000023553,,97.85790000023553,97.85790000023553,,EXP_0054
WATERMARK_CHECK,Watermark-window check on unseen prints,sift path,JaalTaka back-lit test photos,,laptop CPU,performance,latency_ms_p95,1,121.51233500480885,,121.51233500480885,121.51233500480885,,EXP_0054
WATERMARK_CHECK,Watermark-window check on unseen prints,sift path,JaalTaka back-lit test photos,,laptop CPU,performance,window_found,1,59.0,,59,59,,EXP_0054
WHOLE_NOTE_TRANSFER,Approaches for counterfeit checking on whole-note photos,R2,Counterfeit set originals + Bangla Money + BanglaTaka (whole notes),,laptop (DESKTOP-EA33S9L),metrics,auc_cf_originals,1,0.9608676599474145,,0.9608676599474145,0.9608676599474145,,EXP_0076
WHOLE_NOTE_TRANSFER,Approaches for counterfeit checking on whole-note photos,R2,Counterfeit set originals + Bangla Money + BanglaTaka (whole notes),,laptop (DESKTOP-EA33S9L),metrics,bm_genuine_called_counterfeit,1,0.12811387900355872,,0.12811387900355872,0.12811387900355872,,EXP_0076
WHOLE_NOTE_TRANSFER,Approaches for counterfeit checking on whole-note photos,R2,Counterfeit set originals + Bangla Money + BanglaTaka (whole notes),,laptop (DESKTOP-EA33S9L),metrics,bt_genuine_called_counterfeit,1,0.1652542372881356,,0.1652542372881356,0.1652542372881356,,EXP_0076
WHOLE_NOTE_TRANSFER,Approaches for counterfeit checking on whole-note photos,R2,Counterfeit set originals + Bangla Money + BanglaTaka (whole notes),,laptop (DESKTOP-EA33S9L),metrics,cf_genuine_called_counterfeit,1,0.017528483786152498,,0.017528483786152498,0.017528483786152498,,EXP_0076
WHOLE_NOTE_TRANSFER,Approaches for counterfeit checking on whole-note photos,R2_coral,Counterfeit set originals + Bangla Money + BanglaTaka (whole notes),,laptop (DESKTOP-EA33S9L),metrics,auc_cf_originals,1,0.915644171779141,,0.915644171779141,0.915644171779141,,EXP_0077
WHOLE_NOTE_TRANSFER,Approaches for counterfeit checking on whole-note photos,R2_coral,Counterfeit set originals + Bangla Money + BanglaTaka (whole notes),,laptop (DESKTOP-EA33S9L),metrics,bm_genuine_called_counterfeit,1,0.4555160142348754,,0.4555160142348754,0.4555160142348754,,EXP_0077
WHOLE_NOTE_TRANSFER,Approaches for counterfeit checking on whole-note photos,R2_coral,Counterfeit set originals + Bangla Money + BanglaTaka (whole notes),,laptop (DESKTOP-EA33S9L),metrics,bt_genuine_called_counterfeit,1,0.7415254237288136,,0.7415254237288136,0.7415254237288136,,EXP_0077
WHOLE_NOTE_TRANSFER,Approaches for counterfeit checking on whole-note photos,R2_coral,Counterfeit set originals + Bangla Money + BanglaTaka (whole notes),,laptop (DESKTOP-EA33S9L),metrics,cf_genuine_called_counterfeit,1,0.2287467134092901,,0.2287467134092901,0.2287467134092901,,EXP_0077
WHOLE_NOTE_TRANSFER,Approaches for counterfeit checking on whole-note photos,S4,Counterfeit set originals + Bangla Money + BanglaTaka (whole notes),,laptop (DESKTOP-EA33S9L),metrics,auc_cf_originals,1,0.80977212971078,,0.80977212971078,0.80977212971078,,EXP_0074
WHOLE_NOTE_TRANSFER,Approaches for counterfeit checking on whole-note photos,S4,Counterfeit set originals + Bangla Money + BanglaTaka (whole notes),,laptop (DESKTOP-EA33S9L),metrics,bm_genuine_called_counterfeit,1,0.43416370106761565,,0.43416370106761565,0.43416370106761565,,EXP_0074
WHOLE_NOTE_TRANSFER,Approaches for counterfeit checking on whole-note photos,S4,Counterfeit set originals + Bangla Money + BanglaTaka (whole notes),,laptop (DESKTOP-EA33S9L),metrics,bt_genuine_called_counterfeit,1,0.601089588377724,,0.601089588377724,0.601089588377724,,EXP_0074
WHOLE_NOTE_TRANSFER,Approaches for counterfeit checking on whole-note photos,S4,Counterfeit set originals + Bangla Money + BanglaTaka (whole notes),,laptop (DESKTOP-EA33S9L),metrics,cf_genuine_called_counterfeit,1,0.04557405784399649,,0.04557405784399649,0.04557405784399649,,EXP_0074
WHOLE_NOTE_TRANSFER,Approaches for counterfeit checking on whole-note photos,S4_adabn,Counterfeit set originals + Bangla Money + BanglaTaka (whole notes),,laptop (DESKTOP-EA33S9L),metrics,auc_cf_originals,1,0.6410604732690622,,0.6410604732690622,0.6410604732690622,,EXP_0075
WHOLE_NOTE_TRANSFER,Approaches for counterfeit checking on whole-note photos,S4_adabn,Counterfeit set originals + Bangla Money + BanglaTaka (whole notes),,laptop (DESKTOP-EA33S9L),metrics,bm_genuine_called_counterfeit,1,0.33807829181494664,,0.33807829181494664,0.33807829181494664,,EXP_0075
WHOLE_NOTE_TRANSFER,Approaches for counterfeit checking on whole-note photos,S4_adabn,Counterfeit set originals + Bangla Money + BanglaTaka (whole notes),,laptop (DESKTOP-EA33S9L),metrics,bt_genuine_called_counterfeit,1,0.7221549636803875,,0.7221549636803875,0.7221549636803875,,EXP_0075
WHOLE_NOTE_TRANSFER,Approaches for counterfeit checking on whole-note photos,S4_adabn,Counterfeit set originals + Bangla Money + BanglaTaka (whole notes),,laptop (DESKTOP-EA33S9L),metrics,cf_genuine_called_counterfeit,1,0.2979842243645925,,0.2979842243645925,0.2979842243645925,,EXP_0075
WHOLE_NOTE_TRANSFER,Approaches for counterfeit checking on whole-note photos,synthetic_test_A,Synthetic whole notes built from JaalTaka,test,laptop (DESKTOP-EA33S9L),metrics,accuracy_0.5,1,0.8731707317073171,,0.8731707317073171,0.8731707317073171,,EXP_0072
WHOLE_NOTE_TRANSFER,Approaches for counterfeit checking on whole-note photos,synthetic_test_A,Synthetic whole notes built from JaalTaka,test,laptop (DESKTOP-EA33S9L),metrics,auc,1,0.932982661211767,,0.932982661211767,0.932982661211767,,EXP_0072
WHOLE_NOTE_TRANSFER,Approaches for counterfeit checking on whole-note photos,synthetic_test_A,Synthetic whole notes built from JaalTaka,test,laptop (DESKTOP-EA33S9L),metrics,counterfeit_n,1,87.0,,87,87,,EXP_0072
WHOLE_NOTE_TRANSFER,Approaches for counterfeit checking on whole-note photos,synthetic_test_A,Synthetic whole notes built from JaalTaka,test,laptop (DESKTOP-EA33S9L),metrics,counterfeit_passed,1,6.0,,6,6,,EXP_0072
WHOLE_NOTE_TRANSFER,Approaches for counterfeit checking on whole-note photos,synthetic_test_A,Synthetic whole notes built from JaalTaka,test,laptop (DESKTOP-EA33S9L),metrics,genuine_confirmed,1,82.0,,82,82,,EXP_0072
WHOLE_NOTE_TRANSFER,Approaches for counterfeit checking on whole-note photos,synthetic_test_A,Synthetic whole notes built from JaalTaka,test,laptop (DESKTOP-EA33S9L),metrics,genuine_n,1,118.0,,118,118,,EXP_0072
WHOLE_NOTE_TRANSFER,Approaches for counterfeit checking on whole-note photos,synthetic_test_A,Synthetic whole notes built from JaalTaka,test,laptop (DESKTOP-EA33S9L),metrics,n,1,205.0,,205,205,,EXP_0072
WHOLE_NOTE_TRANSFER,Approaches for counterfeit checking on whole-note photos,synthetic_test_S4_deployed,Synthetic whole notes built from JaalTaka,test,laptop (DESKTOP-EA33S9L),metrics,accuracy_0.5,1,0.7902439024390244,,0.7902439024390244,0.7902439024390244,,EXP_0073
WHOLE_NOTE_TRANSFER,Approaches for counterfeit checking on whole-note photos,synthetic_test_S4_deployed,Synthetic whole notes built from JaalTaka,test,laptop (DESKTOP-EA33S9L),metrics,auc,1,0.8746347165400351,,0.8746347165400351,0.8746347165400351,,EXP_0073
WHOLE_NOTE_TRANSFER,Approaches for counterfeit checking on whole-note photos,synthetic_test_S4_deployed,Synthetic whole notes built from JaalTaka,test,laptop (DESKTOP-EA33S9L),metrics,counterfeit_n,1,87.0,,87,87,,EXP_0073
WHOLE_NOTE_TRANSFER,Approaches for counterfeit checking on whole-note photos,synthetic_test_S4_deployed,Synthetic whole notes built from JaalTaka,test,laptop (DESKTOP-EA33S9L),metrics,counterfeit_passed,1,0.0,,0,0,,EXP_0073
WHOLE_NOTE_TRANSFER,Approaches for counterfeit checking on whole-note photos,synthetic_test_S4_deployed,Synthetic whole notes built from JaalTaka,test,laptop (DESKTOP-EA33S9L),metrics,genuine_confirmed,1,4.0,,4,4,,EXP_0073
WHOLE_NOTE_TRANSFER,Approaches for counterfeit checking on whole-note photos,synthetic_test_S4_deployed,Synthetic whole notes built from JaalTaka,test,laptop (DESKTOP-EA33S9L),metrics,genuine_n,1,118.0,,118,118,,EXP_0073
WHOLE_NOTE_TRANSFER,Approaches for counterfeit checking on whole-note photos,synthetic_test_S4_deployed,Synthetic whole notes built from JaalTaka,test,laptop (DESKTOP-EA33S9L),metrics,n,1,205.0,,205,205,,EXP_0073
