experiment_id,experiment_name,status,timestamp,task,mode,algorithm,experiment_group,comparison_group_id,variant,model_name,dataset_name,dataset_split,dataset_samples,dataset_kind,hardware_device,seed,ablation_component,ablation_configuration,decision,evidence_file,code_commit,metrics.AP50_class_agnostic,metrics.accepted,metrics.accepted_rate,metrics.accuracy,metrics.accuracy_0.5,metrics.accuracy_all,metrics.accuracy_all_test_notes,metrics.accuracy_conjuncts_60_111,metrics.accuracy_consonants_21_59,metrics.accuracy_digits_112_121,metrics.accuracy_k1,metrics.accuracy_k2,metrics.accuracy_k3,metrics.accuracy_k4,metrics.accuracy_k5,metrics.accuracy_k6,metrics.accuracy_matra_0_9,metrics.accuracy_notes_sift_missed,metrics.accuracy_registered_notes,metrics.accuracy_sift_same_notes,metrics.accuracy_vowels_10_20,metrics.accuracy_when_detected,metrics.auc,metrics.auc_cf_originals,metrics.best_val_accuracy,metrics.best_val_auc,metrics.best_val_mean_corner_err,metrics.blocked_black,metrics.blown_sat,metrics.bm_genuine_called_counterfeit,metrics.bt_genuine_called_counterfeit,metrics.cer,metrics.cer_bangla,metrics.cer_clean,metrics.cer_english,metrics.cer_on_these_images,metrics.cer_scene,metrics.cer_seed_sd,metrics.cer_wild,metrics.cf_genuine_called_counterfeit,metrics.checked,metrics.counterfeit_missed_k1,metrics.counterfeit_missed_k6,metrics.counterfeit_n,metrics.counterfeit_passed,metrics.dark_mean_y,metrics.exact_match,metrics.f1_k1,metrics.f1_k6,metrics.false_acceptance_rate_k1,metrics.false_acceptance_rate_k6,metrics.false_counterfeit_on_genuine_k1,metrics.false_counterfeit_on_genuine_k6,metrics.false_rejection_rate_k1,metrics.false_rejection_rate_k6,metrics.gate_rejected_notes,metrics.genuine_confirmed,metrics.genuine_n,metrics.genuine_passed,metrics.gt_boxes,metrics.images,metrics.int8_same_decision_as_fp32,metrics.iou_ge_0.7,metrics.likely_genuine,metrics.macro_f1,metrics.macro_precision,metrics.macro_recall,metrics.map50,metrics.map50_95,metrics.mcnemar_p_vs_sift,metrics.mean_corner_err_frac,metrics.median_quad_iou,metrics.n,metrics.n_images,metrics.n_negatives,metrics.n_notes,metrics.no_detection_rate,metrics.per_class_map50_95.1000_taka,metrics.per_class_map50_95.100_taka,metrics.per_class_map50_95.10_taka,metrics.per_class_map50_95.200_taka,metrics.per_class_map50_95.20_taka,metrics.per_class_map50_95.2_taka,metrics.per_class_map50_95.500_taka,metrics.per_class_map50_95.50_taka,metrics.per_class_map50_95.5_taka,metrics.precision,metrics.raw_cer,metrics.raw_cer_bangla,metrics.raw_cer_english,metrics.raw_wer,metrics.recall,metrics.rejected_blurry,metrics.rejected_dark,metrics.roc_auc_k1,metrics.roc_auc_k6,metrics.same_decision_as_research_fp32,metrics.top1_accuracy,metrics.top1_accuracy_one_image_per_original,metrics.unique_originals,metrics.val_accuracy_k1,metrics.val_accuracy_k2,metrics.val_accuracy_k3,metrics.val_accuracy_k4,metrics.val_accuracy_k5,metrics.val_accuracy_k6,metrics.val_crop_cer_after,metrics.val_crop_cer_before,metrics.wer,metrics.window_found,performance.activate_again_ms,performance.activate_first_ms,performance.calls,performance.cpu_temp_c_after,performance.first_check_ms,performance.fps,performance.inference_ms,performance.latency_ms_mean,performance.latency_ms_median,performance.latency_ms_median_gpu,performance.latency_ms_p95,performance.load_ms,performance.max_cpu_temp_c,performance.memory_rss_mb_after,performance.minutes,performance.peak_rss_mb,performance.postprocess_ms,performance.postprocess_ms_median,performance.preprocess_ms,performance.seconds_total_80_images,performance.steady_check_ms,performance.warm_up_ms,performance.window_found
EXP_0001,"Taka detector, synthetic composite test",verified,2026-09-29T17:07:53+06:00,currency_detection,currency,YOLOv8s detection,,TAKA_DETECTOR,composites test,YOLOv8s Taka detector,Taka detector composites,test,2282,synthetic,laptop (DESKTOP-EA33S9L),,,,,realtime_bangla_taka_detection/results/training_v2/test_eval/test_metrics.json,9ca07942868b07f68d73f76dbf920fcc0053c831,,,,,,,,,,,,,,,,,,,,,,,,,,,,,,,,,,,,,,,,,,,,,,,,,,,,,,,,,,,,,,,,,,,,0.9949300492610836,0.8488711569132964,,,,,,,,,0.8416505511030421,0.8363596308035792,0.846620908322153,0.8542323905355953,0.8606467236060368,0.8562222343220988,0.8530705607604366,0.8476191788242218,0.843418233942504,0.9949052081331781,,,,,0.9963485492831522,,,,,,,,,,,,,,,,,,,,,,,,,13.863163540782018,,,,,,,,,,2.204047633538747,,3.1682655565504114,,,,
EXP_0002,"Taka detector, fresh composite test (test notes on COCO train2017)",verified,2026-09-29T18:12:59+06:00,currency_detection,currency,YOLOv8s detection,,TAKA_DETECTOR,fresh composites,YOLOv8s Taka detector,Fresh composite test,test,,synthetic,laptop (DESKTOP-EA33S9L),,,,,realtime_bangla_taka_detection/results/new_test/detector_newtest.json,9ca07942868b07f68d73f76dbf920fcc0053c831,,,,,,,,,,,,,,,,,,,,,,,,,,,,,,,,,,,,,,,,,,,,,,,,,,,,,,,,,,,,,,,,,,,,0.9924796989502871,0.8481668321273721,,,,,566,53,513,,,,,,,,,,,0.9955023564020967,,,,,0.9974160206718347,,,,,,,,,,,,,,,,,,,,,,,,,,,,,,,,,,,,,,,,,
EXP_0003,Taka detector on independent photos: nstu_detection_test,verified,2026-09-29T04:15:34+06:00,currency_detection,currency,"YOLOv8s detection, no retraining",,TAKA_DETECTOR,nstu_detection_test,YOLOv8s Taka detector,nstu_detection_test,external test,,real,laptop (DESKTOP-EA33S9L),,,,,realtime_bangla_taka_detection/results/external/external_taka.json,9ca07942868b07f68d73f76dbf920fcc0053c831,0.7958,,,,,,,,,,,,,,,,,,,,,,,,,,,,,,,,,,,,,,,,,,,,,,,,,,,,,,,,,,,186,186,,,,,,,,,,,,,,,,,,,,,,,,,,,,,,,,,,,,,,,,,,,,,,,,,,,,,,,,,,,,,,,,,,,,,,,,
EXP_0004,Taka detector on independent photos: nstu_recognition_test,verified,2026-09-29T04:15:34+06:00,currency_detection,currency,"YOLOv8s detection, no retraining",,TAKA_DETECTOR,nstu_recognition_test,YOLOv8s Taka detector,nstu_recognition_test,external test,,real,laptop (DESKTOP-EA33S9L),,,,,realtime_bangla_taka_detection/results/external/external_taka.json,9ca07942868b07f68d73f76dbf920fcc0053c831,,,,,,,,,,,,,,,,,,,,,,0.5594,,,,,,,,,,,,,,,,,,,,,,,,,,,,,,,,,,,,,,,1144,,,,,,,,,,,,,,,,0.6687,,,,,,,,,,,,,,,,,,,,,0.1853,0.1846,1127,,,,,,,,,,,,,,,,,,,,,,,,,,,,,,,,,
EXP_0005,Taka detector on independent photos: bangla_money_training_folders,verified,2026-09-29T04:15:34+06:00,currency_detection,currency,"YOLOv8s detection, no retraining",,TAKA_DETECTOR,bangla_money_training_folders,YOLOv8s Taka detector,bangla_money_training_folders,external test,,real,laptop (DESKTOP-EA33S9L),,,,,realtime_bangla_taka_detection/results/external/external_taka.json,9ca07942868b07f68d73f76dbf920fcc0053c831,,,,,,,,,,,,,,,,,,,,,,0.9519,,,,,,,,,,,,,,,,,,,,,,,,,,,,,,,,,,,,,,,1536,,,,,,,,,,,,,,,,0.0391,,,,,,,,,,,,,,,,,,,,,0.9147,0.9147,1536,,,,,,,,,,,,,,,,,,,,,,,,,,,,,,,,,
EXP_0006,"Fixed 6-view training, per-count BN, seed 42",verified,2026-09-29T17:38:19+06:00,counterfeit_detection,research: JaalTaka authentication,multi-view MobileNetV3-Small + TinyViT with attention fusion,VIEW_COUNT_FIXED,JAALTAKA_VIEW_COUNT,"Fixed 6-view training, per-count BN","Fixed 6-view training, per-count BN",JaalTaka,"test (note-disjoint, seed 42)",208,real,laptop (DESKTOP-EA33S9L),42,,,,realtime_bangla_taka_detection/results/same_arch/fixed/s2/seed42/test_views/1view/test_metrics.json,9ca07942868b07f68d73f76dbf920fcc0053c831,,,,,,,,,,,0.7596153846153846,0.8557692307692307,0.8990384615384616,0.9038461538461539,0.9086538461538461,0.9903846153846154,,,,,,,,,,,,,,,,,,,,,,,,,,,,,,,,0.8263888888888888,0.9916666666666667,0.5568181818181818,0.011363636363636364,,,0.008333333333333333,0.008333333333333333,,,,,,,,,,,,,,,,,,,,,,,,,,,,,,,,,,,,,,,,0.9799242424242425,0.9904356060606061,,,,,,,,,,,,,,,,,,,,,,,,,,,,,,,,,,,,,
EXP_0007,"Fixed 6-view training, per-count BN, seed 43",verified,2026-09-29T18:08:43+06:00,counterfeit_detection,research: JaalTaka authentication,multi-view MobileNetV3-Small + TinyViT with attention fusion,VIEW_COUNT_FIXED,JAALTAKA_VIEW_COUNT,"Fixed 6-view training, per-count BN","Fixed 6-view training, per-count BN",JaalTaka,"test (note-disjoint, seed 42)",208,real,laptop (DESKTOP-EA33S9L),43,,,,realtime_bangla_taka_detection/results/same_arch/fixed/s2/seed43/test_views/1view/test_metrics.json,9ca07942868b07f68d73f76dbf920fcc0053c831,,,,,,,,,,,0.9326923076923077,0.9663461538461539,0.9855769230769231,0.9855769230769231,0.9807692307692307,0.9903846153846154,,,,,,,,,,,,,,,,,,,,,,,,,,,,,,,,0.9435483870967741,0.9916666666666667,0.125,0.011363636363636364,,,0.025,0.008333333333333333,,,,,,,,,,,,,,,,,,,,,,,,,,,,,,,,,,,,,,,,0.9766098484848484,0.9943181818181818,,,,,,,,,,,,,,,,,,,,,,,,,,,,,,,,,,,,,
EXP_0008,"Fixed 6-view training, per-count BN, seed 44",verified,2026-09-29T19:03:14+06:00,counterfeit_detection,research: JaalTaka authentication,multi-view MobileNetV3-Small + TinyViT with attention fusion,VIEW_COUNT_FIXED,JAALTAKA_VIEW_COUNT,"Fixed 6-view training, per-count BN","Fixed 6-view training, per-count BN",JaalTaka,"test (note-disjoint, seed 42)",208,real,laptop (DESKTOP-EA33S9L),44,,,,realtime_bangla_taka_detection/results/same_arch/fixed/s2/seed44/test_views/1view/test_metrics.json,9ca07942868b07f68d73f76dbf920fcc0053c831,,,,,,,,,,,0.9230769230769231,0.9615384615384616,0.9807692307692307,0.9807692307692307,0.9855769230769231,0.9903846153846154,,,,,,,,,,,,,,,,,,,,,,,,,,,,,,,,0.937007874015748,0.9916666666666667,0.17045454545454544,0.011363636363636364,,,0.008333333333333333,0.008333333333333333,,,,,,,,,,,,,,,,,,,,,,,,,,,,,,,,,,,,,,,,0.9857007575757576,0.9966856060606061,,,,,,,,,,,,,,,,,,,,,,,,,,,,,,,,,,,,,
EXP_0009,"Fixed 6-view training, shared BN, seed 42",verified,2026-09-29T17:47:31+06:00,counterfeit_detection,research: JaalTaka authentication,multi-view MobileNetV3-Small + TinyViT with attention fusion,VIEW_COUNT_FIXED_SHBN,JAALTAKA_VIEW_COUNT,"Fixed 6-view training, shared BN","Fixed 6-view training, shared BN",JaalTaka,"test (note-disjoint, seed 42)",208,real,laptop (DESKTOP-EA33S9L),42,,,,realtime_bangla_taka_detection/results/same_arch/fixed_shbn/s2/seed42/test_views/1view/test_metrics.json,9ca07942868b07f68d73f76dbf920fcc0053c831,,,,,,,,,,,0.6634615384615384,0.5673076923076923,0.7980769230769231,0.8846153846153846,0.8701923076923077,0.9759615384615384,,,,,,,,,,,,,,,,,,,,,,,,,,,,,,,,0.6354166666666665,0.9790794979079498,0.125,0.022727272727272728,,,0.49166666666666664,0.025,,,,,,,,,,,,,,,,,,,,,,,,,,,,,,,,,,,,,,,,0.6943181818181818,0.990909090909091,,,,,,,,,,,,,,,,,,,,,,,,,,,,,,,,,,,,,
EXP_0010,"Fixed 6-view training, shared BN, seed 43",verified,2026-09-29T18:46:59+06:00,counterfeit_detection,research: JaalTaka authentication,multi-view MobileNetV3-Small + TinyViT with attention fusion,VIEW_COUNT_FIXED_SHBN,JAALTAKA_VIEW_COUNT,"Fixed 6-view training, shared BN","Fixed 6-view training, shared BN",JaalTaka,"test (note-disjoint, seed 42)",208,real,laptop (DESKTOP-EA33S9L),43,,,,realtime_bangla_taka_detection/results/same_arch/fixed_shbn/s2/seed43/test_views/1view/test_metrics.json,9ca07942868b07f68d73f76dbf920fcc0053c831,,,,,,,,,,,0.6298076923076923,0.7163461538461539,0.8461538461538461,0.9278846153846154,0.9230769230769231,0.9807692307692307,,,,,,,,,,,,,,,,,,,,,,,,,,,,,,,,0.6637554585152838,0.9834710743801653,0.375,0.03409090909090909,,,0.36666666666666664,0.008333333333333333,,,,,,,,,,,,,,,,,,,,,,,,,,,,,,,,,,,,,,,,0.6285037878787879,0.9876893939393939,,,,,,,,,,,,,,,,,,,,,,,,,,,,,,,,,,,,,
EXP_0011,"Fixed 6-view training, shared BN, seed 44",verified,2026-09-29T19:11:10+06:00,counterfeit_detection,research: JaalTaka authentication,multi-view MobileNetV3-Small + TinyViT with attention fusion,VIEW_COUNT_FIXED_SHBN,JAALTAKA_VIEW_COUNT,"Fixed 6-view training, shared BN","Fixed 6-view training, shared BN",JaalTaka,"test (note-disjoint, seed 42)",208,real,laptop (DESKTOP-EA33S9L),44,,,,realtime_bangla_taka_detection/results/same_arch/fixed_shbn/s2/seed44/test_views/1view/test_metrics.json,9ca07942868b07f68d73f76dbf920fcc0053c831,,,,,,,,,,,0.8413461538461539,0.9086538461538461,0.9278846153846154,0.9038461538461539,0.9230769230769231,0.9855769230769231,,,,,,,,,,,,,,,,,,,,,,,,,,,,,,,,0.8764044943820225,0.9874476987447698,0.3409090909090909,0.011363636363636364,,,0.025,0.016666666666666666,,,,,,,,,,,,,,,,,,,,,,,,,,,,,,,,,,,,,,,,0.9462121212121212,0.9885416666666667,,,,,,,,,,,,,,,,,,,,,,,,,,,,,,,,,,,,,
EXP_0012,"Prefix training, shared BN, seed 42",verified,2026-09-29T17:56:43+06:00,counterfeit_detection,research: JaalTaka authentication,multi-view MobileNetV3-Small + TinyViT with attention fusion,VIEW_COUNT_PREFIX_SHBN,JAALTAKA_VIEW_COUNT,"Prefix training, shared BN","Prefix training, shared BN",JaalTaka,"test (note-disjoint, seed 42)",208,real,laptop (DESKTOP-EA33S9L),42,,,,realtime_bangla_taka_detection/results/same_arch/prefix_shbn/s2/seed42/test_views/1view/test_metrics.json,9ca07942868b07f68d73f76dbf920fcc0053c831,,,,,,,,,,,0.9759615384615384,0.9807692307692307,0.9807692307692307,0.9807692307692307,0.9855769230769231,0.9855769230769231,,,,,,,,,,,,,,,,,,,,,,,,,,,,,,,,0.9789029535864978,0.9874476987447698,0.011363636363636364,0.011363636363636364,,,0.03333333333333333,0.016666666666666666,,,,,,,,,,,,,,,,,,,,,,,,,,,,,,,,,,,,,,,,0.9869318181818182,0.9981060606060606,,,,,,,,,,,,,,,,,,,,,,,,,,,,,,,,,,,,,
EXP_0013,"Prefix training, shared BN, seed 43",verified,2026-09-29T18:55:09+06:00,counterfeit_detection,research: JaalTaka authentication,multi-view MobileNetV3-Small + TinyViT with attention fusion,VIEW_COUNT_PREFIX_SHBN,JAALTAKA_VIEW_COUNT,"Prefix training, shared BN","Prefix training, shared BN",JaalTaka,"test (note-disjoint, seed 42)",208,real,laptop (DESKTOP-EA33S9L),43,,,,realtime_bangla_taka_detection/results/same_arch/prefix_shbn/s2/seed43/test_views/1view/test_metrics.json,9ca07942868b07f68d73f76dbf920fcc0053c831,,,,,,,,,,,0.9807692307692307,0.9855769230769231,0.9903846153846154,0.9903846153846154,0.9903846153846154,0.9903846153846154,,,,,,,,,,,,,,,,,,,,,,,,,,,,,,,,0.9833333333333333,0.9916666666666667,0.022727272727272728,0.011363636363636364,,,0.016666666666666666,0.008333333333333333,,,,,,,,,,,,,,,,,,,,,,,,,,,,,,,,,,,,,,,,0.9929924242424243,0.9978219696969697,,,,,,,,,,,,,,,,,,,,,,,,,,,,,,,,,,,,,
EXP_0014,"Prefix training, shared BN, seed 44",verified,2026-09-29T19:19:16+06:00,counterfeit_detection,research: JaalTaka authentication,multi-view MobileNetV3-Small + TinyViT with attention fusion,VIEW_COUNT_PREFIX_SHBN,JAALTAKA_VIEW_COUNT,"Prefix training, shared BN","Prefix training, shared BN",JaalTaka,"test (note-disjoint, seed 42)",208,real,laptop (DESKTOP-EA33S9L),44,,,,realtime_bangla_taka_detection/results/same_arch/prefix_shbn/s2/seed44/test_views/1view/test_metrics.json,9ca07942868b07f68d73f76dbf920fcc0053c831,,,,,,,,,,,0.9903846153846154,0.9855769230769231,0.9855769230769231,0.9855769230769231,0.9855769230769231,0.9855769230769231,,,,,,,,,,,,,,,,,,,,,,,,,,,,,,,,0.9916666666666667,0.9874476987447698,0.011363636363636364,0.011363636363636364,,,0.008333333333333333,0.016666666666666666,,,,,,,,,,,,,,,,,,,,,,,,,,,,,,,,,,,,,,,,0.9953598484848485,0.9975378787878788,,,,,,,,,,,,,,,,,,,,,,,,,,,,,,,,,,,,,
EXP_0015,"PRMVT (prefix training, per-count BN), seed 42",verified,2026-09-28T15:20:16+06:00,counterfeit_detection,research: JaalTaka authentication,multi-view MobileNetV3-Small + TinyViT with attention fusion,VIEW_COUNT_PRMVT,JAALTAKA_VIEW_COUNT,"PRMVT (prefix training, per-count BN)","PRMVT (prefix training, per-count BN)",JaalTaka,"test (note-disjoint, seed 42)",208,real,laptop (DESKTOP-EA33S9L),42,,,,realtime_bangla_taka_detection/results/qduig/prefix_ft/seed42/test_views_20260928/1view/test_metrics.json,71ad34c7ceee846b93ab20dba5dad646308b2ac7,,,,,,,,,,,0.9711538461538461,0.9807692307692307,0.9807692307692307,0.9807692307692307,0.9855769230769231,0.9807692307692307,,,,,,,,,,,,,,,,,,,,,,,,,,,,,,,,0.975,0.9833333333333333,0.03409090909090909,0.022727272727272728,,,0.025,0.016666666666666666,,,,,,,,,,,,,,,,,,,,,,,,,,,,,,,,,,,,,,,,0.9879734848484848,0.99375,,,,,,,,,,,,,,,,,,,,,,,,,,,,,,,,,,,,,
EXP_0016,"PRMVT (prefix training, per-count BN), seed 43",verified,2026-09-28T15:20:33+06:00,counterfeit_detection,research: JaalTaka authentication,multi-view MobileNetV3-Small + TinyViT with attention fusion,VIEW_COUNT_PRMVT,JAALTAKA_VIEW_COUNT,"PRMVT (prefix training, per-count BN)","PRMVT (prefix training, per-count BN)",JaalTaka,"test (note-disjoint, seed 42)",208,real,laptop (DESKTOP-EA33S9L),43,,,,realtime_bangla_taka_detection/results/qduig/prefix_ft/seed43/test_views_20260928/1view/test_metrics.json,71ad34c7ceee846b93ab20dba5dad646308b2ac7,,,,,,,,,,,0.9471153846153846,0.9807692307692307,0.9759615384615384,0.9663461538461539,0.9807692307692307,0.9711538461538461,,,,,,,,,,,,,,,,,,,,,,,,,,,,,,,,0.9558232931726908,0.975609756097561,0.11363636363636363,0.06818181818181818,,,0.008333333333333333,0.0,,,,,,,,,,,,,,,,,,,,,,,,,,,,,,,,,,,,,,,,0.987310606060606,0.9956439393939394,,,,,,,,,,,,,,,,,,,,,,,,,,,,,,,,,,,,,
EXP_0017,"PRMVT (prefix training, per-count BN), seed 44",verified,2026-09-28T15:20:51+06:00,counterfeit_detection,research: JaalTaka authentication,multi-view MobileNetV3-Small + TinyViT with attention fusion,VIEW_COUNT_PRMVT,JAALTAKA_VIEW_COUNT,"PRMVT (prefix training, per-count BN)","PRMVT (prefix training, per-count BN)",JaalTaka,"test (note-disjoint, seed 42)",208,real,laptop (DESKTOP-EA33S9L),44,,,,realtime_bangla_taka_detection/results/qduig/prefix_ft/seed44/test_views_20260928/1view/test_metrics.json,71ad34c7ceee846b93ab20dba5dad646308b2ac7,,,,,,,,,,,0.9759615384615384,0.9903846153846154,0.9855769230769231,0.9807692307692307,0.9903846153846154,0.9903846153846154,,,,,,,,,,,,,,,,,,,,,,,,,,,,,,,,0.9789029535864978,0.9916666666666667,0.011363636363636364,0.011363636363636364,,,0.03333333333333333,0.008333333333333333,,,,,,,,,,,,,,,,,,,,,,,,,,,,,,,,,,,,,,,,0.9959280303030303,0.9958333333333333,,,,,,,,,,,,,,,,,,,,,,,,,,,,,,,,,,,,,
EXP_0018,Frozen resnet50 linear probe,verified,2026-09-29T21:03:13+06:00,counterfeit_detection,research: JaalTaka authentication,frozen backbone + logistic regression (C chosen on validation),,JAALTAKA_FROZEN_PROBES,resnet50,resnet50,JaalTaka,"test (note-disjoint, seed 42)",208,real,laptop (DESKTOP-EA33S9L),deterministic,,,,realtime_bangla_taka_detection/results/sota/backbone_probes.json,9ca07942868b07f68d73f76dbf920fcc0053c831,,,,,,,,,,,0.9807692307692307,0.9855769230769231,0.9855769230769231,0.9903846153846154,0.9903846153846154,0.9903846153846154,,,,,,,,,,,,,,,,,,,,,,,,,,,,,,,,,,,,,,,,,,,,,,,,,,,,,,,,,,,,,,,,,,,,,,,,,,,,,,,,,,,,,0.9855769230769231,0.9903846153846154,0.9903846153846154,0.9903846153846154,0.9903846153846154,0.9903846153846154,,,,,,,,,,,,,,,,,,,,,,,,,,,
EXP_0019,Frozen densenet121 linear probe,verified,2026-09-29T21:03:13+06:00,counterfeit_detection,research: JaalTaka authentication,frozen backbone + logistic regression (C chosen on validation),,JAALTAKA_FROZEN_PROBES,densenet121,densenet121,JaalTaka,"test (note-disjoint, seed 42)",208,real,laptop (DESKTOP-EA33S9L),deterministic,,,,realtime_bangla_taka_detection/results/sota/backbone_probes.json,9ca07942868b07f68d73f76dbf920fcc0053c831,,,,,,,,,,,0.9759615384615384,0.9903846153846154,0.9903846153846154,0.9903846153846154,0.9903846153846154,0.9903846153846154,,,,,,,,,,,,,,,,,,,,,,,,,,,,,,,,,,,,,,,,,,,,,,,,,,,,,,,,,,,,,,,,,,,,,,,,,,,,,,,,,,,,,0.9759615384615384,0.9903846153846154,0.9903846153846154,0.9903846153846154,0.9903846153846154,0.9903846153846154,,,,,,,,,,,,,,,,,,,,,,,,,,,
EXP_0020,Frozen vgg16 linear probe,verified,2026-09-29T21:03:13+06:00,counterfeit_detection,research: JaalTaka authentication,frozen backbone + logistic regression (C chosen on validation),,JAALTAKA_FROZEN_PROBES,vgg16,vgg16,JaalTaka,"test (note-disjoint, seed 42)",208,real,laptop (DESKTOP-EA33S9L),deterministic,,,,realtime_bangla_taka_detection/results/sota/backbone_probes.json,9ca07942868b07f68d73f76dbf920fcc0053c831,,,,,,,,,,,0.9663461538461539,0.9759615384615384,0.9855769230769231,0.9855769230769231,0.9855769230769231,0.9903846153846154,,,,,,,,,,,,,,,,,,,,,,,,,,,,,,,,,,,,,,,,,,,,,,,,,,,,,,,,,,,,,,,,,,,,,,,,,,,,,,,,,,,,,0.9855769230769231,0.9759615384615384,0.9903846153846154,0.9903846153846154,0.9951923076923077,0.9951923076923077,,,,,,,,,,,,,,,,,,,,,,,,,,,
EXP_0021,Frozen mobilenet_v2 linear probe,verified,2026-09-29T21:03:13+06:00,counterfeit_detection,research: JaalTaka authentication,frozen backbone + logistic regression (C chosen on validation),,JAALTAKA_FROZEN_PROBES,mobilenet_v2,mobilenet_v2,JaalTaka,"test (note-disjoint, seed 42)",208,real,laptop (DESKTOP-EA33S9L),deterministic,,,,realtime_bangla_taka_detection/results/sota/backbone_probes.json,9ca07942868b07f68d73f76dbf920fcc0053c831,,,,,,,,,,,0.9663461538461539,0.9807692307692307,0.9903846153846154,0.9903846153846154,0.9903846153846154,0.9855769230769231,,,,,,,,,,,,,,,,,,,,,,,,,,,,,,,,,,,,,,,,,,,,,,,,,,,,,,,,,,,,,,,,,,,,,,,,,,,,,,,,,,,,,0.9759615384615384,0.9855769230769231,0.9903846153846154,0.9903846153846154,0.9903846153846154,0.9903846153846154,,,,,,,,,,,,,,,,,,,,,,,,,,,
EXP_0022,Frozen inception_v3 linear probe,verified,2026-09-29T21:03:13+06:00,counterfeit_detection,research: JaalTaka authentication,frozen backbone + logistic regression (C chosen on validation),,JAALTAKA_FROZEN_PROBES,inception_v3,inception_v3,JaalTaka,"test (note-disjoint, seed 42)",208,real,laptop (DESKTOP-EA33S9L),deterministic,,,,realtime_bangla_taka_detection/results/sota/backbone_probes.json,9ca07942868b07f68d73f76dbf920fcc0053c831,,,,,,,,,,,0.9663461538461539,0.9855769230769231,0.9807692307692307,0.9855769230769231,0.9855769230769231,0.9855769230769231,,,,,,,,,,,,,,,,,,,,,,,,,,,,,,,,,,,,,,,,,,,,,,,,,,,,,,,,,,,,,,,,,,,,,,,,,,,,,,,,,,,,,0.9903846153846154,0.9903846153846154,0.9903846153846154,0.9903846153846154,0.9903846153846154,0.9903846153846154,,,,,,,,,,,,,,,,,,,,,,,,,,,
EXP_0023,"Frozen ResNet-50 probe, unseen prints, seed 42",verified,2026-09-30T04:06:18+06:00,counterfeit_detection,research: JaalTaka authentication,,UNSEEN_PRINTS_PROBE,UNSEEN_PRINTS,Frozen ResNet-50 probe,Frozen ResNet-50 probe,JaalTaka,test (serial-disjoint: unseen counterfeit prints),222,real,laptop (DESKTOP-EA33S9L),42,,,,realtime_bangla_taka_detection/results/serial_split/beat_resnet.json,d04969a867190a5d6c0d778e8eda0101af93fccb,,,,,,,,,,,0.8513513513513513,,,,,0.8378378378378378,,,,,,,,,,,,,,,,,,,,,,,,,,32,35,,,,,,,,,1,1,,,,,,,,,,,,,,,,,,,,,,,,,,,,,,,,,,,,,,,,,,,,,,,,,,,,,,,,,,,,,,,,,,,,,,,,,,,,,,,,
EXP_0024,"Prefix network, unseen prints, seed 42",verified,2026-09-30T04:06:18+06:00,counterfeit_detection,research: JaalTaka authentication,,UNSEEN_PRINTS_NETWORK,UNSEEN_PRINTS,Prefix network,Prefix network,JaalTaka,test (serial-disjoint: unseen counterfeit prints),222,real,laptop (DESKTOP-EA33S9L),42,,,,realtime_bangla_taka_detection/results/serial_split/beat_resnet.json,d04969a867190a5d6c0d778e8eda0101af93fccb,,,,,,,,,,,0.9009009009009009,,,,,0.8783783783783784,,,,,,,,,,,,,,,,,,,,,,,,,,21,26,,,,,,,,,1,1,,,,,,,,,,,,,,,,,,,,,,,,,,,,,,,,,,,,,,,,,,,,,,,,,,,,,,,,,,,,,,,,,,,,,,,,,,,,,,,,
EXP_0025,"Attention fusion with watermark token, unseen prints, seed 42",verified,2026-09-30T04:06:18+06:00,counterfeit_detection,research: JaalTaka authentication,,UNSEEN_PRINTS_FUSION,UNSEEN_PRINTS,Attention fusion with watermark token,Attention fusion with watermark token,JaalTaka,test (serial-disjoint: unseen counterfeit prints),222,real,laptop (DESKTOP-EA33S9L),42,watermark token,with,,realtime_bangla_taka_detection/results/serial_split/beat_resnet.json,d04969a867190a5d6c0d778e8eda0101af93fccb,,,,,,,,,,,0.9054054054054054,,,,,0.9054054054054054,,,,,,,,,,,,,,,,,,,,,,,,,,20,20,,,,,,,,,1,1,,,,,,,,,,,,,,,,,,,,,,,,,,,,,,,,,,,,,,,,,,,,,,,,,,,,,,,,,,,,,,,,,,,,,,,,,,,,,,,,
EXP_0026,"Attention fusion without watermark token, unseen prints, seed 42",verified,2026-09-30T04:06:18+06:00,counterfeit_detection,research: JaalTaka authentication,,UNSEEN_PRINTS_FUSION_no_watermark,UNSEEN_PRINTS,Attention fusion without watermark token,Attention fusion without watermark token,JaalTaka,test (serial-disjoint: unseen counterfeit prints),222,real,laptop (DESKTOP-EA33S9L),42,watermark token,without,,realtime_bangla_taka_detection/results/serial_split/beat_resnet.json,d04969a867190a5d6c0d778e8eda0101af93fccb,,,,,,,,,,,0.8693693693693694,,,,,0.8828828828828829,,,,,,,,,,,,,,,,,,,,,,,,,,28,25,,,,,,,,,1,1,,,,,,,,,,,,,,,,,,,,,,,,,,,,,,,,,,,,,,,,,,,,,,,,,,,,,,,,,,,,,,,,,,,,,,,,,,,,,,,,
EXP_0027,"Uncertainty-weighted ensemble, unseen prints, seed 42",verified,2026-09-30T04:06:18+06:00,counterfeit_detection,research: JaalTaka authentication,,UNSEEN_PRINTS_ENSEMBLE,UNSEEN_PRINTS,Uncertainty-weighted ensemble,Uncertainty-weighted ensemble,JaalTaka,test (serial-disjoint: unseen counterfeit prints),222,real,laptop (DESKTOP-EA33S9L),42,,,,realtime_bangla_taka_detection/results/serial_split/beat_resnet.json,d04969a867190a5d6c0d778e8eda0101af93fccb,,,,,,,,,,,0.9324324324324325,,,,,0.9279279279279279,,,,,,,,,,,,,,,,,,,,,,,,,,14,15,,,,,,,,,1,1,,,,,,,,,,,,,,,,,,,,,,,,,,,,,,,,,,,,,,,,,,,,,,,,,,,,,,,,,,,,,,,,,,,,,,,,,,,,,,,,
EXP_0028,"Prefix network + watermark hybrid, unseen prints, seed 42",verified,2026-09-30T04:06:18+06:00,counterfeit_detection,research: JaalTaka authentication,,UNSEEN_PRINTS_HYBRID_FINAL,UNSEEN_PRINTS,Prefix network + watermark hybrid,Prefix network + watermark hybrid,JaalTaka,test (serial-disjoint: unseen counterfeit prints),222,real,laptop (DESKTOP-EA33S9L),42,,,,realtime_bangla_taka_detection/results/serial_split/beat_resnet.json,d04969a867190a5d6c0d778e8eda0101af93fccb,,,,,,,,,,,0.9414414414414415,,,,,0.9504504504504504,,,,,,,,,,,,,,,,,,,,,,,,,,7,7,,,,,,,,,6,4,,,,,,,,,,,,,,,,,,,,,,,,,,,,,,,,,,,,,,,,,,,,,,,,,,,,,,,,,,,,,,,,,,,,,,,,,,,,,,,,
EXP_0029,"Fine-tuned ResNet-50 (quarter-resolution cache), unseen prints, seed 42",verified,2026-09-30T04:06:18+06:00,counterfeit_detection,research: JaalTaka authentication,,UNSEEN_PRINTS_FT_RESNET,UNSEEN_PRINTS,Fine-tuned ResNet-50 (quarter-resolution cache),Fine-tuned ResNet-50 (quarter-resolution cache),JaalTaka,test (serial-disjoint: unseen counterfeit prints),222,real,laptop (DESKTOP-EA33S9L),42,,,,realtime_bangla_taka_detection/results/serial_split/beat_resnet.json,d04969a867190a5d6c0d778e8eda0101af93fccb,,,,,,,,,,,0.9234234234234234,,,,,0.8513513513513513,,,,,,,,,,,,,,,,,,,,,,,,,,15,32,,,,,,,,,2,1,,,,,,,,,,,,,,,,,,,,,,,,,,,,,,,,,,,,,,,,,,,,,,,,,,,,,,,,,,,,,,,,,,,,,,,,,,,,,,,,
EXP_0030,"Frozen ResNet-50 probe, unseen prints, seed 43",verified,2026-09-30T04:06:18+06:00,counterfeit_detection,research: JaalTaka authentication,,UNSEEN_PRINTS_PROBE,UNSEEN_PRINTS,Frozen ResNet-50 probe,Frozen ResNet-50 probe,JaalTaka,test (serial-disjoint: unseen counterfeit prints),222,real,laptop (DESKTOP-EA33S9L),43,,,,realtime_bangla_taka_detection/results/serial_split/beat_resnet.json,d04969a867190a5d6c0d778e8eda0101af93fccb,,,,,,,,,,,0.8513513513513513,,,,,0.8378378378378378,,,,,,,,,,,,,,,,,,,,,,,,,,32,35,,,,,,,,,1,1,,,,,,,,,,,,,,,,,,,,,,,,,,,,,,,,,,,,,,,,,,,,,,,,,,,,,,,,,,,,,,,,,,,,,,,,,,,,,,,,
EXP_0031,"Prefix network, unseen prints, seed 43",verified,2026-09-30T04:06:18+06:00,counterfeit_detection,research: JaalTaka authentication,,UNSEEN_PRINTS_NETWORK,UNSEEN_PRINTS,Prefix network,Prefix network,JaalTaka,test (serial-disjoint: unseen counterfeit prints),222,real,laptop (DESKTOP-EA33S9L),43,,,,realtime_bangla_taka_detection/results/serial_split/beat_resnet.json,d04969a867190a5d6c0d778e8eda0101af93fccb,,,,,,,,,,,0.8918918918918919,,,,,0.9009009009009009,,,,,,,,,,,,,,,,,,,,,,,,,,16,19,,,,,,,,,8,3,,,,,,,,,,,,,,,,,,,,,,,,,,,,,,,,,,,,,,,,,,,,,,,,,,,,,,,,,,,,,,,,,,,,,,,,,,,,,,,,
EXP_0032,"Attention fusion with watermark token, unseen prints, seed 43",verified,2026-09-30T04:06:18+06:00,counterfeit_detection,research: JaalTaka authentication,,UNSEEN_PRINTS_FUSION,UNSEEN_PRINTS,Attention fusion with watermark token,Attention fusion with watermark token,JaalTaka,test (serial-disjoint: unseen counterfeit prints),222,real,laptop (DESKTOP-EA33S9L),43,watermark token,with,,realtime_bangla_taka_detection/results/serial_split/beat_resnet.json,d04969a867190a5d6c0d778e8eda0101af93fccb,,,,,,,,,,,0.9099099099099099,,,,,0.9054054054054054,,,,,,,,,,,,,,,,,,,,,,,,,,18,19,,,,,,,,,2,2,,,,,,,,,,,,,,,,,,,,,,,,,,,,,,,,,,,,,,,,,,,,,,,,,,,,,,,,,,,,,,,,,,,,,,,,,,,,,,,,
EXP_0033,"Attention fusion without watermark token, unseen prints, seed 43",verified,2026-09-30T04:06:18+06:00,counterfeit_detection,research: JaalTaka authentication,,UNSEEN_PRINTS_FUSION_no_watermark,UNSEEN_PRINTS,Attention fusion without watermark token,Attention fusion without watermark token,JaalTaka,test (serial-disjoint: unseen counterfeit prints),222,real,laptop (DESKTOP-EA33S9L),43,watermark token,without,,realtime_bangla_taka_detection/results/serial_split/beat_resnet.json,d04969a867190a5d6c0d778e8eda0101af93fccb,,,,,,,,,,,0.8783783783783784,,,,,0.8873873873873874,,,,,,,,,,,,,,,,,,,,,,,,,,26,24,,,,,,,,,1,1,,,,,,,,,,,,,,,,,,,,,,,,,,,,,,,,,,,,,,,,,,,,,,,,,,,,,,,,,,,,,,,,,,,,,,,,,,,,,,,,
EXP_0034,"Uncertainty-weighted ensemble, unseen prints, seed 43",verified,2026-09-30T04:06:18+06:00,counterfeit_detection,research: JaalTaka authentication,,UNSEEN_PRINTS_ENSEMBLE,UNSEEN_PRINTS,Uncertainty-weighted ensemble,Uncertainty-weighted ensemble,JaalTaka,test (serial-disjoint: unseen counterfeit prints),222,real,laptop (DESKTOP-EA33S9L),43,,,,realtime_bangla_taka_detection/results/serial_split/beat_resnet.json,d04969a867190a5d6c0d778e8eda0101af93fccb,,,,,,,,,,,0.9369369369369369,,,,,0.9324324324324325,,,,,,,,,,,,,,,,,,,,,,,,,,13,14,,,,,,,,,1,1,,,,,,,,,,,,,,,,,,,,,,,,,,,,,,,,,,,,,,,,,,,,,,,,,,,,,,,,,,,,,,,,,,,,,,,,,,,,,,,,
EXP_0035,"Prefix network + watermark hybrid, unseen prints, seed 43",verified,2026-09-30T04:06:18+06:00,counterfeit_detection,research: JaalTaka authentication,,UNSEEN_PRINTS_HYBRID_FINAL,UNSEEN_PRINTS,Prefix network + watermark hybrid,Prefix network + watermark hybrid,JaalTaka,test (serial-disjoint: unseen counterfeit prints),222,real,laptop (DESKTOP-EA33S9L),43,,,,realtime_bangla_taka_detection/results/serial_split/beat_resnet.json,d04969a867190a5d6c0d778e8eda0101af93fccb,,,,,,,,,,,0.9414414414414415,,,,,0.9504504504504504,,,,,,,,,,,,,,,,,,,,,,,,,,7,7,,,,,,,,,6,4,,,,,,,,,,,,,,,,,,,,,,,,,,,,,,,,,,,,,,,,,,,,,,,,,,,,,,,,,,,,,,,,,,,,,,,,,,,,,,,,
EXP_0036,"Fine-tuned ResNet-50 (quarter-resolution cache), unseen prints, seed 43",verified,2026-09-30T04:06:18+06:00,counterfeit_detection,research: JaalTaka authentication,,UNSEEN_PRINTS_FT_RESNET,UNSEEN_PRINTS,Fine-tuned ResNet-50 (quarter-resolution cache),Fine-tuned ResNet-50 (quarter-resolution cache),JaalTaka,test (serial-disjoint: unseen counterfeit prints),222,real,laptop (DESKTOP-EA33S9L),43,,,,realtime_bangla_taka_detection/results/serial_split/beat_resnet.json,d04969a867190a5d6c0d778e8eda0101af93fccb,,,,,,,,,,,0.8963963963963963,,,,,0.9099099099099099,,,,,,,,,,,,,,,,,,,,,,,,,,22,19,,,,,,,,,1,1,,,,,,,,,,,,,,,,,,,,,,,,,,,,,,,,,,,,,,,,,,,,,,,,,,,,,,,,,,,,,,,,,,,,,,,,,,,,,,,,
EXP_0037,"Frozen ResNet-50 probe, unseen prints, seed 44",verified,2026-09-30T04:06:18+06:00,counterfeit_detection,research: JaalTaka authentication,,UNSEEN_PRINTS_PROBE,UNSEEN_PRINTS,Frozen ResNet-50 probe,Frozen ResNet-50 probe,JaalTaka,test (serial-disjoint: unseen counterfeit prints),222,real,laptop (DESKTOP-EA33S9L),44,,,,realtime_bangla_taka_detection/results/serial_split/beat_resnet.json,d04969a867190a5d6c0d778e8eda0101af93fccb,,,,,,,,,,,0.8513513513513513,,,,,0.8378378378378378,,,,,,,,,,,,,,,,,,,,,,,,,,32,35,,,,,,,,,1,1,,,,,,,,,,,,,,,,,,,,,,,,,,,,,,,,,,,,,,,,,,,,,,,,,,,,,,,,,,,,,,,,,,,,,,,,,,,,,,,,
EXP_0038,"Prefix network, unseen prints, seed 44",verified,2026-09-30T04:06:18+06:00,counterfeit_detection,research: JaalTaka authentication,,UNSEEN_PRINTS_NETWORK,UNSEEN_PRINTS,Prefix network,Prefix network,JaalTaka,test (serial-disjoint: unseen counterfeit prints),222,real,laptop (DESKTOP-EA33S9L),44,,,,realtime_bangla_taka_detection/results/serial_split/beat_resnet.json,d04969a867190a5d6c0d778e8eda0101af93fccb,,,,,,,,,,,0.9054054054054054,,,,,0.9009009009009009,,,,,,,,,,,,,,,,,,,,,,,,,,19,20,,,,,,,,,2,2,,,,,,,,,,,,,,,,,,,,,,,,,,,,,,,,,,,,,,,,,,,,,,,,,,,,,,,,,,,,,,,,,,,,,,,,,,,,,,,,
EXP_0039,"Attention fusion with watermark token, unseen prints, seed 44",verified,2026-09-30T04:06:18+06:00,counterfeit_detection,research: JaalTaka authentication,,UNSEEN_PRINTS_FUSION,UNSEEN_PRINTS,Attention fusion with watermark token,Attention fusion with watermark token,JaalTaka,test (serial-disjoint: unseen counterfeit prints),222,real,laptop (DESKTOP-EA33S9L),44,watermark token,with,,realtime_bangla_taka_detection/results/serial_split/beat_resnet.json,d04969a867190a5d6c0d778e8eda0101af93fccb,,,,,,,,,,,0.9099099099099099,,,,,0.9054054054054054,,,,,,,,,,,,,,,,,,,,,,,,,,19,20,,,,,,,,,1,1,,,,,,,,,,,,,,,,,,,,,,,,,,,,,,,,,,,,,,,,,,,,,,,,,,,,,,,,,,,,,,,,,,,,,,,,,,,,,,,,
EXP_0040,"Attention fusion without watermark token, unseen prints, seed 44",verified,2026-09-30T04:06:18+06:00,counterfeit_detection,research: JaalTaka authentication,,UNSEEN_PRINTS_FUSION_no_watermark,UNSEEN_PRINTS,Attention fusion without watermark token,Attention fusion without watermark token,JaalTaka,test (serial-disjoint: unseen counterfeit prints),222,real,laptop (DESKTOP-EA33S9L),44,watermark token,without,,realtime_bangla_taka_detection/results/serial_split/beat_resnet.json,d04969a867190a5d6c0d778e8eda0101af93fccb,,,,,,,,,,,0.8873873873873874,,,,,0.8693693693693694,,,,,,,,,,,,,,,,,,,,,,,,,,24,28,,,,,,,,,1,1,,,,,,,,,,,,,,,,,,,,,,,,,,,,,,,,,,,,,,,,,,,,,,,,,,,,,,,,,,,,,,,,,,,,,,,,,,,,,,,,
EXP_0041,"Uncertainty-weighted ensemble, unseen prints, seed 44",verified,2026-09-30T04:06:18+06:00,counterfeit_detection,research: JaalTaka authentication,,UNSEEN_PRINTS_ENSEMBLE,UNSEEN_PRINTS,Uncertainty-weighted ensemble,Uncertainty-weighted ensemble,JaalTaka,test (serial-disjoint: unseen counterfeit prints),222,real,laptop (DESKTOP-EA33S9L),44,,,,realtime_bangla_taka_detection/results/serial_split/beat_resnet.json,d04969a867190a5d6c0d778e8eda0101af93fccb,,,,,,,,,,,0.9324324324324325,,,,,0.9324324324324325,,,,,,,,,,,,,,,,,,,,,,,,,,14,14,,,,,,,,,1,1,,,,,,,,,,,,,,,,,,,,,,,,,,,,,,,,,,,,,,,,,,,,,,,,,,,,,,,,,,,,,,,,,,,,,,,,,,,,,,,,
EXP_0042,"Prefix network + watermark hybrid, unseen prints, seed 44",verified,2026-09-30T04:06:18+06:00,counterfeit_detection,research: JaalTaka authentication,,UNSEEN_PRINTS_HYBRID_FINAL,UNSEEN_PRINTS,Prefix network + watermark hybrid,Prefix network + watermark hybrid,JaalTaka,test (serial-disjoint: unseen counterfeit prints),222,real,laptop (DESKTOP-EA33S9L),44,,,,realtime_bangla_taka_detection/results/serial_split/beat_resnet.json,d04969a867190a5d6c0d778e8eda0101af93fccb,,,,,,,,,,,0.9504504504504504,,,,,0.9504504504504504,,,,,,,,,,,,,,,,,,,,,,,,,,7,7,,,,,,,,,4,4,,,,,,,,,,,,,,,,,,,,,,,,,,,,,,,,,,,,,,,,,,,,,,,,,,,,,,,,,,,,,,,,,,,,,,,,,,,,,,,,
EXP_0043,"Fine-tuned ResNet-50 (quarter-resolution cache), unseen prints, seed 44",verified,2026-09-30T04:06:18+06:00,counterfeit_detection,research: JaalTaka authentication,,UNSEEN_PRINTS_FT_RESNET,UNSEEN_PRINTS,Fine-tuned ResNet-50 (quarter-resolution cache),Fine-tuned ResNet-50 (quarter-resolution cache),JaalTaka,test (serial-disjoint: unseen counterfeit prints),222,real,laptop (DESKTOP-EA33S9L),44,,,,realtime_bangla_taka_detection/results/serial_split/beat_resnet.json,d04969a867190a5d6c0d778e8eda0101af93fccb,,,,,,,,,,,0.9414414414414415,,,,,0.9369369369369369,,,,,,,,,,,,,,,,,,,,,,,,,,12,13,,,,,,,,,1,1,,,,,,,,,,,,,,,,,,,,,,,,,,,,,,,,,,,,,,,,,,,,,,,,,,,,,,,,,,,,,,,,,,,,,,,,,,,,,,,,
EXP_0044,"Fine-tuned ResNet-50 (full-resolution views), unseen prints, seed 42",verified,2026-09-30T13:02:36+06:00,counterfeit_detection,research: JaalTaka authentication,,UNSEEN_PRINTS_FT_RESNET_FULLRES,UNSEEN_PRINTS,Fine-tuned ResNet-50 (full resolution),ResNet-50 fine-tuned,JaalTaka,test (serial-disjoint: unseen counterfeit prints),222,real,laptop (DESKTOP-EA33S9L),42,,,,realtime_bangla_taka_detection/results/serial_split/ft_resnet50_fullres/seed42.json,2f7cc00dc7823733e3fa6cb0dfe09d06f9b58482,,,,,,,,,,,0.9324324324324325,0.963963963963964,0.963963963963964,0.9594594594594594,0.963963963963964,0.963963963963964,,,,,,,,,,,,,,,,,,,,,,,,,,,,,,,,,,,,,,,,,,,,,,,,,,,,,,,,,,,,,,,,,,,,,,,,,,,,,,,,,,,,,0.9234234234234234,0.954954954954955,0.954954954954955,0.954954954954955,0.954954954954955,0.954954954954955,,,,,,,,,,,,,,,,,,,,,,,,,,,
EXP_0045,"Fine-tuned ResNet-50 (full-resolution views), unseen prints, seed 43",verified,2026-09-30T13:14:49+06:00,counterfeit_detection,research: JaalTaka authentication,,UNSEEN_PRINTS_FT_RESNET_FULLRES,UNSEEN_PRINTS,Fine-tuned ResNet-50 (full resolution),ResNet-50 fine-tuned,JaalTaka,test (serial-disjoint: unseen counterfeit prints),222,real,laptop (DESKTOP-EA33S9L),43,,,,realtime_bangla_taka_detection/results/serial_split/ft_resnet50_fullres/seed43.json,2f7cc00dc7823733e3fa6cb0dfe09d06f9b58482,,,,,,,,,,,0.9459459459459459,0.9594594594594594,0.9594594594594594,0.9594594594594594,0.9684684684684685,0.954954954954955,,,,,,,,,,,,,,,,,,,,,,,,,,,,,,,,,,,,,,,,,,,,,,,,,,,,,,,,,,,,,,,,,,,,,,,,,,,,,,,,,,,,,0.9324324324324325,0.9504504504504504,0.954954954954955,0.9594594594594594,0.954954954954955,0.9414414414414415,,,,,,,,,,,,,,,,,,,,,,,,,,,
EXP_0046,"Fine-tuned ResNet-50 (full-resolution views), unseen prints, seed 44",verified,2026-09-30T13:27:49+06:00,counterfeit_detection,research: JaalTaka authentication,,UNSEEN_PRINTS_FT_RESNET_FULLRES,UNSEEN_PRINTS,Fine-tuned ResNet-50 (full resolution),ResNet-50 fine-tuned,JaalTaka,test (serial-disjoint: unseen counterfeit prints),222,real,laptop (DESKTOP-EA33S9L),44,,,,realtime_bangla_taka_detection/results/serial_split/ft_resnet50_fullres/seed44.json,2f7cc00dc7823733e3fa6cb0dfe09d06f9b58482,,,,,,,,,,,0.9684684684684685,0.9684684684684685,0.9504504504504504,0.9414414414414415,0.9369369369369369,0.9144144144144144,,,,,,,,,,,,,,,,,,,,,,,,,,,,,,,,,,,,,,,,,,,,,,,,,,,,,,,,,,,,,,,,,,,,,,,,,,,,,,,,,,,,,0.9594594594594594,0.9594594594594594,0.9414414414414415,0.9324324324324325,0.9234234234234234,0.918918918918919,,,,,,,,,,,,,,,,,,,,,,,,,,,
EXP_0047,Watermark classifier MobileNetV2 (deployed),verified,2026-09-30T02:37:58+06:00,counterfeit_detection,currency: watermark check,SIFT registration + fixed window crop + CNN classifier,,WATERMARK_CHECK,Watermark classifier MobileNetV2 (deployed),Watermark classifier MobileNetV2 (deployed),JaalTaka,"test (serial-disjoint), registered back-lit views",197,real,laptop (DESKTOP-EA33S9L),,,,,realtime_bangla_taka_detection/results/watermark/mobilenetv2.json,ef63bae0e7275f5df09dc05bd7e1e975b3c61b17,,,,0.9289340101522843,,,,,,,,,,,,,,,,,,,0.9759843331271902,,,0.9956656346749226,,,,,,,,,,,,,,,,,,,,,,,,,,,,,,,,,,,,1.0,,,,,,,,,,,,,,,,,,,,,,,,,,,,,,,,,,,,,,,,,,,,,,,,,,,,,,,,,,,,,,,,,,,,,,,
EXP_0048,Watermark classifier MobileNetV3-Small,verified,2026-09-30T02:13:41+06:00,counterfeit_detection,currency: watermark check,SIFT registration + fixed window crop + CNN classifier,,WATERMARK_CHECK,Watermark classifier MobileNetV3-Small,Watermark classifier MobileNetV3-Small,JaalTaka,"test (serial-disjoint), registered back-lit views",197,real,laptop (DESKTOP-EA33S9L),,,,,realtime_bangla_taka_detection/results/watermark/mobilenet.json,9ca07942868b07f68d73f76dbf920fcc0053c831,,,,0.9187817258883249,,,,,,,,,,,,,,,,,,,0.9623273551844981,,,0.9943240454076367,,,,,,,,,,,,,,,,,,,,,,,,,,,,,,,,,,,,0.6294416243654822,,,,,,,,,,,,,,,,,,,,,,,,,,,,,,,,,,,,,,,,,,,,,,,,,,,,,,,,,,,,,,,,,,,,,,,
EXP_0049,"Learned watermark localizer + MobileNetV2, seed 42",verified,2026-10-01T03:18:49+06:00,counterfeit_detection,currency: watermark check,corner regression (MobileNetV3-Small) + perspective crop + CNN classifier,WATERMARK_LOCALIZER,WATERMARK_CHECK,Learned localizer + MobileNetV2,Watermark localizer,JaalTaka,"test (serial-disjoint), back-lit view 6",222,real,laptop (DESKTOP-EA33S9L),42,,,,realtime_bangla_taka_detection/results/watermark_localizer/seed42.json,d98d13843c641f429ef9bd1bb5403ae0cb9b568e,,,,,,,0.9234234234234234,,,,,,,,,,,0.92,0.9238578680203046,0.9289340101522843,,,,,,,0.026369838044047356,,,,,,,,,,,,,,,,,,,,,,,,,,,,,,,,,,,,0.9390862944162437,,,,,,,1.0,0.02533781914711755,0.9250494063664468,,,,,,,,,,,,,,,,,,,,,,,,,,,,,,,,,,,,,,,,,,,,,,,,,,,,,,,,,,,,,
EXP_0050,"Learned watermark localizer + MobileNetV2, seed 43",verified,2026-10-01T03:23:55+06:00,counterfeit_detection,currency: watermark check,corner regression (MobileNetV3-Small) + perspective crop + CNN classifier,WATERMARK_LOCALIZER,WATERMARK_CHECK,Learned localizer + MobileNetV2,Watermark localizer,JaalTaka,"test (serial-disjoint), back-lit view 6",222,real,laptop (DESKTOP-EA33S9L),43,,,,realtime_bangla_taka_detection/results/watermark_localizer/seed43.json,d98d13843c641f429ef9bd1bb5403ae0cb9b568e,,,,,,,0.9234234234234234,,,,,,,,,,,0.92,0.9238578680203046,0.9289340101522843,,,,,,,0.026470717042684555,,,,,,,,,,,,,,,,,,,,,,,,,,,,,,,,,,,,0.934010152284264,,,,,,,1.0,0.025324222641207542,0.9270781203828679,,,,,,,,,,,,,,,,,,,,,,,,,,,,,,,,,,,,,,,,,,,,,,,,,,,,,,,,,,,,,
EXP_0051,"Learned watermark localizer + MobileNetV2, seed 44",verified,2026-10-01T03:28:48+06:00,counterfeit_detection,currency: watermark check,corner regression (MobileNetV3-Small) + perspective crop + CNN classifier,WATERMARK_LOCALIZER,WATERMARK_CHECK,Learned localizer + MobileNetV2,Watermark localizer,JaalTaka,"test (serial-disjoint), back-lit view 6",222,real,laptop (DESKTOP-EA33S9L),44,,,,realtime_bangla_taka_detection/results/watermark_localizer/seed44.json,d98d13843c641f429ef9bd1bb5403ae0cb9b568e,,,,,,,0.9324324324324325,,,,,,,,,,,0.96,0.9289340101522843,0.9289340101522843,,,,,,,0.026376482099294662,,,,,,,,,,,,,,,,,,,,,,,,,,,,,,,,,,,,0.934010152284264,,,,,,,1.0,0.0248781884311306,0.9288291134530986,,,,,,,,,,,,,,,,,,,,,,,,,,,,,,,,,,,,,,,,,,,,,,,,,,,,,,,,,,,,,
EXP_0052,Glass app watermark path (localizer ONNX + MobileNetV2 INT8),verified,2026-10-01T03:34:20+06:00,counterfeit_detection,currency: watermark check,,,WATERMARK_CHECK,App path (INT8),,JaalTaka,test (serial-disjoint),222,real,laptop (DESKTOP-EA33S9L),,,,,realtime_bangla_taka_detection/results/watermark_localizer/app_path_check.json,d98d13843c641f429ef9bd1bb5403ae0cb9b568e,,,,0.9324324324324325,,,,,,,,,,,,,,,,,,,,,,,,,,,,,,,,,,,,,,,,,,,,,,,,,,,,,,,,,,,,,,,,,,,,,,,,,,,,,,,,,,,,,,,,,,,,,0.990990990990991,,,,,,,,,,,,,222,,,,,,,,,,,,,,,,,,,,,,,
EXP_0053,"Watermark check latency, localizer path, laptop CPU",verified,2026-10-01T03:30:52+06:00,system_performance,currency: watermark check,,,WATERMARK_CHECK,localizer path,,JaalTaka back-lit test photos,,60,,laptop CPU,,,,,realtime_bangla_taka_detection/results/watermark_localizer/laptop_latency.json,d98d13843c641f429ef9bd1bb5403ae0cb9b568e,,,,,,,,,,,,,,,,,,,,,,,,,,,,,,,,,,,,,,,,,,,,,,,,,,,,,,,,,,,,,,,,,,,,,,,,,,,,,,,,,,,,,,,,,,,,,,,,,,,,,,,,,,,,,,,,,,,,,,,15.87824999296572,,19.242295002186435,,,,,,,,,,,,60
EXP_0054,"Watermark check latency, sift path, laptop CPU",verified,2026-10-01T03:30:52+06:00,system_performance,currency: watermark check,,,WATERMARK_CHECK,sift path,,JaalTaka back-lit test photos,,60,,laptop CPU,,,,,realtime_bangla_taka_detection/results/watermark_localizer/laptop_latency.json,d98d13843c641f429ef9bd1bb5403ae0cb9b568e,,,,,,,,,,,,,,,,,,,,,,,,,,,,,,,,,,,,,,,,,,,,,,,,,,,,,,,,,,,,,,,,,,,,,,,,,,,,,,,,,,,,,,,,,,,,,,,,,,,,,,,,,,,,,,,,,,,,,,,97.85790000023553,,121.51233500480885,,,,,,,,,,,,59
EXP_0055,Policy E on JaalTaka test (threshold fixed on validation),verified,2026-09-29T20:16:14+06:00,counterfeit_detection,currency: safe counterfeit check,"PRMVT, 4 cut views, pass only above the highest validation counterfeit score",,COUNTERFEIT_SAFETY,"Policy E, JaalTaka test",,JaalTaka,test,,real,laptop (DESKTOP-EA33S9L),,,,,realtime_bangla_taka_detection/results/jaal_whole/policy.json,9ca07942868b07f68d73f76dbf920fcc0053c831,,,,,,,,,,,,,,,,,,,,,,,,,,,,,,,,,,,,,,,,,,,,88,0,,,,,,,,,,,,,120,69,,,,,,,,,,,,,,,,,,,,,,,,,,,,,,,,,,,,,,,,,,,,,,,,,,,,,,,,,,,,,,,,,,,,,,,,,,
EXP_0056,Glass app counterfeit check on whole-note photos: cf/counterfeit,verified,2026-09-29T20:25:21+06:00,counterfeit_detection,currency: safe counterfeit check,,,COUNTERFEIT_SAFETY,"App path, cf/counterfeit",,cf/counterfeit,whole-note photos,,real,laptop (DESKTOP-EA33S9L),,,,,realtime_bangla_taka_detection/results/jaal_whole/app_check.json,9ca07942868b07f68d73f76dbf920fcc0053c831,,,,,,,,,,,,,,,,,,,,,,,,,,,,,,,,,,,,,,,,,20,,,,,,,,,,,,,,,,,,,,,,,0,,,,,,,,,,27,,,,,,,,,,,,,,,,,,,,,,,,,,,,,,,,,,,,,,,,,,,,,,,,,,,,,,,,,,,
EXP_0057,Glass app counterfeit check on whole-note photos: cf/genuine,verified,2026-09-29T20:25:21+06:00,counterfeit_detection,currency: safe counterfeit check,,,COUNTERFEIT_SAFETY,"App path, cf/genuine",,cf/genuine,whole-note photos,,real,laptop (DESKTOP-EA33S9L),,,,,realtime_bangla_taka_detection/results/jaal_whole/app_check.json,9ca07942868b07f68d73f76dbf920fcc0053c831,,,,,,,,,,,,,,,,,,,,,,,,,,,,,,,,,,,,,,,,,1138,,,,,,,,,,,,,,,,,,,,,,,192,,,,,,,,,,1199,,,,,,,,,,,,,,,,,,,,,,,,,,,,,,,,,,,,,,,,,,,,,,,,,,,,,,,,,,,
EXP_0058,Glass app counterfeit check on whole-note photos: bm/genuine,verified,2026-09-29T20:25:21+06:00,counterfeit_detection,currency: safe counterfeit check,,,COUNTERFEIT_SAFETY,"App path, bm/genuine",,bm/genuine,whole-note photos,,real,laptop (DESKTOP-EA33S9L),,,,,realtime_bangla_taka_detection/results/jaal_whole/app_check.json,9ca07942868b07f68d73f76dbf920fcc0053c831,,,,,,,,,,,,,,,,,,,,,,,,,,,,,,,,,,,,,,,,,277,,,,,,,,,,,,,,,,,,,,,,,1,,,,,,,,,,303,,,,,,,,,,,,,,,,,,,,,,,,,,,,,,,,,,,,,,,,,,,,,,,,,,,,,,,,,,,
EXP_0059,Glass app counterfeit check on whole-note photos: bt/genuine,verified,2026-09-29T20:25:21+06:00,counterfeit_detection,currency: safe counterfeit check,,,COUNTERFEIT_SAFETY,"App path, bt/genuine",,bt/genuine,whole-note photos,,real,laptop (DESKTOP-EA33S9L),,,,,realtime_bangla_taka_detection/results/jaal_whole/app_check.json,9ca07942868b07f68d73f76dbf920fcc0053c831,,,,,,,,,,,,,,,,,,,,,,,,,,,,,,,,,,,,,,,,,296,,,,,,,,,,,,,,,,,,,,,,,6,,,,,,,,,,300,,,,,,,,,,,,,,,,,,,,,,,,,,,,,,,,,,,,,,,,,,,,,,,,,,,,,,,,,,,
EXP_0060,"Image-quality gate + confidence, 1 view(s), gate_thresholds_from_clean_val",verified,2026-09-29T21:19:51+06:00,counterfeit_detection,currency: safe counterfeit check,,,COUNTERFEIT_SAFETY,"Quality gate, k=1",,JaalTaka,test,208,real,laptop (DESKTOP-EA33S9L),42,,,,realtime_bangla_taka_detection/results/safety/quality_gate_seed42.json,9ca07942868b07f68d73f76dbf920fcc0053c831,,,,,,,,,,,,,,,,,,,,,,,,,,,,0.039083285914460954,0.0941621289710686,,,,,,,,,,,,,,,,,109.30437670789225,,,,,,,,,,,,,,,,,,,,,,,,,,,,,,,,,,,,,,,,,,,,,,,,,,,,,,,,,,,,,,,,,,,,,,,,,,,,,,,,,,,,,,,
EXP_0061,"Image-quality gate + confidence, 1 view(s), clean",verified,2026-09-29T21:19:51+06:00,counterfeit_detection,currency: safe counterfeit check,,,COUNTERFEIT_SAFETY,"Quality gate, k=1",,JaalTaka,test,208,real,laptop (DESKTOP-EA33S9L),42,,,,realtime_bangla_taka_detection/results/safety/quality_gate_seed42.json,9ca07942868b07f68d73f76dbf920fcc0053c831,,,,,,,,,,,,,,,,,,,,,,,,,,,,,,,,,,,,,,,,,,,,,,,,,,,,,,,,9,,,,,,,,,,,,,,,,,,,,,,,,,,,,,,,,,,,,,,,,,,,,,,,,,,,,,,,,,,,,,,,,,,,,,,,,,,,,,
EXP_0062,"Image-quality gate + confidence, 1 view(s), low_light_0.35",verified,2026-09-29T21:19:51+06:00,counterfeit_detection,currency: safe counterfeit check,,,COUNTERFEIT_SAFETY,"Quality gate, k=1",,JaalTaka,test,208,real,laptop (DESKTOP-EA33S9L),42,,,,realtime_bangla_taka_detection/results/safety/quality_gate_seed42.json,9ca07942868b07f68d73f76dbf920fcc0053c831,,,,,,,,,,,,,,,,,,,,,,,,,,,,,,,,,,,,,,,,,,,,,,,,,,,,,,,,208,,,,,,,,,,,,,,,,,,,,,,,,,,,,,,,,,,,,,,,,,,,,,,,,,,,,,,,,,,,,,,,,,,,,,,,,,,,,,
EXP_0063,"Image-quality gate + confidence, 1 view(s), low_light_0.2",verified,2026-09-29T21:19:51+06:00,counterfeit_detection,currency: safe counterfeit check,,,COUNTERFEIT_SAFETY,"Quality gate, k=1",,JaalTaka,test,208,real,laptop (DESKTOP-EA33S9L),42,,,,realtime_bangla_taka_detection/results/safety/quality_gate_seed42.json,9ca07942868b07f68d73f76dbf920fcc0053c831,,,,,,,,,,,,,,,,,,,,,,,,,,,,,,,,,,,,,,,,,,,,,,,,,,,,,,,,208,,,,,,,,,,,,,,,,,,,,,,,,,,,,,,,,,,,,,,,,,,,,,,,,,,,,,,,,,,,,,,,,,,,,,,,,,,,,,
EXP_0064,"Image-quality gate + confidence, 1 view(s), occlusion_0.55",verified,2026-09-29T21:19:51+06:00,counterfeit_detection,currency: safe counterfeit check,,,COUNTERFEIT_SAFETY,"Quality gate, k=1",,JaalTaka,test,208,real,laptop (DESKTOP-EA33S9L),42,,,,realtime_bangla_taka_detection/results/safety/quality_gate_seed42.json,9ca07942868b07f68d73f76dbf920fcc0053c831,,,,,,,,,,,,,,,,,,,,,,,,,,,,,,,,,,,,,,,,,,,,,,,,,,,,,,,,208,,,,,,,,,,,,,,,,,,,,,,,,,,,,,,,,,,,,,,,,,,,,,,,,,,,,,,,,,,,,,,,,,,,,,,,,,,,,,
EXP_0065,"Image-quality gate + confidence, 1 view(s), brightness_2.2",verified,2026-09-29T21:19:51+06:00,counterfeit_detection,currency: safe counterfeit check,,,COUNTERFEIT_SAFETY,"Quality gate, k=1",,JaalTaka,test,208,real,laptop (DESKTOP-EA33S9L),42,,,,realtime_bangla_taka_detection/results/safety/quality_gate_seed42.json,9ca07942868b07f68d73f76dbf920fcc0053c831,,,,,,,,,,,,,,,,,,,,,,,,,,,,,,,,,,,,,,,,,,,,,,,,,,,,,,,,208,,,,,,,,,,,,,,,,,,,,,,,,,,,,,,,,,,,,,,,,,,,,,,,,,,,,,,,,,,,,,,,,,,,,,,,,,,,,,
EXP_0066,"Image-quality gate + confidence, 6 view(s), gate_thresholds_from_clean_val",verified,2026-09-29T21:19:51+06:00,counterfeit_detection,currency: safe counterfeit check,,,COUNTERFEIT_SAFETY,"Quality gate, k=6",,JaalTaka,test,208,real,laptop (DESKTOP-EA33S9L),42,,,,realtime_bangla_taka_detection/results/safety/quality_gate_seed42.json,9ca07942868b07f68d73f76dbf920fcc0053c831,,,,,,,,,,,,,,,,,,,,,,,,,,,,0.04121668389118817,0.1372788581419855,,,,,,,,,,,,,,,,,80.517150585992,,,,,,,,,,,,,,,,,,,,,,,,,,,,,,,,,,,,,,,,,,,,,,,,,,,,,,,,,,,,,,,,,,,,,,,,,,,,,,,,,,,,,,,
EXP_0067,"Image-quality gate + confidence, 6 view(s), clean",verified,2026-09-29T21:19:51+06:00,counterfeit_detection,currency: safe counterfeit check,,,COUNTERFEIT_SAFETY,"Quality gate, k=6",,JaalTaka,test,208,real,laptop (DESKTOP-EA33S9L),42,,,,realtime_bangla_taka_detection/results/safety/quality_gate_seed42.json,9ca07942868b07f68d73f76dbf920fcc0053c831,,,,,,,,,,,,,,,,,,,,,,,,,,,,,,,,,,,,,,,,,,,,,,,,,,,,,,,,24,,,,,,,,,,,,,,,,,,,,,,,,,,,,,,,,,,,,,,,,,,,,,,,,,,,,,,,,,,,,,,,,,,,,,,,,,,,,,
EXP_0068,"Image-quality gate + confidence, 6 view(s), low_light_0.35",verified,2026-09-29T21:19:51+06:00,counterfeit_detection,currency: safe counterfeit check,,,COUNTERFEIT_SAFETY,"Quality gate, k=6",,JaalTaka,test,208,real,laptop (DESKTOP-EA33S9L),42,,,,realtime_bangla_taka_detection/results/safety/quality_gate_seed42.json,9ca07942868b07f68d73f76dbf920fcc0053c831,,,,,,,,,,,,,,,,,,,,,,,,,,,,,,,,,,,,,,,,,,,,,,,,,,,,,,,,208,,,,,,,,,,,,,,,,,,,,,,,,,,,,,,,,,,,,,,,,,,,,,,,,,,,,,,,,,,,,,,,,,,,,,,,,,,,,,
EXP_0069,"Image-quality gate + confidence, 6 view(s), low_light_0.2",verified,2026-09-29T21:19:51+06:00,counterfeit_detection,currency: safe counterfeit check,,,COUNTERFEIT_SAFETY,"Quality gate, k=6",,JaalTaka,test,208,real,laptop (DESKTOP-EA33S9L),42,,,,realtime_bangla_taka_detection/results/safety/quality_gate_seed42.json,9ca07942868b07f68d73f76dbf920fcc0053c831,,,,,,,,,,,,,,,,,,,,,,,,,,,,,,,,,,,,,,,,,,,,,,,,,,,,,,,,208,,,,,,,,,,,,,,,,,,,,,,,,,,,,,,,,,,,,,,,,,,,,,,,,,,,,,,,,,,,,,,,,,,,,,,,,,,,,,
EXP_0070,"Image-quality gate + confidence, 6 view(s), occlusion_0.55",verified,2026-09-29T21:19:51+06:00,counterfeit_detection,currency: safe counterfeit check,,,COUNTERFEIT_SAFETY,"Quality gate, k=6",,JaalTaka,test,208,real,laptop (DESKTOP-EA33S9L),42,,,,realtime_bangla_taka_detection/results/safety/quality_gate_seed42.json,9ca07942868b07f68d73f76dbf920fcc0053c831,,,,,,,,,,,,,,,,,,,,,,,,,,,,,,,,,,,,,,,,,,,,,,,,,,,,,,,,208,,,,,,,,,,,,,,,,,,,,,,,,,,,,,,,,,,,,,,,,,,,,,,,,,,,,,,,,,,,,,,,,,,,,,,,,,,,,,
EXP_0071,"Image-quality gate + confidence, 6 view(s), brightness_2.2",verified,2026-09-29T21:19:51+06:00,counterfeit_detection,currency: safe counterfeit check,,,COUNTERFEIT_SAFETY,"Quality gate, k=6",,JaalTaka,test,208,real,laptop (DESKTOP-EA33S9L),42,,,,realtime_bangla_taka_detection/results/safety/quality_gate_seed42.json,9ca07942868b07f68d73f76dbf920fcc0053c831,,,,,,,,,,,,,,,,,,,,,,,,,,,,,,,,,,,,,,,,,,,,,,,,,,,,,,,,208,,,,,,,,,,,,,,,,,,,,,,,,,,,,,,,,,,,,,,,,,,,,,,,,,,,,,,,,,,,,,,,,,,,,,,,,,,,,,
EXP_0072,Approach A (synthetic whole notes): synthetic_test_A,verified,2026-09-29T23:04:36+06:00,counterfeit_detection,currency: safe counterfeit check,,,WHOLE_NOTE_TRANSFER,synthetic_test_A,,Synthetic whole notes built from JaalTaka,test,205,synthetic,laptop (DESKTOP-EA33S9L),,,,not_kept,realtime_bangla_taka_detection/results/jaal_whole/approach_a/eval.json,9ca07942868b07f68d73f76dbf920fcc0053c831,,,,,0.8731707317073171,,,,,,,,,,,,,,,,,,0.932982661211767,,,,,,,,,,,,,,,,,,,,,87,6,,,,,,,,,,,,82,118,,,,,,,,,,,,,,,205,,,,,,,,,,,,,,,,,,,,,,,,,,,,,,,,,,,,,,,,,,,,,,,,,,,,,,,,,,,,
EXP_0073,Approach A (synthetic whole notes): synthetic_test_S4_deployed,verified,2026-09-29T23:04:36+06:00,counterfeit_detection,currency: safe counterfeit check,,,WHOLE_NOTE_TRANSFER,synthetic_test_S4_deployed,,Synthetic whole notes built from JaalTaka,test,205,synthetic,laptop (DESKTOP-EA33S9L),,,,not_kept,realtime_bangla_taka_detection/results/jaal_whole/approach_a/eval.json,9ca07942868b07f68d73f76dbf920fcc0053c831,,,,,0.7902439024390244,,,,,,,,,,,,,,,,,,0.8746347165400351,,,,,,,,,,,,,,,,,,,,,87,0,,,,,,,,,,,,4,118,,,,,,,,,,,,,,,205,,,,,,,,,,,,,,,,,,,,,,,,,,,,,,,,,,,,,,,,,,,,,,,,,,,,,,,,,,,,
EXP_0074,"Whole-note transfer, S4",verified,2026-09-30T02:53:37+06:00,counterfeit_detection,currency: safe counterfeit check,,,WHOLE_NOTE_TRANSFER,S4,,Counterfeit set originals + Bangla Money + BanglaTaka (whole notes),,,real,laptop (DESKTOP-EA33S9L),,,,baseline,realtime_bangla_taka_detection/results/jaal_whole/domain_adapt.json,ef63bae0e7275f5df09dc05bd7e1e975b3c61b17,,,,,,,,,,,,,,,,,,,,,,,,0.80977212971078,,,,,,0.43416370106761565,0.601089588377724,,,,,,,,,0.04557405784399649,,,,,,,,,,,,,,,,,,,,,,,,,,,,,,,,,,,,,,,,,,,,,,,,,,,,,,,,,,,,,,,,,,,,,,,,,,,,,,,,,,,,,,,,,,,,,
EXP_0075,"Whole-note transfer, S4_adabn",verified,2026-09-30T02:53:37+06:00,counterfeit_detection,currency: safe counterfeit check,,,WHOLE_NOTE_TRANSFER,S4_adabn,,Counterfeit set originals + Bangla Money + BanglaTaka (whole notes),,,real,laptop (DESKTOP-EA33S9L),,,,not_kept,realtime_bangla_taka_detection/results/jaal_whole/domain_adapt.json,ef63bae0e7275f5df09dc05bd7e1e975b3c61b17,,,,,,,,,,,,,,,,,,,,,,,,0.6410604732690622,,,,,,0.33807829181494664,0.7221549636803875,,,,,,,,,0.2979842243645925,,,,,,,,,,,,,,,,,,,,,,,,,,,,,,,,,,,,,,,,,,,,,,,,,,,,,,,,,,,,,,,,,,,,,,,,,,,,,,,,,,,,,,,,,,,,,
EXP_0076,"Whole-note transfer, R2",verified,2026-09-30T02:53:37+06:00,counterfeit_detection,currency: safe counterfeit check,,,WHOLE_NOTE_TRANSFER,R2,,Counterfeit set originals + Bangla Money + BanglaTaka (whole notes),,,real,laptop (DESKTOP-EA33S9L),,,,baseline,realtime_bangla_taka_detection/results/jaal_whole/domain_adapt.json,ef63bae0e7275f5df09dc05bd7e1e975b3c61b17,,,,,,,,,,,,,,,,,,,,,,,,0.9608676599474145,,,,,,0.12811387900355872,0.1652542372881356,,,,,,,,,0.017528483786152498,,,,,,,,,,,,,,,,,,,,,,,,,,,,,,,,,,,,,,,,,,,,,,,,,,,,,,,,,,,,,,,,,,,,,,,,,,,,,,,,,,,,,,,,,,,,,
EXP_0077,"Whole-note transfer, R2_coral",verified,2026-09-30T02:53:37+06:00,counterfeit_detection,currency: safe counterfeit check,,,WHOLE_NOTE_TRANSFER,R2_coral,,Counterfeit set originals + Bangla Money + BanglaTaka (whole notes),,,real,laptop (DESKTOP-EA33S9L),,,,not_kept,realtime_bangla_taka_detection/results/jaal_whole/domain_adapt.json,ef63bae0e7275f5df09dc05bd7e1e975b3c61b17,,,,,,,,,,,,,,,,,,,,,,,,0.915644171779141,,,,,,0.4555160142348754,0.7415254237288136,,,,,,,,,0.2287467134092901,,,,,,,,,,,,,,,,,,,,,,,,,,,,,,,,,,,,,,,,,,,,,,,,,,,,,,,,,,,,,,,,,,,,,,,,,,,,,,,,,,,,,,,,,,,,,
EXP_0078,OCR baseline on lexicon,verified,2026-10-02T18:46:31+06:00,ocr,ocr,EasyOCR (CRAFT + CRNN) unless the variant names another engine,,OCR_BENCHMARK,baseline,,OCR benchmark (HarfBuzz-shaped Bangla + English),old 24 lexicon phrases,216,synthetic text on clean / distorted pages and real COCO photos,laptop (DESKTOP-EA33S9L),,pipeline,old offline path,,savior_glass/results/ocr_bench/lexicon_baseline.json,f24c93b889015b93d26a92b672864fc450270ca3,,,,,,,,,,,,,,,,,,,,,,,,,,,,,,,,0.1683992017121102,0.2568004783282561,0.025678705825764647,0.07999792509596432,,0.42926487093153765,0.050809287782779745,0.050254028379028384,,,,,,,,0.8240740740740741,,,,,,,,,,,,,,,,,,,,,,,,,,,,,,,,,,,,,,,,,,,,,,,,,,,,,,,,,,,,,,0.2160493827160494,,,,,,,,,,,223.509550007293,,,,,,,,,,,,,
EXP_0079,OCR final on lexicon,verified,2026-10-02T19:02:27+06:00,ocr,ocr,EasyOCR (CRAFT + CRNN) unless the variant names another engine,,OCR_BENCHMARK,final,,OCR benchmark (HarfBuzz-shaped Bangla + English),old 24 lexicon phrases,216,synthetic text on clean / distorted pages and real COCO photos,laptop (DESKTOP-EA33S9L),,post-processing,"+ Task 5 (v2, in the app)",,savior_glass/results/ocr_bench/lexicon_final.json,f24c93b889015b93d26a92b672864fc450270ca3,,,,,,,,,,,,,,,,,,,,,,,,,,,,,,,,0.019855834071520344,0.02239858906525573,0.014970432617491437,0.017313079077784958,,0.04047619047619047,0.008929562440435104,0.004120879120879121,,,,,,,,0.9305555555555556,,,,,,,,,,,,,,,,,,,,,,,,,,,,,,,,,,,,,,,,,,,,,,,,,,,,,,,,,,,,,,0.04861111111111111,,,,,,,,,,,220.40300001390278,,,,,,,,,,,,,
EXP_0080,OCR final_ft_seed42 on lexicon,verified,2026-10-02T19:10:16+06:00,ocr,ocr,EasyOCR (CRAFT + CRNN) unless the variant names another engine,,OCR_BENCHMARK,final_ft_seed42,,OCR benchmark (HarfBuzz-shaped Bangla + English),old 24 lexicon phrases,216,synthetic text on clean / distorted pages and real COCO photos,laptop (DESKTOP-EA33S9L),42,,,,savior_glass/results/ocr_bench/lexicon_final_ft_seed42.json,f24c93b889015b93d26a92b672864fc450270ca3,,,,,,,,,,,,,,,,,,,,,,,,,,,,,,,,0.01671626984126984,0.007109788359788359,0.005952380952380952,0.026322751322751324,,0.02144510582010582,0.005639730439420601,0.02275132275132275,,,,,,,,0.9583333333333334,,,,,,,,,,,,,,,,,,,,,,,,,,,,,,,,,,,,,,,,,,,,,,,,,,,,,,,,,,,,,,0.032407407407407406,,,,,,,,,,,218.96294999169186,,,,,,,,,,,,,
EXP_0081,OCR final_ft_seed43 on lexicon,verified,2026-10-02T19:14:43+06:00,ocr,ocr,EasyOCR (CRAFT + CRNN) unless the variant names another engine,,OCR_BENCHMARK,final_ft_seed43,,OCR benchmark (HarfBuzz-shaped Bangla + English),old 24 lexicon phrases,216,synthetic text on clean / distorted pages and real COCO photos,laptop (DESKTOP-EA33S9L),43,,,,savior_glass/results/ocr_bench/lexicon_final_ft_seed43.json,f24c93b889015b93d26a92b672864fc450270ca3,,,,,,,,,,,,,,,,,,,,,,,,,,,,,,,,0.011050485008818342,0.005787037037037037,0.012698412698412697,0.016313932980599646,,0.012516534391534391,0.005832501242908793,0.007936507936507936,,,,,,,,0.9629629629629629,,,,,,,,,,,,,,,,,,,,,,,,,,,,,,,,,,,,,,,,,,,,,,,,,,,,,,,,,,,,,,0.031635802469135804,,,,,,,,,,,218.91835001588333,,,,,,,,,,,,,
EXP_0082,OCR final_ft_seed44 on lexicon,verified,2026-10-02T19:19:12+06:00,ocr,ocr,EasyOCR (CRAFT + CRNN) unless the variant names another engine,,OCR_BENCHMARK,final_ft_seed44,,OCR benchmark (HarfBuzz-shaped Bangla + English),old 24 lexicon phrases,216,synthetic text on clean / distorted pages and real COCO photos,laptop (DESKTOP-EA33S9L),44,,,,savior_glass/results/ocr_bench/lexicon_final_ft_seed44.json,f24c93b889015b93d26a92b672864fc450270ca3,,,,,,,,,,,,,,,,,,,,,,,,,,,,,,,,0.00783913874191652,0.005787037037037037,0.005952380952380952,0.009891240446796002,,0.008680555555555556,0.005545410046305814,0.008884479717813051,,,,,,,,0.9675925925925926,,,,,,,,,,,,,,,,,,,,,,,,,,,,,,,,,,,,,,,,,,,,,,,,,,,,,,,,,,,,,,0.020833333333333332,,,,,,,,,,,219.1663499979768,,,,,,,,,,,,,
EXP_0083,OCR glass_app on lexicon,verified,2026-10-02T18:51:05+06:00,ocr,ocr,EasyOCR (CRAFT + CRNN) unless the variant names another engine,,OCR_BENCHMARK,glass_app,,OCR benchmark (HarfBuzz-shaped Bangla + English),old 24 lexicon phrases,216,synthetic text on clean / distorted pages and real COCO photos,laptop (DESKTOP-EA33S9L),,pipeline,app as shipped (legacy),,savior_glass/results/ocr_bench/lexicon_glass_app.json,f24c93b889015b93d26a92b672864fc450270ca3,,,,,,,,,,,,,,,,,,,,,,,,,,,,,,,,0.07607289829512051,0.056878306878306875,0.05555555555555555,0.09526748971193415,,0.10119047619047619,0.010429934332382353,0.0714726631393298,,,,,,,,0.9166666666666666,,,,,,,,,,,,,,,,,,,,,,,,,,,,,,,,,,,,,,,,,,,,,,,,,,,,,,,,,,,,,,0.0787037037037037,,,,,,,,,,,223.4551500005182,,,,,,,,,,,,,
EXP_0084,OCR baseline on select,verified,2026-10-02T18:47:37+06:00,ocr,ocr,EasyOCR (CRAFT + CRNN) unless the variant names another engine,,OCR_BENCHMARK,baseline,,OCR benchmark (HarfBuzz-shaped Bangla + English),24 phrases used once for the canvas choice,216,synthetic text on clean / distorted pages and real COCO photos,laptop (DESKTOP-EA33S9L),,pipeline,old offline path,,savior_glass/results/ocr_bench/select_baseline.json,f24c93b889015b93d26a92b672864fc450270ca3,,,,,,,,,,,,,,,,,,,,,,,,,,,,,,,,0.20612238841405509,0.12250712250712253,0.003472222222222222,0.2897376543209877,,0.5959134615384616,0.08740321517887885,0.01898148148148148,,,,,,,,0.8657407407407407,,,,,,,,,,,,,,,,,,,,,,,,,,,,,,,,,,,,,,,,,,,,,,,,,,,,,,,,,,,,,,0.21373456790123455,,,,,,,,,,,214.51315001468174,,,,,,,,,,,,,
EXP_0085,OCR final on select,verified,2026-10-02T19:03:31+06:00,ocr,ocr,EasyOCR (CRAFT + CRNN) unless the variant names another engine,,OCR_BENCHMARK,final,,OCR benchmark (HarfBuzz-shaped Bangla + English),24 phrases used once for the canvas choice,216,synthetic text on clean / distorted pages and real COCO photos,laptop (DESKTOP-EA33S9L),,post-processing,"+ Task 5 (v2, in the app)",,savior_glass/results/ocr_bench/select_final.json,f24c93b889015b93d26a92b672864fc450270ca3,,,,,,,,,,,,,,,,,,,,,,,,,,,,,,,,0.013439775245330802,0.012090455840455839,0.020975783475783476,0.014789094650205762,,0.009066358024691358,0.0021479779681355133,0.010277184235517567,,,,,,,,0.9074074074074074,,,,,,,,,,,,,,,,,,,,,,,,,,,,,,,,,,,,,,,,,,,,,,,,,,,,,,,,,,,,,,0.05478395061728395,,,,,,,,,,,207.67065000836737,,,,,,,,,,,,,
EXP_0086,OCR final_ft_seed42 on select,verified,2026-10-02T19:11:19+06:00,ocr,ocr,EasyOCR (CRAFT + CRNN) unless the variant names another engine,,OCR_BENCHMARK,final_ft_seed42,,OCR benchmark (HarfBuzz-shaped Bangla + English),24 phrases used once for the canvas choice,216,synthetic text on clean / distorted pages and real COCO photos,laptop (DESKTOP-EA33S9L),42,,,,savior_glass/results/ocr_bench/select_final_ft_seed42.json,f24c93b889015b93d26a92b672864fc450270ca3,,,,,,,,,,,,,,,,,,,,,,,,,,,,,,,,0.016766579613801836,0.023759496676163346,0.003935185185185185,0.00977366255144033,,0.029157763532763534,0.009903711201445734,0.01720679012345679,,,,,,,,0.9305555555555556,,,,,,,,,,,,,,,,,,,,,,,,,,,,,,,,,,,,,,,,,,,,,,,,,,,,,,,,,,,,,,0.040895061728395056,,,,,,,,,,,207.50580001913477,,,,,,,,,,,,,
EXP_0087,OCR final_ft_seed43 on select,verified,2026-10-02T19:15:47+06:00,ocr,ocr,EasyOCR (CRAFT + CRNN) unless the variant names another engine,,OCR_BENCHMARK,final_ft_seed43,,OCR benchmark (HarfBuzz-shaped Bangla + English),24 phrases used once for the canvas choice,216,synthetic text on clean / distorted pages and real COCO photos,laptop (DESKTOP-EA33S9L),43,,,,savior_glass/results/ocr_bench/select_final_ft_seed43.json,f24c93b889015b93d26a92b672864fc450270ca3,,,,,,,,,,,,,,,,,,,,,,,,,,,,,,,,0.017309670781893004,0.013271604938271604,0.020061728395061727,0.0213477366255144,,0.017361111111111112,0.017426716463673775,0.014506172839506174,,,,,,,,0.9444444444444444,,,,,,,,,,,,,,,,,,,,,,,,,,,,,,,,,,,,,,,,,,,,,,,,,,,,,,,,,,,,,,0.03935185185185185,,,,,,,,,,,206.1007000011159,,,,,,,,,,,,,
EXP_0088,OCR final_ft_seed44 on select,verified,2026-10-02T19:20:15+06:00,ocr,ocr,EasyOCR (CRAFT + CRNN) unless the variant names another engine,,OCR_BENCHMARK,final_ft_seed44,,OCR benchmark (HarfBuzz-shaped Bangla + English),24 phrases used once for the canvas choice,216,synthetic text on clean / distorted pages and real COCO photos,laptop (DESKTOP-EA33S9L),44,,,,savior_glass/results/ocr_bench/select_final_ft_seed44.json,f24c93b889015b93d26a92b672864fc450270ca3,,,,,,,,,,,,,,,,,,,,,,,,,,,,,,,,0.014210390946502059,0.010416666666666666,0.019367283950617282,0.01800411522633745,,0.014467592592592591,0.011028575952209718,0.008796296296296295,,,,,,,,0.9351851851851852,,,,,,,,,,,,,,,,,,,,,,,,,,,,,,,,,,,,,,,,,,,,,,,,,,,,,,,,,,,,,,0.037037037037037035,,,,,,,,,,,206.70775001053698,,,,,,,,,,,,,
EXP_0089,OCR glass_app on select,verified,2026-10-02T18:52:12+06:00,ocr,ocr,EasyOCR (CRAFT + CRNN) unless the variant names another engine,,OCR_BENCHMARK,glass_app,,OCR benchmark (HarfBuzz-shaped Bangla + English),24 phrases used once for the canvas choice,216,synthetic text on clean / distorted pages and real COCO photos,laptop (DESKTOP-EA33S9L),,pipeline,app as shipped (legacy),,savior_glass/results/ocr_bench/select_glass_app.json,f24c93b889015b93d26a92b672864fc450270ca3,,,,,,,,,,,,,,,,,,,,,,,,,,,,,,,,0.10007716049382716,0.1561728395061728,0.07407407407407407,0.04398148148148148,,0.1232638888888889,0.03044582863187322,0.10289351851851852,,,,,,,,0.8240740740740741,,,,,,,,,,,,,,,,,,,,,,,,,,,,,,,,,,,,,,,,,,,,,,,,,,,,,,,,,,,,,,0.15046296296296297,,,,,,,,,,,216.32980000867974,,,,,,,,,,,,,
EXP_0090,OCR baseline on test,verified,2026-10-02T18:45:21+06:00,ocr,ocr,EasyOCR (CRAFT + CRNN) unless the variant names another engine,,OCR_BENCHMARK,baseline,,OCR benchmark (HarfBuzz-shaped Bangla + English),held-out test (48 phrases; read once per method),432,synthetic text on clean / distorted pages and real COCO photos,laptop (DESKTOP-EA33S9L),,pipeline,old offline path,,savior_glass/results/ocr_bench/test_baseline.json,f24c93b889015b93d26a92b672864fc450270ca3,,,,,,,,,,,,,,,,,,,,,,,,,,,,,,,,0.11604647357302585,0.11772045469962136,0.023943706756206756,0.11437249244643037,,0.23955685744901434,0.02548447169190185,0.08463885651385651,,,,,,,,0.7824074074074074,,,,,,,,,,,,,,,,,,,,,,,,,,,,,,,,,,,,,,,,,,,,,,,,,,,,,,,,,,,,,,0.18132716049382716,,,,,,,,,,,237.41924999922048,,,,,,,,,,,,,
EXP_0091,OCR final on test,verified,2026-10-02T19:01:16+06:00,ocr,ocr,EasyOCR (CRAFT + CRNN) unless the variant names another engine,,OCR_BENCHMARK,final,,OCR benchmark (HarfBuzz-shaped Bangla + English),held-out test (48 phrases; read once per method),432,synthetic text on clean / distorted pages and real COCO photos,laptop (DESKTOP-EA33S9L),,post-processing,"+ Task 5 (v2, in the app)",,savior_glass/results/ocr_bench/test_final.json,f24c93b889015b93d26a92b672864fc450270ca3,,,,,,,,,,,,,,,,,,,,,,,,,,,,,,,,0.023999586560861073,0.03247258143091476,0.023830972268472264,0.015526591690807378,,0.022155355197634605,0.00947387605608542,0.026012432216476332,,,,,,,,0.8611111111111112,,,,,,,,,,,,,,,,,,,,,,,,,,,,,,,,,,,,,,,,,,,,,,,,,,,,,,,,,,,,,,0.0794753086419753,,,,,,,,,,,222.12219999346416,,,,,,,,,,,,,
EXP_0092,OCR final_ft_seed42 on test,verified,2026-10-02T19:09:06+06:00,ocr,ocr,EasyOCR (CRAFT + CRNN) unless the variant names another engine,,OCR_BENCHMARK,final_ft_seed42,,OCR benchmark (HarfBuzz-shaped Bangla + English),held-out test (48 phrases; read once per method),432,synthetic text on clean / distorted pages and real COCO photos,laptop (DESKTOP-EA33S9L),42,,,,savior_glass/results/ocr_bench/test_final_ft_seed42.json,f24c93b889015b93d26a92b672864fc450270ca3,,,,,,,,,,,,,,,,,,,,,,,,,,,,,,,,0.017868008217272923,0.026066988566988566,0.013591269841269842,0.00966902786755728,,0.014580153642653644,0.010577277630883892,0.025432601167895287,,,,,,,,0.9120370370370371,,,,,,,,,,,,,,,,,,,,,,,,,,,,,,,,,,,,,,,,,,,,,,,,,,,,,,,,,,,,,,0.05285493827160494,,,,,,,,,,,281.0771499935072,,,,,,,,,,,,,
EXP_0093,OCR final_ft_seed43 on test,verified,2026-10-02T19:13:34+06:00,ocr,ocr,EasyOCR (CRAFT + CRNN) unless the variant names another engine,,OCR_BENCHMARK,final_ft_seed43,,OCR benchmark (HarfBuzz-shaped Bangla + English),held-out test (48 phrases; read once per method),432,synthetic text on clean / distorted pages and real COCO photos,laptop (DESKTOP-EA33S9L),43,,,,savior_glass/results/ocr_bench/test_final_ft_seed43.json,f24c93b889015b93d26a92b672864fc450270ca3,,,,,,,,,,,,,,,,,,,,,,,,,,,,,,,,0.01809228239988044,0.02470916429249763,0.01184163059163059,0.011475400507263252,,0.014293981481481484,0.00489421406297544,0.028141235126529242,,,,,,,,0.9444444444444444,,,,,,,,,,,,,,,,,,,,,,,,,,,,,,,,,,,,,,,,,,,,,,,,,,,,,,,,,,,,,,0.038580246913580245,,,,,,,,,,,222.37079999467824,,,,,,,,,,,,,
EXP_0094,OCR final_ft_seed44 on test,verified,2026-10-02T19:18:02+06:00,ocr,ocr,EasyOCR (CRAFT + CRNN) unless the variant names another engine,,OCR_BENCHMARK,final_ft_seed44,,OCR benchmark (HarfBuzz-shaped Bangla + English),held-out test (48 phrases; read once per method),432,synthetic text on clean / distorted pages and real COCO photos,laptop (DESKTOP-EA33S9L),44,,,,savior_glass/results/ocr_bench/test_final_ft_seed44.json,f24c93b889015b93d26a92b672864fc450270ca3,,,,,,,,,,,,,,,,,,,,,,,,,,,,,,,,0.02059445751234967,0.029193491693491693,0.012478204665704666,0.011995423331207643,,0.02777768935857171,0.011884376448216345,0.02152747851277263,,,,,,,,0.9328703703703703,,,,,,,,,,,,,,,,,,,,,,,,,,,,,,,,,,,,,,,,,,,,,,,,,,,,,,,,,,,,,,0.047839506172839504,,,,,,,,,,,221.44420001131948,,,,,,,,,,,,,
EXP_0095,OCR glass_app on test,verified,2026-10-02T18:49:55+06:00,ocr,ocr,EasyOCR (CRAFT + CRNN) unless the variant names another engine,,OCR_BENCHMARK,glass_app,,OCR benchmark (HarfBuzz-shaped Bangla + English),held-out test (48 phrases; read once per method),432,synthetic text on clean / distorted pages and real COCO photos,laptop (DESKTOP-EA33S9L),,pipeline,app as shipped (legacy),,savior_glass/results/ocr_bench/test_glass_app.json,f24c93b889015b93d26a92b672864fc450270ca3,,,,,,,,,,,,,,,,,,,,,,,,,,,,,,,,0.09250164663767606,0.11930299638632971,0.058204469141969147,0.06570029688902237,,0.1071614727864728,0.01970071341568079,0.11213899798458622,,,,,,,,0.7569444444444444,,,,,,,,,,,,,,,,,,,,,,,,,,,,,,,,,,,,,,,,,,,,,,,,,,,,,,,,,,,,,,0.1577932098765432,,,,,,,,,,,233.56730000523385,,,,,,,,,,,,,
EXP_0096,OCR t1_region on test,verified,2026-10-02T18:54:29+06:00,ocr,ocr,EasyOCR (CRAFT + CRNN) unless the variant names another engine,,OCR_BENCHMARK,t1_region,,OCR benchmark (HarfBuzz-shaped Bangla + English),held-out test (48 phrases; read once per method),432,synthetic text on clean / distorted pages and real COCO photos,laptop (DESKTOP-EA33S9L),,text region,+ Task 1,,savior_glass/results/ocr_bench/test_t1_region.json,f24c93b889015b93d26a92b672864fc450270ca3,,,,,,,,,,,,,,,,,,,,,,,,,,,,,,,,0.024449852299117003,0.03616206324539658,0.01104688135938136,0.012737641352837429,,0.03446599696599696,0.004427590812067061,0.027836678571972688,,,,,,,,0.8587962962962963,,,,,,,,,,,,,,,,,,,,,,,,,,,,,,,,,,,,,,,,,,,,,,,,,,,,,,,,,,,,,,0.08294753086419754,,,,,,,,,,,231.61200000322424,,,,,,,,,,,,,
EXP_0097,OCR t2_prep on test,verified,2026-10-02T18:56:47+06:00,ocr,ocr,EasyOCR (CRAFT + CRNN) unless the variant names another engine,,OCR_BENCHMARK,t2_prep,,OCR benchmark (HarfBuzz-shaped Bangla + English),held-out test (48 phrases; read once per method),432,synthetic text on clean / distorted pages and real COCO photos,laptop (DESKTOP-EA33S9L),,preprocessing,+ Task 2,,savior_glass/results/ocr_bench/test_t2_prep.json,f24c93b889015b93d26a92b672864fc450270ca3,,,,,,,,,,,,,,,,,,,,,,,,,,,,,,,,0.03308795907856365,0.04245638620638621,0.02643051393051393,0.0237195319507411,,0.04247324820241487,0.0055312641003622195,0.030360115102762167,,,,,,,,0.8171296296296297,,,,,,,,,,,,,,,,,,,,,,,,,,,,,,,,,,,,,,,,,,,,,,,,,,,,,,,,,,,,,,0.11689814814814815,,,,,,,,,,,228.58189999533352,,,,,,,,,,,,,
EXP_0098,OCR t3_paddle_en on test,verified,2026-10-02T18:44:07+06:00,ocr,ocr,EasyOCR (CRAFT + CRNN) unless the variant names another engine,,OCR_BENCHMARK,t3_paddle_en,,OCR benchmark (HarfBuzz-shaped Bangla + English),held-out test (48 phrases; read once per method),216,synthetic text on clean / distorted pages and real COCO photos,laptop (DESKTOP-EA33S9L),,,,,savior_glass/results/ocr_bench/test_t3_paddle_en.json,f24c93b889015b93d26a92b672864fc450270ca3,,,,,,,,,,,,,,,,,,,,,,,,,,,,,,,,0.11038983483836426,,0.0,0.11038983483836426,,0.33116950451509275,0.043019254372305506,0.0,,,,,,,,0.9259259259259259,,,,,,,,,,,,,,,,,,,,,,,,,,,,,,,,,,,,,,,,,,,,,,,,,,,,,,,,,,,,,,0.0952932098765432,,,,,,,,,,,1571.831800014479,,,,,,,,,,,,,
EXP_0099,OCR t3_tesseract_block_psm7 on test,verified,2026-10-02T19:06:18+06:00,ocr,ocr,EasyOCR (CRAFT + CRNN) unless the variant names another engine,,OCR_BENCHMARK,t3_tesseract_block_psm7,,OCR benchmark (HarfBuzz-shaped Bangla + English),held-out test (48 phrases; read once per method),432,synthetic text on clean / distorted pages and real COCO photos,laptop (DESKTOP-EA33S9L),,,,,savior_glass/results/ocr_bench/test_t3_tesseract_block_psm7.json,f24c93b889015b93d26a92b672864fc450270ca3,,,,,,,,,,,,,,,,,,,,,,,,,,,,,,,,0.16582192191201695,0.1849175901259235,0.07428044450103273,0.14672625369811043,,0.32529517239511435,0.03100514120801458,0.09789014883990374,,,,,,,,0.625,,,,,,,,,,,,,,,,,,,,,,,,,,,,,,,,,,,,,,,,,,,,,,,,,,,,,,,,,,,,,,0.34394290123456783,,,,,,,,,,,305.872349999845,,,,,,,,,,,,,
EXP_0100,OCR t4_params on test,verified,2026-10-02T18:59:02+06:00,ocr,ocr,EasyOCR (CRAFT + CRNN) unless the variant names another engine,,OCR_BENCHMARK,t4_params,,OCR benchmark (HarfBuzz-shaped Bangla + English),held-out test (48 phrases; read once per method),432,synthetic text on clean / distorted pages and real COCO photos,laptop (DESKTOP-EA33S9L),,EasyOCR parameters,+ Task 4,,savior_glass/results/ocr_bench/test_t4_params.json,f24c93b889015b93d26a92b672864fc450270ca3,,,,,,,,,,,,,,,,,,,,,,,,,,,,,,,,0.023999586560861073,0.03247258143091476,0.023830972268472264,0.015526591690807378,,0.022155355197634605,0.00947387605608542,0.026012432216476332,,,,,,,,0.8611111111111112,,,,,,,,,,,,,,,,,,,,,,,,,,,,,,,,,,,,,,,,,,,,,,,,,,,,,,,,,,,,,,0.0794753086419753,,,,,,,,,,,222.26599999703467,,,,,,,,,,,,,
EXP_0101,OCR baseline_raw on val,verified,2026-10-02T13:31:28+06:00,ocr,ocr,EasyOCR (CRAFT + CRNN) unless the variant names another engine,,OCR_BENCHMARK,baseline_raw,,OCR benchmark (HarfBuzz-shaped Bangla + English),validation (48 phrases; every choice made here),432,synthetic text on clean / distorted pages and real COCO photos,laptop (DESKTOP-EA33S9L),,,,,savior_glass/results/ocr_bench/val_baseline_raw.json,f24c93b889015b93d26a92b672864fc450270ca3,,,,,,,,,,,,,,,,,,,,,,,,,,,,,,,,0.17819054171893225,0.1832182380527969,0.019997617102396517,0.17316284538506763,,0.44970237653142064,0.0651949782741463,0.06487163152297956,,,,,,,,0.7939814814814815,,,,,,,,,,,,,,,,,,,,,,,,,,,,,,,,,,,,,,,,,,,,,,,,,,,,,,,,,,,,,,0.22800925925925927,,,,,,,,,,,220.34139999595936,,,,,,,,,,,,,
EXP_0102,OCR baseline_repaired on val,verified,2026-10-02T13:33:44+06:00,ocr,ocr,EasyOCR (CRAFT + CRNN) unless the variant names another engine,,OCR_BENCHMARK,baseline_repaired,,OCR benchmark (HarfBuzz-shaped Bangla + English),validation (48 phrases; every choice made here),432,synthetic text on clean / distorted pages and real COCO photos,laptop (DESKTOP-EA33S9L),,,,,savior_glass/results/ocr_bench/val_baseline_repaired.json,f24c93b889015b93d26a92b672864fc450270ca3,,,,,,,,,,,,,,,,,,,,,,,,,,,,,,,,0.19436197241242173,0.18695660208527856,0.037258814510652744,0.20176734273956498,,0.46702856205613563,0.06267717800222311,0.07879854067047694,,,,,,,,0.6967592592592593,,,,,,,,,,,,,,,,,,,,,,,,,,,,,,,,,,,,,,,,,,,,,,,,,,,,,,,,,,,,,,0.2901234567901234,,,,,,,,,,,223.71429999475367,,,,,,,,,,,,,
EXP_0103,OCR t1_conf0.1 on val,verified,2026-10-02T13:39:11+06:00,ocr,ocr,EasyOCR (CRAFT + CRNN) unless the variant names another engine,,OCR_BENCHMARK,t1_conf0.1,,OCR benchmark (HarfBuzz-shaped Bangla + English),validation (48 phrases; every choice made here),432,synthetic text on clean / distorted pages and real COCO photos,laptop (DESKTOP-EA33S9L),,,,,savior_glass/results/ocr_bench/val_t1_conf0.1.json,f24c93b889015b93d26a92b672864fc450270ca3,,,,,,,,,,,,,,,,,,,,,,,,,,,,,,,,0.06315940145699132,0.05016506981580511,0.019997617102396517,0.07615373309817754,,0.1525658826240934,0.008319932752631256,0.016914704644484056,,,,,,,,0.8541666666666666,,,,,,,,,,,,,,,,,,,,,,,,,,,,,,,,,,,,,,,,,,,,,,,,,,,,,,,,,,,,,,0.12770061728395063,,,,,,,,,,,223.3076499978779,,,,,,,,,,,,,
EXP_0104,OCR t1_conf0.3 on val,verified,2026-10-02T13:41:29+06:00,ocr,ocr,EasyOCR (CRAFT + CRNN) unless the variant names another engine,,OCR_BENCHMARK,t1_conf0.3,,OCR benchmark (HarfBuzz-shaped Bangla + English),validation (48 phrases; every choice made here),432,synthetic text on clean / distorted pages and real COCO photos,laptop (DESKTOP-EA33S9L),,,,,savior_glass/results/ocr_bench/val_t1_conf0.3.json,f24c93b889015b93d26a92b672864fc450270ca3,,,,,,,,,,,,,,,,,,,,,,,,,,,,,,,,0.05229825144142954,0.0463274699610484,0.036201320806100216,0.0582690329218107,,0.10377872887370436,0.003823442081289625,0.016914704644484056,,,,,,,,0.8680555555555556,,,,,,,,,,,,,,,,,,,,,,,,,,,,,,,,,,,,,,,,,,,,,,,,,,,,,,,,,,,,,,0.10069444444444445,,,,,,,,,,,226.8432999990182,,,,,,,,,,,,,
EXP_0105,OCR t1_conf0.5 on val,verified,2026-10-02T13:43:46+06:00,ocr,ocr,EasyOCR (CRAFT + CRNN) unless the variant names another engine,,OCR_BENCHMARK,t1_conf0.5,,OCR benchmark (HarfBuzz-shaped Bangla + English),validation (48 phrases; every choice made here),432,synthetic text on clean / distorted pages and real COCO photos,laptop (DESKTOP-EA33S9L),,,,,savior_glass/results/ocr_bench/val_t1_conf0.5.json,f24c93b889015b93d26a92b672864fc450270ca3,,,,,,,,,,,,,,,,,,,,,,,,,,,,,,,,0.13385801339334835,0.191851645540371,0.11180895969498911,0.07586438124632569,,0.19764519907289516,0.035077920638023986,0.09211988141216082,,,,,,,,0.8125,,,,,,,,,,,,,,,,,,,,,,,,,,,,,,,,,,,,,,,,,,,,,,,,,,,,,,,,,,,,,,0.16512345679012344,,,,,,,,,,,223.65205000096466,,,,,,,,,,,,,
EXP_0106,OCR t1_region_craft_c0.1_1pass on val,verified,2026-10-02T13:46:02+06:00,ocr,ocr,EasyOCR (CRAFT + CRNN) unless the variant names another engine,,OCR_BENCHMARK,t1_region_craft_c0.1_1pass,,OCR benchmark (HarfBuzz-shaped Bangla + English),validation (48 phrases; every choice made here),432,synthetic text on clean / distorted pages and real COCO photos,laptop (DESKTOP-EA33S9L),,,,,savior_glass/results/ocr_bench/val_t1_region_craft_c0.1_1pass.json,f24c93b889015b93d26a92b672864fc450270ca3,,,,,,,,,,,,,,,,,,,,,,,,,,,,,,,,0.034476029258504744,0.02439738479566911,0.019997617102396517,0.044554673721340386,,0.06434562713974479,0.013509717831920662,0.019084843533372944,,,,,,,,0.8819444444444444,,,,,,,,,,,,,,,,,,,,,,,,,,,,,,,,,,,,,,,,,,,,,,,,,,,,,,,,,,,,,,0.0798611111111111,,,,,,,,,,,224.17610000411514,,,,,,,,,,,,,
EXP_0107,OCR t1_region_craft_c0.1_2pass on val,verified,2026-10-02T13:50:06+06:00,ocr,ocr,EasyOCR (CRAFT + CRNN) unless the variant names another engine,,OCR_BENCHMARK,t1_region_craft_c0.1_2pass,,OCR benchmark (HarfBuzz-shaped Bangla + English),validation (48 phrases; every choice made here),432,synthetic text on clean / distorted pages and real COCO photos,laptop (DESKTOP-EA33S9L),,,,,savior_glass/results/ocr_bench/val_t1_region_craft_c0.1_2pass.json,f24c93b889015b93d26a92b672864fc450270ca3,,,,,,,,,,,,,,,,,,,,,,,,,,,,,,,,0.04680877546695251,0.04369011854119485,0.028482434640522875,0.04992743239271018,,0.07822650960545248,0.016496121106161173,0.03371738215488215,,,,,,,,0.8495370370370371,,,,,,,,,,,,,,,,,,,,,,,,,,,,,,,,,,,,,,,,,,,,,,,,,,,,,,,,,,,,,,0.10686728395061727,,,,,,,,,,,471.45304999139626,,,,,,,,,,,,,
EXP_0108,OCR t1_region_craft_c0.3_1pass on val,verified,2026-10-02T13:53:02+06:00,ocr,ocr,EasyOCR (CRAFT + CRNN) unless the variant names another engine,,OCR_BENCHMARK,t1_region_craft_c0.3_1pass,,OCR benchmark (HarfBuzz-shaped Bangla + English),validation (48 phrases; every choice made here),432,synthetic text on clean / distorted pages and real COCO photos,laptop (DESKTOP-EA33S9L),,,,,savior_glass/results/ocr_bench/val_t1_region_craft_c0.3_1pass.json,f24c93b889015b93d26a92b672864fc450270ca3,,,,,,,,,,,,,,,,,,,,,,,,,,,,,,,,0.04333435654003464,0.037741611375189804,0.036201320806100216,0.04892710170487949,,0.07471690528063077,0.010948366838661438,0.019084843533372944,,,,,,,,0.8773148148148148,,,,,,,,,,,,,,,,,,,,,,,,,,,,,,,,,,,,,,,,,,,,,,,,,,,,,,,,,,,,,,0.08449074074074074,,,,,,,,,,,228.91489999892656,,,,,,,,,,,,,
EXP_0109,OCR t1_region_craft_c0.3_2pass on val,verified,2026-10-02T13:57:29+06:00,ocr,ocr,EasyOCR (CRAFT + CRNN) unless the variant names another engine,,OCR_BENCHMARK,t1_region_craft_c0.3_2pass,,OCR benchmark (HarfBuzz-shaped Bangla + English),validation (48 phrases; every choice made here),432,synthetic text on clean / distorted pages and real COCO photos,laptop (DESKTOP-EA33S9L),,,,,savior_glass/results/ocr_bench/val_t1_region_craft_c0.3_2pass.json,f24c93b889015b93d26a92b672864fc450270ca3,,,,,,,,,,,,,,,,,,,,,,,,,,,,,,,,0.05019688795832586,0.054599941407539446,0.04584354575163399,0.045793834509112286,,0.07102973596846146,0.007557759909802129,0.03371738215488215,,,,,,,,0.8518518518518519,,,,,,,,,,,,,,,,,,,,,,,,,,,,,,,,,,,,,,,,,,,,,,,,,,,,,,,,,,,,,,0.10532407407407407,,,,,,,,,,,530.1953500020318,,,,,,,,,,,,,
EXP_0110,OCR t1_sorted_lines on val,verified,2026-10-02T13:36:55+06:00,ocr,ocr,EasyOCR (CRAFT + CRNN) unless the variant names another engine,,OCR_BENCHMARK,t1_sorted_lines,,OCR benchmark (HarfBuzz-shaped Bangla + English),validation (48 phrases; every choice made here),432,synthetic text on clean / distorted pages and real COCO photos,laptop (DESKTOP-EA33S9L),,,,,savior_glass/results/ocr_bench/val_t1_sorted_lines.json,f24c93b889015b93d26a92b672864fc450270ca3,,,,,,,,,,,,,,,,,,,,,,,,,,,,,,,,0.15096752568872668,0.16272098612172142,0.019997617102396517,0.1392140652557319,,0.41946247754152166,0.06227660712382075,0.013442482422261835,,,,,,,,0.8240740740740741,,,,,,,,,,,,,,,,,,,,,,,,,,,,,,,,,,,,,,,,,,,,,,,,,,,,,,,,,,,,,,0.19675925925925927,,,,,,,,,,,221.91279999969993,,,,,,,,,,,,,
EXP_0111,OCR t2_bilateral on val,verified,2026-10-02T14:32:07+06:00,ocr,ocr,EasyOCR (CRAFT + CRNN) unless the variant names another engine,,OCR_BENCHMARK,t2_bilateral,,OCR benchmark (HarfBuzz-shaped Bangla + English),validation (48 phrases; every choice made here),432,synthetic text on clean / distorted pages and real COCO photos,laptop (DESKTOP-EA33S9L),,,,,savior_glass/results/ocr_bench/val_t2_bilateral.json,f24c93b889015b93d26a92b672864fc450270ca3,,,,,,,,,,,,,,,,,,,,,,,,,,,,,,,,0.04099900096121501,0.032347061299267184,0.0174802559912854,0.049650940623162845,,0.08931943147629423,0.004666950465374164,0.016197315416065415,,,,,,,,0.8958333333333334,,,,,,,,,,,,,,,,,,,,,,,,,,,,,,,,,,,,,,,,,,,,,,,,,,,,,,,,,,,,,,0.0806327160493827,,,,,,,,,,,235.28550000628456,,,,,,,,,,,,,
EXP_0112,OCR t2_clahe on val,verified,2026-10-02T14:29:45+06:00,ocr,ocr,EasyOCR (CRAFT + CRNN) unless the variant names another engine,,OCR_BENCHMARK,t2_clahe,,OCR benchmark (HarfBuzz-shaped Bangla + English),validation (48 phrases; every choice made here),432,synthetic text on clean / distorted pages and real COCO photos,laptop (DESKTOP-EA33S9L),,,,,savior_glass/results/ocr_bench/val_t2_clahe.json,f24c93b889015b93d26a92b672864fc450270ca3,,,,,,,,,,,,,,,,,,,,,,,,,,,,,,,,0.033665796403834554,0.031868078698321665,0.028654667885672787,0.03546351410934744,,0.06386997300933256,0.008921704996203855,0.008472748316498318,,,,,,,,0.8865740740740741,,,,,,,,,,,,,,,,,,,,,,,,,,,,,,,,,,,,,,,,,,,,,,,,,,,,,,,,,,,,,,0.07600308641975308,,,,,,,,,,,236.00239999359474,,,,,,,,,,,,,
EXP_0113,OCR t2_color on val,verified,2026-10-02T14:25:58+06:00,ocr,ocr,EasyOCR (CRAFT + CRNN) unless the variant names another engine,,OCR_BENCHMARK,t2_color,,OCR benchmark (HarfBuzz-shaped Bangla + English),validation (48 phrases; every choice made here),432,synthetic text on clean / distorted pages and real COCO photos,laptop (DESKTOP-EA33S9L),,,,,savior_glass/results/ocr_bench/val_t2_color.json,f24c93b889015b93d26a92b672864fc450270ca3,,,,,,,,,,,,,,,,,,,,,,,,,,,,,,,,0.04275334949465562,0.030823791875848567,0.032157203159041386,0.05468290711346267,,0.08504547098630112,0.004762426564543793,0.011057374338624339,,,,,,,,0.8842592592592593,,,,,,,,,,,,,,,,,,,,,,,,,,,,,,,,,,,,,,,,,,,,,,,,,,,,,,,,,,,,,,0.08294753086419752,,,,,,,,,,,239.070299998275,,,,,,,,,,,,,
EXP_0114,OCR t2_deskew+clahe on val,verified,2026-10-02T14:50:13+06:00,ocr,ocr,EasyOCR (CRAFT + CRNN) unless the variant names another engine,,OCR_BENCHMARK,t2_deskew+clahe,,OCR benchmark (HarfBuzz-shaped Bangla + English),validation (48 phrases; every choice made here),432,synthetic text on clean / distorted pages and real COCO photos,laptop (DESKTOP-EA33S9L),,,,,savior_glass/results/ocr_bench/val_t2_deskew+clahe.json,f24c93b889015b93d26a92b672864fc450270ca3,,,,,,,,,,,,,,,,,,,,,,,,,,,,,,,,0.03603593462466722,0.028976814869557836,0.03455694462128286,0.04309505437977661,,0.05525555501991457,0.007965628272970296,0.018295304232804233,,,,,,,,0.8726851851851852,,,,,,,,,,,,,,,,,,,,,,,,,,,,,,,,,,,,,,,,,,,,,,,,,,,,,,,,,,,,,,0.08410493827160492,,,,,,,,,,,245.74645000393502,,,,,,,,,,,,,
EXP_0115,OCR t2_deskew on val,verified,2026-10-02T14:45:14+06:00,ocr,ocr,EasyOCR (CRAFT + CRNN) unless the variant names another engine,,OCR_BENCHMARK,t2_deskew,,OCR benchmark (HarfBuzz-shaped Bangla + English),validation (48 phrases; every choice made here),432,synthetic text on clean / distorted pages and real COCO photos,laptop (DESKTOP-EA33S9L),,,,,savior_glass/results/ocr_bench/val_t2_deskew.json,f24c93b889015b93d26a92b672864fc450270ca3,,,,,,,,,,,,,,,,,,,,,,,,,,,,,,,,0.04775897688590392,0.04029124889232519,0.02966902775419932,0.055226704879482655,,0.09837541498080712,0.005023827061787303,0.015232487922705314,,,,,,,,0.875,,,,,,,,,,,,,,,,,,,,,,,,,,,,,,,,,,,,,,,,,,,,,,,,,,,,,,,,,,,,,,0.08487654320987656,,,,,,,,,,,241.271750011947,,,,,,,,,,,,,
EXP_0116,OCR t2_glass on val,verified,2026-10-02T14:21:01+06:00,ocr,ocr,EasyOCR (CRAFT + CRNN) unless the variant names another engine,,OCR_BENCHMARK,t2_glass,,OCR benchmark (HarfBuzz-shaped Bangla + English),validation (48 phrases; every choice made here),432,synthetic text on clean / distorted pages and real COCO photos,laptop (DESKTOP-EA33S9L),,,,,savior_glass/results/ocr_bench/val_t2_glass.json,f24c93b889015b93d26a92b672864fc450270ca3,,,,,,,,,,,,,,,,,,,,,,,,,,,,,,,,0.034476029258504744,0.02439738479566911,0.019997617102396517,0.044554673721340386,,0.06434562713974479,0.013509717831920662,0.019084843533372944,,,,,,,,0.8819444444444444,,,,,,,,,,,,,,,,,,,,,,,,,,,,,,,,,,,,,,,,,,,,,,,,,,,,,,,,,,,,,,0.0798611111111111,,,,,,,,,,,232.84109999076463,,,,,,,,,,,,,
EXP_0117,OCR t2_glass_unsharp on val,verified,2026-10-02T14:37:12+06:00,ocr,ocr,EasyOCR (CRAFT + CRNN) unless the variant names another engine,,OCR_BENCHMARK,t2_glass_unsharp,,OCR benchmark (HarfBuzz-shaped Bangla + English),validation (48 phrases; every choice made here),432,synthetic text on clean / distorted pages and real COCO photos,laptop (DESKTOP-EA33S9L),,,,,savior_glass/results/ocr_bench/val_t2_glass_unsharp.json,f24c93b889015b93d26a92b672864fc450270ca3,,,,,,,,,,,,,,,,,,,,,,,,,,,,,,,,0.0398385165654365,0.027537666581784227,0.026656113834422658,0.05213936654908878,,0.07784393155410313,0.0014293668202126682,0.01501550430778372,,,,,,,,0.8634259259259259,,,,,,,,,,,,,,,,,,,,,,,,,,,,,,,,,,,,,,,,,,,,,,,,,,,,,,,,,,,,,,0.08815586419753085,,,,,,,,,,,244.27354999352247,,,,,,,,,,,,,
EXP_0118,OCR t2_gray on val,verified,2026-10-02T14:23:27+06:00,ocr,ocr,EasyOCR (CRAFT + CRNN) unless the variant names another engine,,OCR_BENCHMARK,t2_gray,,OCR benchmark (HarfBuzz-shaped Bangla + English),validation (48 phrases; every choice made here),432,synthetic text on clean / distorted pages and real COCO photos,laptop (DESKTOP-EA33S9L),,,,,savior_glass/results/ocr_bench/val_t2_gray.json,f24c93b889015b93d26a92b672864fc450270ca3,,,,,,,,,,,,,,,,,,,,,,,,,,,,,,,,0.047933546875540335,0.03501134713144517,0.032157203159041386,0.06085574661963551,,0.10058606312895528,0.004486594306598598,0.011057374338624339,,,,,,,,0.8796296296296297,,,,,,,,,,,,,,,,,,,,,,,,,,,,,,,,,,,,,,,,,,,,,,,,,,,,,,,,,,,,,,0.08912037037037036,,,,,,,,,,,229.75189999851864,,,,,,,,,,,,,
EXP_0119,OCR t2_niblack on val,verified,2026-10-02T14:42:36+06:00,ocr,ocr,EasyOCR (CRAFT + CRNN) unless the variant names another engine,,OCR_BENCHMARK,t2_niblack,,OCR benchmark (HarfBuzz-shaped Bangla + English),validation (48 phrases; every choice made here),432,synthetic text on clean / distorted pages and real COCO photos,laptop (DESKTOP-EA33S9L),,,,,savior_glass/results/ocr_bench/val_t2_niblack.json,f24c93b889015b93d26a92b672864fc450270ca3,,,,,,,,,,,,,,,,,,,,,,,,,,,,,,,,0.12474384891930715,0.12206515895774207,0.05848452280743947,0.1274225388808722,,0.25121855473451277,0.007076965683323433,0.06452846921596922,,,,,,,,0.6365740740740741,,,,,,,,,,,,,,,,,,,,,,,,,,,,,,,,,,,,,,,,,,,,,,,,,,,,,,,,,,,,,,0.31539351851851855,,,,,,,,,,,243.97330000647344,,,,,,,,,,,,,
EXP_0120,OCR t2_no_upscale on val,verified,2026-10-02T14:27:13+06:00,ocr,ocr,EasyOCR (CRAFT + CRNN) unless the variant names another engine,,OCR_BENCHMARK,t2_no_upscale,,OCR benchmark (HarfBuzz-shaped Bangla + English),validation (48 phrases; every choice made here),432,synthetic text on clean / distorted pages and real COCO photos,laptop (DESKTOP-EA33S9L),,,,,savior_glass/results/ocr_bench/val_t2_no_upscale.json,f24c93b889015b93d26a92b672864fc450270ca3,,,,,,,,,,,,,,,,,,,,,,,,,,,,,,,,0.04018361132331721,0.039557588607833705,0.03985546554480378,0.04080963403880071,,0.07222700422761696,0.007832472306392994,0.008468364197530866,,,,,,,,0.8912037037037037,,,,,,,,,,,,,,,,,,,,,,,,,,,,,,,,,,,,,,,,,,,,,,,,,,,,,,,,,,,,,,0.07137345679012344,,,,,,,,,,,135.62044998980127,,,,,,,,,,,,,
EXP_0121,OCR t2_perspective on val,verified,2026-10-02T14:47:35+06:00,ocr,ocr,EasyOCR (CRAFT + CRNN) unless the variant names another engine,,OCR_BENCHMARK,t2_perspective,,OCR benchmark (HarfBuzz-shaped Bangla + English),validation (48 phrases; every choice made here),432,synthetic text on clean / distorted pages and real COCO photos,laptop (DESKTOP-EA33S9L),,,,,savior_glass/results/ocr_bench/val_t2_perspective.json,f24c93b889015b93d26a92b672864fc450270ca3,,,,,,,,,,,,,,,,,,,,,,,,,,,,,,,,0.0833005617370405,0.09472244916485113,0.049208294428882665,0.07187867430922987,,0.1896360164436145,0.008347842002778352,0.011057374338624339,,,,,,,,0.8379629629629629,,,,,,,,,,,,,,,,,,,,,,,,,,,,,,,,,,,,,,,,,,,,,,,,,,,,,,,,,,,,,,0.12962962962962962,,,,,,,,,,,223.09159999713302,,,,,,,,,,,,,
EXP_0122,OCR t2_sauvola on val,verified,2026-10-02T14:39:55+06:00,ocr,ocr,EasyOCR (CRAFT + CRNN) unless the variant names another engine,,OCR_BENCHMARK,t2_sauvola,,OCR benchmark (HarfBuzz-shaped Bangla + English),validation (48 phrases; every choice made here),432,synthetic text on clean / distorted pages and real COCO photos,laptop (DESKTOP-EA33S9L),,,,,savior_glass/results/ocr_bench/val_t2_sauvola.json,f24c93b889015b93d26a92b672864fc450270ca3,,,,,,,,,,,,,,,,,,,,,,,,,,,,,,,,0.0515976996005058,0.05238613259313388,0.03642234671646437,0.05080926660787771,,0.07515681274339629,0.0076671267463885445,0.04321393934165673,,,,,,,,0.8148148148148148,,,,,,,,,,,,,,,,,,,,,,,,,,,,,,,,,,,,,,,,,,,,,,,,,,,,,,,,,,,,,,0.12287808641975308,,,,,,,,,,,252.9822999931639,,,,,,,,,,,,,
EXP_0123,OCR t2_unsharp on val,verified,2026-10-02T14:34:43+06:00,ocr,ocr,EasyOCR (CRAFT + CRNN) unless the variant names another engine,,OCR_BENCHMARK,t2_unsharp,,OCR benchmark (HarfBuzz-shaped Bangla + English),validation (48 phrases; every choice made here),432,synthetic text on clean / distorted pages and real COCO photos,laptop (DESKTOP-EA33S9L),,,,,savior_glass/results/ocr_bench/val_t2_unsharp.json,f24c93b889015b93d26a92b672864fc450270ca3,,,,,,,,,,,,,,,,,,,,,,,,,,,,,,,,0.05859886987781986,0.0448505910196021,0.05324669430061587,0.07234714873603762,,0.08933733316192821,0.005654828554697346,0.03321258217091551,,,,,,,,0.8240740740740741,,,,,,,,,,,,,,,,,,,,,,,,,,,,,,,,,,,,,,,,,,,,,,,,,,,,,,,,,,,,,,0.13387345679012344,,,,,,,,,,,241.17735000618268,,,,,,,,,,,,,
EXP_0124,OCR t3_paddle_en on val,verified,2026-10-02T14:37:52+06:00,ocr,ocr,EasyOCR (CRAFT + CRNN) unless the variant names another engine,,OCR_BENCHMARK,t3_paddle_en,,OCR benchmark (HarfBuzz-shaped Bangla + English),validation (48 phrases; every choice made here),216,synthetic text on clean / distorted pages and real COCO photos,laptop (DESKTOP-EA33S9L),,,,,savior_glass/results/ocr_bench/val_t3_paddle_en.json,f24c93b889015b93d26a92b672864fc450270ca3,,,,,,,,,,,,,,,,,,,,,,,,,,,,,,,,0.4344365446796002,,0.0,0.4344365446796002,,1.3033096340388006,0.42076760017431875,0.0,,,,,,,,0.9120370370370371,,,,,,,,,,,,,,,,,,,,,,,,,,,,,,,,,,,,,,,,,,,,,,,,,,,,,,,,,,,,,,0.459104938271605,,,,,,,,,,,1435.1919000037014,,,,,,,,,,,,,
EXP_0125,OCR t3_tesseract_block_psm6 on val,verified,2026-10-02T14:09:18+06:00,ocr,ocr,EasyOCR (CRAFT + CRNN) unless the variant names another engine,,OCR_BENCHMARK,t3_tesseract_block_psm6,,OCR benchmark (HarfBuzz-shaped Bangla + English),validation (48 phrases; every choice made here),432,synthetic text on clean / distorted pages and real COCO photos,laptop (DESKTOP-EA33S9L),,,,,savior_glass/results/ocr_bench/val_t3_tesseract_block_psm6.json,f24c93b889015b93d26a92b672864fc450270ca3,,,,,,,,,,,,,,,,,,,,,,,,,,,,,,,,0.26332819536588364,0.30375283466848896,0.10121906058207208,0.2229035560632783,,0.570066418136937,0.07651517011279742,0.1186991073786417,,,,,,,,0.5833333333333334,,,,,,,,,,,,,,,,,,,,,,,,,,,,,,,,,,,,,,,,,,,,,,,,,,,,,,,,,,,,,,0.49421296296296297,,,,,,,,,,,348.6986999923829,,,,,,,,,,,,,
EXP_0126,OCR t3_tesseract_block_psm7 on val,verified,2026-10-02T14:13:11+06:00,ocr,ocr,EasyOCR (CRAFT + CRNN) unless the variant names another engine,,OCR_BENCHMARK,t3_tesseract_block_psm7,,OCR benchmark (HarfBuzz-shaped Bangla + English),validation (48 phrases; every choice made here),432,synthetic text on clean / distorted pages and real COCO photos,laptop (DESKTOP-EA33S9L),,,,,savior_glass/results/ocr_bench/val_t3_tesseract_block_psm7.json,f24c93b889015b93d26a92b672864fc450270ca3,,,,,,,,,,,,,,,,,,,,,,,,,,,,,,,,0.23398843533167912,0.25899067938550036,0.09553724240025391,0.20898619127785792,,0.48772895621614193,0.0391687709882582,0.1186991073786417,,,,,,,,0.5902777777777778,,,,,,,,,,,,,,,,,,,,,,,,,,,,,,,,,,,,,,,,,,,,,,,,,,,,,,,,,,,,,,0.3977623456790123,,,,,,,,,,,310.7031499966979,,,,,,,,,,,,,
EXP_0127,OCR t3_tesseract_frame_psm11 on val,verified,2026-10-02T14:05:35+06:00,ocr,ocr,EasyOCR (CRAFT + CRNN) unless the variant names another engine,,OCR_BENCHMARK,t3_tesseract_frame_psm11,,OCR benchmark (HarfBuzz-shaped Bangla + English),validation (48 phrases; every choice made here),432,synthetic text on clean / distorted pages and real COCO photos,laptop (DESKTOP-EA33S9L),,,,,savior_glass/results/ocr_bench/val_t3_tesseract_frame_psm11.json,f24c93b889015b93d26a92b672864fc450270ca3,,,,,,,,,,,,,,,,,,,,,,,,,,,,,,,,1.0550001669713411,1.0863483878949032,0.0935947204968944,1.0236519460477795,,2.945072006166688,0.11661269002654762,0.12633377425044093,,,,,,,,0.5555555555555556,,,,,,,,,,,,,,,,,,,,,,,,,,,,,,,,,,,,,,,,,,,,,,,,,,,,,,,,,,,,,,1.9643132716049383,,,,,,,,,,,61.127199995098636,,,,,,,,,,,,,
EXP_0128,OCR t3_tesseract_frame_psm3 on val,verified,2026-10-02T14:03:27+06:00,ocr,ocr,EasyOCR (CRAFT + CRNN) unless the variant names another engine,,OCR_BENCHMARK,t3_tesseract_frame_psm3,,OCR benchmark (HarfBuzz-shaped Bangla + English),validation (48 phrases; every choice made here),432,synthetic text on clean / distorted pages and real COCO photos,laptop (DESKTOP-EA33S9L),,,,,savior_glass/results/ocr_bench/val_t3_tesseract_frame_psm3.json,f24c93b889015b93d26a92b672864fc450270ca3,,,,,,,,,,,,,,,,,,,,,,,,,,,,,,,,0.41829302722467504,0.48922220430772223,0.11385498685091076,0.3473638501416279,,0.9376272358782481,0.009847318912075924,0.20339685894486617,,,,,,,,0.5277777777777778,,,,,,,,,,,,,,,,,,,,,,,,,,,,,,,,,,,,,,,,,,,,,,,,,,,,,,,,,,,,,,0.4976851851851852,,,,,,,,,,,33.27664999233093,,,,,,,,,,,,,
EXP_0129,OCR t3_tesseract_frame_psm6 on val,verified,2026-10-02T14:04:27+06:00,ocr,ocr,EasyOCR (CRAFT + CRNN) unless the variant names another engine,,OCR_BENCHMARK,t3_tesseract_frame_psm6,,OCR benchmark (HarfBuzz-shaped Bangla + English),validation (48 phrases; every choice made here),432,synthetic text on clean / distorted pages and real COCO photos,laptop (DESKTOP-EA33S9L),,,,,savior_glass/results/ocr_bench/val_t3_tesseract_frame_psm6.json,f24c93b889015b93d26a92b672864fc450270ca3,,,,,,,,,,,,,,,,,,,,,,,,,,,,,,,,0.8487935300565842,0.8184366773169524,0.0805795238879478,0.8791503827962162,,2.359130397813129,0.06853754014890148,0.10667066846867572,,,,,,,,0.5625,,,,,,,,,,,,,,,,,,,,,,,,,,,,,,,,,,,,,,,,,,,,,,,,,,,,,,,,,,,,,,1.5007716049382713,,,,,,,,,,,60.16365000687074,,,,,,,,,,,,,
EXP_0130,OCR t3_trocr_block_oracle_lang on val,verified,2026-10-02T14:18:11+06:00,ocr,ocr,EasyOCR (CRAFT + CRNN) unless the variant names another engine,,OCR_BENCHMARK,t3_trocr_block_oracle_lang,,OCR benchmark (HarfBuzz-shaped Bangla + English),validation (48 phrases; every choice made here),432,synthetic text on clean / distorted pages and real COCO photos,laptop (DESKTOP-EA33S9L),,,,,savior_glass/results/ocr_bench/val_t3_trocr_block_oracle_lang.json,f24c93b889015b93d26a92b672864fc450270ca3,,,,,,,,,,,,,,,,,,,,,,,,,,,,,,,,0.7804728861607592,0.7960610621243082,0.7485855616126557,0.7648847101972102,,0.8144114542775828,0.02246560756261358,0.778421642592039,,,,,,,,0.03009259259259259,,,,,,,,,,,,,,,,,,,,,,,,,,,,,,,,,,,,,,,,,,,,,,,,,,,,,,,,,,,,,,0.9552469135802469,,,,,,,,,,,456.879849996767,,,,,,,,,,,,,
EXP_0131,OCR t4_cfg00 on val,verified,2026-10-02T16:06:44+06:00,ocr,ocr,EasyOCR (CRAFT + CRNN) unless the variant names another engine,,OCR_BENCHMARK,t4_cfg00,,OCR benchmark (HarfBuzz-shaped Bangla + English),validation (48 phrases; every choice made here),432,synthetic text on clean / distorted pages and real COCO photos,laptop (DESKTOP-EA33S9L),,,,,savior_glass/results/ocr_bench/val_t4_cfg00.json,f24c93b889015b93d26a92b672864fc450270ca3,,,,,,,,,,,,,,,,,,,,,,,,,,,,,,,,0.033665796403834554,0.031868078698321665,0.028654667885672787,0.03546351410934744,,0.06386997300933256,0.008921704996203855,0.008472748316498318,,,,,,,,0.8865740740740741,,,,,,,,,,,,,,,,,,,,,,,,,,,,,,,,,,,,,,,,,,,,,,,,,,,,,,,,,,,,,,0.07600308641975308,,,,,,,,,,,223.39900000952184,,,,,,,,,,,,,
EXP_0132,OCR t4_cfg06 on val,verified,2026-10-02T16:04:21+06:00,ocr,ocr,EasyOCR (CRAFT + CRNN) unless the variant names another engine,,OCR_BENCHMARK,t4_cfg06,,OCR benchmark (HarfBuzz-shaped Bangla + English),validation (48 phrases; every choice made here),432,synthetic text on clean / distorted pages and real COCO photos,laptop (DESKTOP-EA33S9L),,,,,savior_glass/results/ocr_bench/val_t4_cfg06.json,f24c93b889015b93d26a92b672864fc450270ca3,,,,,,,,,,,,,,,,,,,,,,,,,,,,,,,,0.03996885869155157,0.03499248129203372,0.02944508401003499,0.04494523609106942,,0.08319876058313824,0.009011364766808052,0.007262731481481482,,,,,,,,0.8888888888888888,,,,,,,,,,,,,,,,,,,,,,,,,,,,,,,,,,,,,,,,,,,,,,,,,,,,,,,,,,,,,,0.08371913580246913,,,,,,,,,,,234.17384999629576,,,,,,,,,,,,,
EXP_0133,OCR t4_cfg12 on val,verified,2026-10-02T16:01:47+06:00,ocr,ocr,EasyOCR (CRAFT + CRNN) unless the variant names another engine,,OCR_BENCHMARK,t4_cfg12,,OCR benchmark (HarfBuzz-shaped Bangla + English),validation (48 phrases; every choice made here),432,synthetic text on clean / distorted pages and real COCO photos,laptop (DESKTOP-EA33S9L),,,,,savior_glass/results/ocr_bench/val_t4_cfg12.json,f24c93b889015b93d26a92b672864fc450270ca3,,,,,,,,,,,,,,,,,,,,,,,,,,,,,,,,0.02834528071158684,0.029355537907594598,0.025274762682850917,0.027335023515579076,,0.05559441278524292,0.001802556912526559,0.004166666666666667,,,,,,,,0.9143518518518519,,,,,,,,,,,,,,,,,,,,,,,,,,,,,,,,,,,,,,,,,,,,,,,,,,,,,,,,,,,,,,0.06057098765432098,,,,,,,,,,,220.8402499963995,,,,,,,,,,,,,
EXP_0134,OCR t4_cfg16 on val,verified,2026-10-02T15:59:30+06:00,ocr,ocr,EasyOCR (CRAFT + CRNN) unless the variant names another engine,,OCR_BENCHMARK,t4_cfg16,,OCR benchmark (HarfBuzz-shaped Bangla + English),validation (48 phrases; every choice made here),432,synthetic text on clean / distorted pages and real COCO photos,laptop (DESKTOP-EA33S9L),,,,,savior_glass/results/ocr_bench/val_t4_cfg16.json,f24c93b889015b93d26a92b672864fc450270ca3,,,,,,,,,,,,,,,,,,,,,,,,,,,,,,,,0.03765404387673676,0.030362851662404093,0.02944508401003499,0.04494523609106942,,0.0762543161386938,0.009039028025988131,0.007262731481481482,,,,,,,,0.8935185185185185,,,,,,,,,,,,,,,,,,,,,,,,,,,,,,,,,,,,,,,,,,,,,,,,,,,,,,,,,,,,,,0.0798611111111111,,,,,,,,,,,233.4625499934191,,,,,,,,,,,,,
EXP_0135,OCR t4_cfg27 on val,verified,2026-10-02T15:57:01+06:00,ocr,ocr,EasyOCR (CRAFT + CRNN) unless the variant names another engine,,OCR_BENCHMARK,t4_cfg27,,OCR benchmark (HarfBuzz-shaped Bangla + English),validation (48 phrases; every choice made here),432,synthetic text on clean / distorted pages and real COCO photos,laptop (DESKTOP-EA33S9L),,,,,savior_glass/results/ocr_bench/val_t4_cfg27.json,f24c93b889015b93d26a92b672864fc450270ca3,,,,,,,,,,,,,,,,,,,,,,,,,,,,,,,,0.02840525545906158,0.029301876291432986,0.02440670712729536,0.027508634626690183,,0.05601107945190959,0.002526670546838934,0.004797979797979798,,,,,,,,0.9143518518518519,,,,,,,,,,,,,,,,,,,,,,,,,,,,,,,,,,,,,,,,,,,,,,,,,,,,,,,,,,,,,,0.06057098765432098,,,,,,,,,,,219.7984000085853,,,,,,,,,,,,,
EXP_0136,OCR t5_byt5 on val,verified,2026-10-02T16:13:11+06:00,ocr,ocr,EasyOCR (CRAFT + CRNN) unless the variant names another engine,,OCR_BENCHMARK,t5_byt5,,OCR benchmark (HarfBuzz-shaped Bangla + English),validation (48 phrases; every choice made here),432,synthetic text on clean / distorted pages and real COCO photos,laptop (DESKTOP-EA33S9L),,,,,savior_glass/results/ocr_bench/val_t5_byt5.json,f24c93b889015b93d26a92b672864fc450270ca3,,,,,,,,,,,,,,,,,,,,,,,,,,,,,,,,1.0541258634669404,2.0708858392207707,1.042141127778516,0.03736588771310994,,1.0802508845636776,0.006838314949216245,1.0399855780586278,,,,,,,,0.4583333333333333,,,,,,,,,,,,,,,,,,,,,,,,,,,,,,,,,,,,,,,,,,,,,,,,,,,,,,,,,,,,,,1.0677083333333333,,,,,,,,,,,,,,,,,,,419.0314000006765,,,,,
EXP_0137,OCR t5_dictionary on val,verified,2026-10-02T16:07:05+06:00,ocr,ocr,EasyOCR (CRAFT + CRNN) unless the variant names another engine,,OCR_BENCHMARK,t5_dictionary,,OCR benchmark (HarfBuzz-shaped Bangla + English),validation (48 phrases; every choice made here),432,synthetic text on clean / distorted pages and real COCO photos,laptop (DESKTOP-EA33S9L),,,,,savior_glass/results/ocr_bench/val_t5_dictionary.json,f24c93b889015b93d26a92b672864fc450270ca3,,,,,,,,,,,,,,,,,,,,,,,,,,,,,,,,0.033472050253273614,0.040086737190850576,0.02863566954559602,0.02685736331569665,,0.060154323806817414,0.0010884405693223403,0.011626157407407406,,,,,,,,0.875,,,,,,,,,,,,,,,,,,,,,,,,,,,,,,,,,,,,,,,,,,,,,,,,,,,,,,,,,,,,,,0.08410493827160494,,,,,,,,,,,,,,,,,,,0.1328000071225688,,,,,
EXP_0138,OCR t5_lexicon on val,verified,2026-10-02T16:21:53+06:00,ocr,ocr,EasyOCR (CRAFT + CRNN) unless the variant names another engine,,OCR_BENCHMARK,t5_lexicon,,OCR benchmark (HarfBuzz-shaped Bangla + English),validation (48 phrases; every choice made here),432,synthetic text on clean / distorted pages and real COCO photos,laptop (DESKTOP-EA33S9L),,,,,savior_glass/results/ocr_bench/val_t5_lexicon.json,f24c93b889015b93d26a92b672864fc450270ca3,,,,,,,,,,,,,,,,,,,,,,,,,,,,,,,,0.04591122965008479,0.034505072468893866,0.04056155921964746,0.05731738683127571,,0.07417836151625047,0.00149750183020026,0.022993768214356447,,,,,,,,0.7962962962962963,,,,,,,,,,,,,,,,,,,,,,,,,,,,,,,,,,,,,,,,,,,,,,,,,,,,,,,,,,,,,,0.126929012345679,,,,,,,,,,,,,,,,,,,2.735200003371574,,,,,
EXP_0139,OCR t5_none on val,verified,2026-10-02T16:07:03+06:00,ocr,ocr,EasyOCR (CRAFT + CRNN) unless the variant names another engine,,OCR_BENCHMARK,t5_none,,OCR benchmark (HarfBuzz-shaped Bangla + English),validation (48 phrases; every choice made here),432,synthetic text on clean / distorted pages and real COCO photos,laptop (DESKTOP-EA33S9L),,,,,savior_glass/results/ocr_bench/val_t5_none.json,f24c93b889015b93d26a92b672864fc450270ca3,,,,,,,,,,,,,,,,,,,,,,,,,,,,,,,,0.02834528071158684,0.029355537907594598,0.025274762682850917,0.027335023515579076,,0.05559441278524292,0.001802556912526559,0.004166666666666667,,,,,,,,0.9143518518518519,,,,,,,,,,,,,,,,,,,,,,,,,,,,,,,,,,,,,,,,,,,,,,,,,,,,,,,,,,,,,,0.06057098765432098,,,,,,,,,,,,,,,,,,,0.000100000761449337,,,,,
EXP_0140,OCR t5_rules on val,verified,2026-10-02T16:07:03+06:00,ocr,ocr,EasyOCR (CRAFT + CRNN) unless the variant names another engine,,OCR_BENCHMARK,t5_rules,,OCR benchmark (HarfBuzz-shaped Bangla + English),validation (48 phrases; every choice made here),432,synthetic text on clean / distorted pages and real COCO photos,laptop (DESKTOP-EA33S9L),,,,,savior_glass/results/ocr_bench/val_t5_rules.json,f24c93b889015b93d26a92b672864fc450270ca3,,,,,,,,,,,,,,,,,,,,,,,,,,,,,,,,0.022922000288306408,0.019170352722409415,0.022959947868036106,0.02667364785420341,,0.041639386330216466,0.0029450090421260506,0.004166666666666667,,,,,,,,0.9236111111111112,,,,,,,,,,,,,,,,,,,,,,,,,,,,,,,,,,,,,,,,,,,,,,,,,,,,,,,,,,,,,,0.05054012345679012,,,,,,,,,,,,,,,,,,,0.003649998689070344,,,,,
EXP_0141,OCR t5_rules_byt5 on val,verified,2026-10-02T16:21:52+06:00,ocr,ocr,EasyOCR (CRAFT + CRNN) unless the variant names another engine,,OCR_BENCHMARK,t5_rules_byt5,,OCR benchmark (HarfBuzz-shaped Bangla + English),validation (48 phrases; every choice made here),432,synthetic text on clean / distorted pages and real COCO photos,laptop (DESKTOP-EA33S9L),,,,,savior_glass/results/ocr_bench/val_t5_rules_byt5.json,f24c93b889015b93d26a92b672864fc450270ca3,,,,,,,,,,,,,,,,,,,,,,,,,,,,,,,,1.0492812867473638,2.0618580614429933,1.0375114981488862,0.03670451205173428,,1.070346784034577,0.0049705431781501145,1.0399855780586278,,,,,,,,0.46064814814814814,,,,,,,,,,,,,,,,,,,,,,,,,,,,,,,,,,,,,,,,,,,,,,,,,,,,,,,,,,,,,,1.0653935185185186,,,,,,,,,,,,,,,,,,,425.44209997868165,,,,,
EXP_0142,OCR t5_rules_dictionary on val,verified,2026-10-02T16:07:05+06:00,ocr,ocr,EasyOCR (CRAFT + CRNN) unless the variant names another engine,,OCR_BENCHMARK,t5_rules_dictionary,,OCR benchmark (HarfBuzz-shaped Bangla + English),validation (48 phrases; every choice made here),432,synthetic text on clean / distorted pages and real COCO photos,laptop (DESKTOP-EA33S9L),,,,,savior_glass/results/ocr_bench/val_t5_rules_dictionary.json,f24c93b889015b93d26a92b672864fc450270ca3,,,,,,,,,,,,,,,,,,,,,,,,,,,,,,,,0.02751829143493146,0.028840595215541935,0.027333586212262687,0.026195987654320987,,0.04489721401845762,0.004246496349028596,0.010324074074074074,,,,,,,,0.9004629629629629,,,,,,,,,,,,,,,,,,,,,,,,,,,,,,,,,,,,,,,,,,,,,,,,,,,,,,,,,,,,,,0.06597222222222222,,,,,,,,,,,,,,,,,,,0.13529999705497175,,,,,
EXP_0143,OCR t6_most_confident on val,verified,2026-10-02T16:50:40+06:00,ocr,ocr,EasyOCR (CRAFT + CRNN) unless the variant names another engine,,OCR_BENCHMARK,t6_most_confident,,OCR benchmark (HarfBuzz-shaped Bangla + English),validation (48 phrases; every choice made here),432,synthetic text on clean / distorted pages and real COCO photos,laptop (DESKTOP-EA33S9L),,,,,savior_glass/results/ocr_bench/val_t6_most_confident.json,f24c93b889015b93d26a92b672864fc450270ca3,,,,,,,,,,,,,,,,,,,,,,,,,,,,,,,,0.02970479919630957,0.021345591925834895,0.021368512682850917,0.03806400646678424,,0.062269995055187946,0.008485253757653136,0.005475889850889851,,,,,,,,0.9097222222222222,,,,,,,,,,,,,,,,,,,,,,,,,,,,,,,,,,,,,,,,,,,,,,,,,,,,,,,,,,,,,,0.06462191358024691,,,,,,,,,,,,,,,,,,,,,,,,
EXP_0144,OCR t6_scale1.0 on val,verified,2026-10-02T16:50:37+06:00,ocr,ocr,EasyOCR (CRAFT + CRNN) unless the variant names another engine,,OCR_BENCHMARK,t6_scale1.0,,OCR benchmark (HarfBuzz-shaped Bangla + English),validation (48 phrases; every choice made here),432,synthetic text on clean / distorted pages and real COCO photos,laptop (DESKTOP-EA33S9L),,,,,savior_glass/results/ocr_bench/val_t6_scale1.0.json,f24c93b889015b93d26a92b672864fc450270ca3,,,,,,,,,,,,,,,,,,,,,,,,,,,,,,,,0.02834528071158684,0.029355537907594598,0.025274762682850917,0.027335023515579076,,0.05559441278524292,0.001802556912526559,0.004166666666666667,,,,,,,,0.9143518518518519,,,,,,,,,,,,,,,,,,,,,,,,,,,,,,,,,,,,,,,,,,,,,,,,,,,,,,,,,,,,,,0.06057098765432098,,,,,,,,,,,,,,,,,,,,,,,,
EXP_0145,OCR t6_scale1.5 on val,verified,2026-10-02T16:50:38+06:00,ocr,ocr,EasyOCR (CRAFT + CRNN) unless the variant names another engine,,OCR_BENCHMARK,t6_scale1.5,,OCR benchmark (HarfBuzz-shaped Bangla + English),validation (48 phrases; every choice made here),432,synthetic text on clean / distorted pages and real COCO photos,laptop (DESKTOP-EA33S9L),,,,,savior_glass/results/ocr_bench/val_t6_scale1.5.json,f24c93b889015b93d26a92b672864fc450270ca3,,,,,,,,,,,,,,,,,,,,,,,,,,,,,,,,0.03612457976956947,0.027885549897751515,0.021595860566448803,0.04436360964138742,,0.08005777592840678,0.0054370451201544365,0.006720102813852814,,,,,,,,0.9050925925925926,,,,,,,,,,,,,,,,,,,,,,,,,,,,,,,,,,,,,,,,,,,,,,,,,,,,,,,,,,,,,,0.0765817901234568,,,,,,,,,,,,,,,,,,,,,,,,
EXP_0146,OCR t6_scale2.0 on val,verified,2026-10-02T16:50:39+06:00,ocr,ocr,EasyOCR (CRAFT + CRNN) unless the variant names another engine,,OCR_BENCHMARK,t6_scale2.0,,OCR benchmark (HarfBuzz-shaped Bangla + English),validation (48 phrases; every choice made here),432,synthetic text on clean / distorted pages and real COCO photos,laptop (DESKTOP-EA33S9L),,,,,savior_glass/results/ocr_bench/val_t6_scale2.0.json,f24c93b889015b93d26a92b672864fc450270ca3,,,,,,,,,,,,,,,,,,,,,,,,,,,,,,,,0.03499291565672285,0.025659716327608485,0.01539166171519113,0.04432611498583721,,0.08251976021890238,0.004750200234372505,0.0070673250360750355,,,,,,,,0.9050925925925926,,,,,,,,,,,,,,,,,,,,,,,,,,,,,,,,,,,,,,,,,,,,,,,,,,,,,,,,,,,,,,0.07503858024691358,,,,,,,,,,,,,,,,,,,,,,,,
EXP_0147,OCR t6_vote_medoid on val,verified,2026-10-02T16:50:41+06:00,ocr,ocr,EasyOCR (CRAFT + CRNN) unless the variant names another engine,,OCR_BENCHMARK,t6_vote_medoid,,OCR benchmark (HarfBuzz-shaped Bangla + English),validation (48 phrases; every choice made here),432,synthetic text on clean / distorted pages and real COCO photos,laptop (DESKTOP-EA33S9L),,,,,savior_glass/results/ocr_bench/val_t6_vote_medoid.json,f24c93b889015b93d26a92b672864fc450270ca3,,,,,,,,,,,,,,,,,,,,,,,,,,,,,,,,0.02859375587325644,0.025500268948158974,0.019281045751633988,0.031687242798353915,,0.06200286737078084,0.003894948457456702,0.004497354497354496,,,,,,,,0.9189814814814815,,,,,,,,,,,,,,,,,,,,,,,,,,,,,,,,,,,,,,,,,,,,,,,,,,,,,,,,,,,,,,0.06153549382716048,,,,,,,,,,,,,,,,,,,,,,,,
EXP_0148,OCR t7_ft_seed42 on val,verified,2026-10-02T18:37:53+06:00,ocr,ocr,EasyOCR (CRAFT + CRNN) unless the variant names another engine,,OCR_BENCHMARK,t7_ft_seed42,,OCR benchmark (HarfBuzz-shaped Bangla + English),validation (48 phrases; every choice made here),432,synthetic text on clean / distorted pages and real COCO photos,laptop (DESKTOP-EA33S9L),42,,,,savior_glass/results/ocr_bench/val_t7_ft_seed42.json,f24c93b889015b93d26a92b672864fc450270ca3,,,,,,,,,,,,,,,,,,,,,,,,,,,,,,,,0.025144575717492384,0.014774029982363315,0.010150738536155203,0.03551512145262145,,0.054726906966490296,0.008996769010496336,0.010556081649831649,,,,,,,,0.9212962962962963,,,,,,,,,,,,,,,,,,,,,,,,,,,,,,,,,,,,,,,,,,,,,,,,,,,,,,,,,,,,,,0.05092592592592592,,,,,,,,,,,236.3692000071751,,,,,,,,,,,,,
EXP_0149,OCR t7_ft_seed43 on val,verified,2026-10-02T18:40:20+06:00,ocr,ocr,EasyOCR (CRAFT + CRNN) unless the variant names another engine,,OCR_BENCHMARK,t7_ft_seed43,,OCR benchmark (HarfBuzz-shaped Bangla + English),validation (48 phrases; every choice made here),432,synthetic text on clean / distorted pages and real COCO photos,laptop (DESKTOP-EA33S9L),43,,,,savior_glass/results/ocr_bench/val_t7_ft_seed43.json,f24c93b889015b93d26a92b672864fc450270ca3,,,,,,,,,,,,,,,,,,,,,,,,,,,,,,,,0.027239032186948856,0.010537918871252204,0.019400352733686066,0.0439401455026455,,0.05026041666666667,0.0027318683324928745,0.012056327160493827,,,,,,,,0.9328703703703703,,,,,,,,,,,,,,,,,,,,,,,,,,,,,,,,,,,,,,,,,,,,,,,,,,,,,,,,,,,,,,0.045524691358024685,,,,,,,,,,,236.03845000616275,,,,,,,,,,,,,
EXP_0150,OCR t7_ft_seed44 on val,verified,2026-10-02T18:42:47+06:00,ocr,ocr,EasyOCR (CRAFT + CRNN) unless the variant names another engine,,OCR_BENCHMARK,t7_ft_seed44,,OCR benchmark (HarfBuzz-shaped Bangla + English),validation (48 phrases; every choice made here),432,synthetic text on clean / distorted pages and real COCO photos,laptop (DESKTOP-EA33S9L),44,,,,savior_glass/results/ocr_bench/val_t7_ft_seed44.json,f24c93b889015b93d26a92b672864fc450270ca3,,,,,,,,,,,,,,,,,,,,,,,,,,,,,,,,0.025770043356848914,0.01072310405643739,0.013275738536155204,0.04081698265726044,,0.053796847442680776,0.00803680023311984,0.010237544091710758,,,,,,,,0.9375,,,,,,,,,,,,,,,,,,,,,,,,,,,,,,,,,,,,,,,,,,,,,,,,,,,,,,,,,,,,,,0.03819444444444445,,,,,,,,,,,235.5461999977706,,,,,,,,,,,,,
EXP_0151,"OCR recognizer fine-tuning, seed 42 (validation line crops)",verified,2026-10-02T17:37:23+06:00,ocr,ocr,,OCR_FINETUNE,OCR_BENCHMARK,recognizer fine-tuning (crops),"EasyOCR bengali recognizer (CRNN, CTC)",OCR benchmark val phrases as line crops,validation,,synthetic,laptop (DESKTOP-EA33S9L),42,,,not_kept,savior_glass/results/ocr_bench/t7_seed42.json,f24c93b889015b93d26a92b672864fc450270ca3,,,,,,,,,,,,,,,,,,,,,,,,,,,,,,,,,,,,,,,,,,,,,,,,,,,,,,,,,,,,,,,,,,,,,,,,,,,,,,,,,,,,,,,,,,,,,,,,,,,,,,,,,,,0.001242283950617284,0.005462709494572239,,,,,,,,,,,,,,,,,,,,,,,,,
EXP_0152,"OCR recognizer fine-tuning, seed 43 (validation line crops)",verified,2026-10-02T18:05:36+06:00,ocr,ocr,,OCR_FINETUNE,OCR_BENCHMARK,recognizer fine-tuning (crops),"EasyOCR bengali recognizer (CRNN, CTC)",OCR benchmark val phrases as line crops,validation,,synthetic,laptop (DESKTOP-EA33S9L),43,,,not_kept,savior_glass/results/ocr_bench/t7_seed43.json,f24c93b889015b93d26a92b672864fc450270ca3,,,,,,,,,,,,,,,,,,,,,,,,,,,,,,,,,,,,,,,,,,,,,,,,,,,,,,,,,,,,,,,,,,,,,,,,,,,,,,,,,,,,,,,,,,,,,,,,,,,,,,,,,,,0.0032407407407407406,0.005462709494572239,,,,,,,,,,,,,,,,,,,,,,,,,
EXP_0153,"OCR recognizer fine-tuning, seed 44 (validation line crops)",verified,2026-10-02T18:34:53+06:00,ocr,ocr,,OCR_FINETUNE,OCR_BENCHMARK,recognizer fine-tuning (crops),"EasyOCR bengali recognizer (CRNN, CTC)",OCR benchmark val phrases as line crops,validation,,synthetic,laptop (DESKTOP-EA33S9L),44,,,not_kept,savior_glass/results/ocr_bench/t7_seed44.json,f24c93b889015b93d26a92b672864fc450270ca3,,,,,,,,,,,,,,,,,,,,,,,,,,,,,,,,,,,,,,,,,,,,,,,,,,,,,,,,,,,,,,,,,,,,,,,,,,,,,,,,,,,,,,,,,,,,,,,,,,,,,,,,,,,0.002039241622574956,0.005462709494572239,,,,,,,,,,,,,,,,,,,,,,,,,
EXP_0154,"OCR CPU latency, legacy app pipeline (quantised recognizer)",verified,2026-10-02T19:26:50+06:00,system_performance,ocr,,,OCR_BENCHMARK,legacy app pipeline,,OCR benchmark test subset,,60,,laptop CPU,,,,,savior_glass/results/ocr_bench/cpu_latency.json,f24c93b889015b93d26a92b672864fc450270ca3,,,,,,,,,,,,,,,,,,,,,,,,,,,,,,,,,,,,0.1323976023976024,,,,,,,,,,,,,,,,,,,,,,,,,,,,,,,,,,,,,,,,,,,,,,,,,,,,,,,,,,,,,,,,,,,,,,,,,,,,,,,,,,,1922.8320000111125,,5194.458805047907,,,,,,,,,,,,
EXP_0155,"OCR CPU latency, pipeline v2 (quantised recognizer)",verified,2026-10-02T19:26:50+06:00,system_performance,ocr,,,OCR_BENCHMARK,pipeline v2,,OCR benchmark test subset,,60,,laptop CPU,,,,,savior_glass/results/ocr_bench/cpu_latency.json,f24c93b889015b93d26a92b672864fc450270ca3,,,,,,,,,,,,,,,,,,,,,,,,,,,,,,,,,,,,0.017757936507936507,,,,,,,,,,,,,,,,,,,,,,,,,,,,,,,,,,,,,,,,,,,,,,,,,,,,,,,,,,,,,,,,,,,,,,,,,,,,,,,,,,,1850.9820000035688,,5201.4159599726545,,,,,,,,,,,,
EXP_0156,"OCR canvas size 2560 (selection set, unshaped renders)",verified,2026-10-01T19:43:33+06:00,ocr,ocr,,,OCR_CANVAS_SIZE,canvas 2560,,24-phrase selection set (Pillow basic layout),,80,synthetic,laptop (DESKTOP-EA33S9L),,,,kept,savior_glass/results/ocr_select_canvas2560.json,167bf636c8b2b076b314c6ef26389226229e9f11,,,,,,,,,,,,,,,,,,,,,,,,,,,,,,,,,,,,,,,,,,,,,,,,,,,,,,,,,,,,,,,,,,,,,,,,,,,,,,,,,,,,,,,,0.13287202380952381,0.24491071428571426,0.020833333333333336,0.36666666666666664,,,,,,,,,,,,,,,,,,,,,,,,,,,,,,,,,,,,,,,120.3,,,
EXP_0157,"OCR canvas size 640 (selection set, unshaped renders)",verified,2026-10-01T19:44:19+06:00,ocr,ocr,,,OCR_CANVAS_SIZE,canvas 640,,24-phrase selection set (Pillow basic layout),,80,synthetic,laptop (DESKTOP-EA33S9L),,,,not_kept,savior_glass/results/ocr_select_canvas640.json,167bf636c8b2b076b314c6ef26389226229e9f11,,,,,,,,,,,,,,,,,,,,,,,,,,,,,,,,,,,,,,,,,,,,,,,,,,,,,,,,,,,,,,,,,,,,,,,,,,,,,,,,,,,,,,,,0.1384352106227106,0.2560370879120879,0.020833333333333336,0.35,,,,,,,,,,,,,,,,,,,,,,,,,,,,,,,,,,,,,,,46.7,,,
EXP_0158,"OCR canvas size 480 (selection set, unshaped renders)",verified,2026-10-01T19:44:56+06:00,ocr,ocr,,,OCR_CANVAS_SIZE,canvas 480,,24-phrase selection set (Pillow basic layout),,80,synthetic,laptop (DESKTOP-EA33S9L),,,,not_kept,savior_glass/results/ocr_select_canvas480.json,167bf636c8b2b076b314c6ef26389226229e9f11,,,,,,,,,,,,,,,,,,,,,,,,,,,,,,,,,,,,,,,,,,,,,,,,,,,,,,,,,,,,,,,,,,,,,,,,,,,,,,,,,,,,,,,,0.15365384615384614,0.3073076923076923,0.0,0.3125,,,,,,,,,,,,,,,,,,,,,,,,,,,,,,,,,,,,,,,36.6,,,
EXP_0159,"OCR canvas size 320 (selection set, unshaped renders)",verified,2026-10-01T19:45:22+06:00,ocr,ocr,,,OCR_CANVAS_SIZE,canvas 320,,24-phrase selection set (Pillow basic layout),,80,synthetic,laptop (DESKTOP-EA33S9L),,,,not_kept,savior_glass/results/ocr_select_canvas320.json,167bf636c8b2b076b314c6ef26389226229e9f11,,,,,,,,,,,,,,,,,,,,,,,,,,,,,,,,,,,,,,,,,,,,,,,,,,,,,,,,,,,,,,,,,,,,,,,,,,,,,,,,,,,,,,,,0.19148580586080585,0.3413049450549451,0.04166666666666667,0.3875,,,,,,,,,,,,,,,,,,,,,,,,,,,,,,,,,,,,,,,26.1,,,
EXP_0160,Pi 5 latency: currency_mode_full,verified,2026-10-01T10:36:08.618654+00:00,system_performance,currency_mode_full,,,PI5_LATENCY,currency_mode_full,,,,,,Raspberry Pi 5 Model B Rev 1.0,,,,,savior_glass/results/pi5_benchmark_memo_20261001T111325Z.json,edbfd7972c9f661896c1caefd5c6f51ce511382a,,,,,,,,,,,,,,,,,,,,,,,,,,,,,,,,,,,,,,,,,,,,,,,,,,,,,,,,,,,,,,,,,,,,,,,,,,,,,,,,,,,,,,,,,,,,,,,,,,,,,,,,,,,,,,,,,,68.3,,3.06,,334.78,326.62,,560.03,371.8,,1192.198144,,,,,,,,,
EXP_0161,Pi 5 latency: taka_yolo_pt,verified,2026-10-01T10:36:08.618654+00:00,system_performance,taka_yolo_pt,,,PI5_LATENCY,taka_yolo_pt,,,,,,Raspberry Pi 5 Model B Rev 1.0,,,,,savior_glass/results/pi5_benchmark_memo_20261001T111325Z.json,edbfd7972c9f661896c1caefd5c6f51ce511382a,,,,,,,,,,,,,,,,,,,,,,,,,,,,,,,,,,,,,,,,,,,,,,,,,,,,,,,,,,,,,,,,,,,,,,,,,,,,,,,,,,,,,,,,,,,,,,,,,,,,,,,,,,,,,,,,,,69.4,,1.97,,521.04,507.3,,602.55,411.1,,1245.708288,,,,,,,,,
EXP_0162,Pi 5 latency: taka_yolo_onnx_fp32,verified,2026-10-01T10:36:08.618654+00:00,system_performance,taka_yolo_onnx_fp32,,,PI5_LATENCY,taka_yolo_onnx_fp32,,,,,,Raspberry Pi 5 Model B Rev 1.0,,,,,savior_glass/results/pi5_benchmark_memo_20261001T111325Z.json,edbfd7972c9f661896c1caefd5c6f51ce511382a,,,,,,,,,,,,,,,,,,,,,,,,,,,,,,,,,,,,,,,,,,,,,,,,,,,,,,,,,,,,,,,,,,,,,,,,,,,,,,,,,,,,,,,,,,,,,,,,,,,,,,,,,,,,,,,,,,76.55,,2.06,,502.57,485.47,,575.48,0.6,,1332.084736,,,,,,,,,
EXP_0163,Pi 5 latency: taka_yolo_onnx_int8,verified,2026-10-01T10:36:08.618654+00:00,system_performance,taka_yolo_onnx_int8,,,PI5_LATENCY,taka_yolo_onnx_int8,,,,,,Raspberry Pi 5 Model B Rev 1.0,,,,,savior_glass/results/pi5_benchmark_memo_20261001T111325Z.json,edbfd7972c9f661896c1caefd5c6f51ce511382a,,,,,,,,,,,,,,,,,,,,,,,,,,,,,,,,,,,,,,,,,,,,,,,,,,,,,,,,,,,,,,,,,,,,,,,,,,,,,,,,,,,,,,,,,,,,,,,,,,,,,,,,,,,,,,,,,,76.0,,3.93,,265.32,254.44,,339.38,0.4,,1426.079744,,,,,,,,,
EXP_0164,Pi 5 latency: watermark_int8_sift,verified,2026-10-01T10:36:08.618654+00:00,system_performance,watermark_int8_sift,,,PI5_LATENCY,watermark_int8_sift,,,,,,Raspberry Pi 5 Model B Rev 1.0,,,,,savior_glass/results/pi5_benchmark_memo_20261001T111325Z.json,edbfd7972c9f661896c1caefd5c6f51ce511382a,,,,,,,,,,,,,,,,,,,,,,,,,,,,,,,,,,,,,,,,,,,,,,,,,,,,,,,,,,,,,,,,,,,,,,,,,,,,,,,,,,,,,,,,,,,,,,,,,,,,,,,,,,,,,,,,,,64.45,,2.68,,478.14,372.47,,853.9,696.3,,1435.48416,,,,,,,,,
EXP_0165,Pi 5 latency: watermark_int8_localizer,verified,2026-10-01T10:36:08.618654+00:00,system_performance,watermark_int8_localizer,,,PI5_LATENCY,watermark_int8_localizer,,,,,,Raspberry Pi 5 Model B Rev 1.0,,,,,savior_glass/results/pi5_benchmark_memo_20261001T111325Z.json,edbfd7972c9f661896c1caefd5c6f51ce511382a,,,,,,,,,,,,,,,,,,,,,,,,,,,,,,,,,,,,,,,,,,,,,,,,,,,,,,,,,,,,,,,,,,,,,,,,,,,,,,,,,,,,,,,,,,,,,,,,,,,,,,,,,,,,,,,,,,68.3,,19.98,,51.33,50.06,,62.1,582.0,,1456.29184,,,,,,,,,
EXP_0166,Pi 5 latency: jaal_check_qduig,verified,2026-10-01T10:36:08.618654+00:00,system_performance,jaal_check_qduig,,,PI5_LATENCY,jaal_check_qduig,,,,,,Raspberry Pi 5 Model B Rev 1.0,,,,,savior_glass/results/pi5_benchmark_memo_20261001T111325Z.json,edbfd7972c9f661896c1caefd5c6f51ce511382a,,,,,,,,,,,,,,,,,,,,,,,,,,,,,,,,,,,,,,,,,,,,,,,,,,,,,,,,,,,,,,,,,,,,,,,,,,,,,,,,,,,,,,,,,,,,,,,,,,,,,,,,,,,,,,,,,,66.65,,27.7,,38.6,36.1,,49.68,229.5,,1457.487872,,,,,,,,,
EXP_0167,Pi 5 latency: prmvt_1view,verified,2026-10-01T10:36:08.618654+00:00,system_performance,prmvt_1view,,,PI5_LATENCY,prmvt_1view,,,,,,Raspberry Pi 5 Model B Rev 1.0,,,,,savior_glass/results/pi5_benchmark_memo_20261001T111325Z.json,edbfd7972c9f661896c1caefd5c6f51ce511382a,,,,,,,,,,,,,,,,,,,,,,,,,,,,,,,,,,,,,,,,,,,,,,,,,,,,,,,,,,,,,,,,,,,,,,,,,,,,,,,,,,,,,,,,,,,,,,,,,,,,,,,,,,,,,,,,,,66.65,,27.04,,40.25,36.98,,56.66,281.2,,1457.68448,,,,,,,,,
EXP_0168,Pi 5 latency: prmvt_2view,verified,2026-10-01T10:36:08.618654+00:00,system_performance,prmvt_2view,,,PI5_LATENCY,prmvt_2view,,,,,,Raspberry Pi 5 Model B Rev 1.0,,,,,savior_glass/results/pi5_benchmark_memo_20261001T111325Z.json,edbfd7972c9f661896c1caefd5c6f51ce511382a,,,,,,,,,,,,,,,,,,,,,,,,,,,,,,,,,,,,,,,,,,,,,,,,,,,,,,,,,,,,,,,,,,,,,,,,,,,,,,,,,,,,,,,,,,,,,,,,,,,,,,,,,,,,,,,,,,67.75,,17.68,,57.22,56.57,,72.14,297.7,,1459.503104,,,,,,,,,
EXP_0169,Pi 5 latency: prmvt_3view,verified,2026-10-01T10:36:08.618654+00:00,system_performance,prmvt_3view,,,PI5_LATENCY,prmvt_3view,,,,,,Raspberry Pi 5 Model B Rev 1.0,,,,,savior_glass/results/pi5_benchmark_memo_20261001T111325Z.json,edbfd7972c9f661896c1caefd5c6f51ce511382a,,,,,,,,,,,,,,,,,,,,,,,,,,,,,,,,,,,,,,,,,,,,,,,,,,,,,,,,,,,,,,,,,,,,,,,,,,,,,,,,,,,,,,,,,,,,,,,,,,,,,,,,,,,,,,,,,,65.55,,15.89,,65.29,62.94,,86.05,288.3,,1459.748864,,,,,,,,,
EXP_0170,Pi 5 latency: prmvt_4view,verified,2026-10-01T10:36:08.618654+00:00,system_performance,prmvt_4view,,,PI5_LATENCY,prmvt_4view,,,,,,Raspberry Pi 5 Model B Rev 1.0,,,,,savior_glass/results/pi5_benchmark_memo_20261001T111325Z.json,edbfd7972c9f661896c1caefd5c6f51ce511382a,,,,,,,,,,,,,,,,,,,,,,,,,,,,,,,,,,,,,,,,,,,,,,,,,,,,,,,,,,,,,,,,,,,,,,,,,,,,,,,,,,,,,,,,,,,,,,,,,,,,,,,,,,,,,,,,,,66.1,,14.02,,72.69,71.31,,90.87,322.7,,1462.386688,,,,,,,,,
EXP_0171,Pi 5 latency: prmvt_5view,verified,2026-10-01T10:36:08.618654+00:00,system_performance,prmvt_5view,,,PI5_LATENCY,prmvt_5view,,,,,,Raspberry Pi 5 Model B Rev 1.0,,,,,savior_glass/results/pi5_benchmark_memo_20261001T111325Z.json,edbfd7972c9f661896c1caefd5c6f51ce511382a,,,,,,,,,,,,,,,,,,,,,,,,,,,,,,,,,,,,,,,,,,,,,,,,,,,,,,,,,,,,,,,,,,,,,,,,,,,,,,,,,,,,,,,,,,,,,,,,,,,,,,,,,,,,,,,,,,65.55,,12.26,,82.69,81.55,,99.25,304.5,,1464.844288,,,,,,,,,
EXP_0172,Pi 5 latency: prmvt_6view,verified,2026-10-01T10:36:08.618654+00:00,system_performance,prmvt_6view,,,PI5_LATENCY,prmvt_6view,,,,,,Raspberry Pi 5 Model B Rev 1.0,,,,,savior_glass/results/pi5_benchmark_memo_20261001T111325Z.json,edbfd7972c9f661896c1caefd5c6f51ce511382a,,,,,,,,,,,,,,,,,,,,,,,,,,,,,,,,,,,,,,,,,,,,,,,,,,,,,,,,,,,,,,,,,,,,,,,,,,,,,,,,,,,,,,,,,,,,,,,,,,,,,,,,,,,,,,,,,,66.1,,11.09,,90.96,90.16,,106.01,319.2,,1466.810368,,,,,,,,,
EXP_0173,Pi 5 latency: ocr_mode,verified,2026-10-01T10:36:08.618654+00:00,system_performance,ocr_mode,,,PI5_LATENCY,ocr_mode,,,,,,Raspberry Pi 5 Model B Rev 1.0,,,,,savior_glass/results/pi5_benchmark_memo_20261001T111325Z.json,edbfd7972c9f661896c1caefd5c6f51ce511382a,,,,,,,,,,,,,,,,,,,,,,,,,,,,,,,,,,,,,,,,,,,,,,,,,,,,,,,,,,,,,,,,,,,,,,,,,,,,,,,,,,,,,,,,,,,,,,,,,,,,,,,,,,,,,,,,,,73.8,,0.05,,18892.33,18725.73,,20403.89,6997.9,,1461.12512,,,,,,,,,
EXP_0174,Pi 5 latency: emotion,verified,2026-10-01T10:36:08.618654+00:00,system_performance,emotion,,,PI5_LATENCY,emotion,,,,,,Raspberry Pi 5 Model B Rev 1.0,,,,,savior_glass/results/pi5_benchmark_memo_20261001T111325Z.json,edbfd7972c9f661896c1caefd5c6f51ce511382a,,,,,,,,,,,,,,,,,,,,,,,,,,,,,,,,,,,,,,,,,,,,,,,,,,,,,,,,,,,,,,,,,,,,,,,,,,,,,,,,,,,,,,,,,,,,,,,,,,,,,,,,,,,,,,,,,,67.2,,20.65,,48.87,48.42,,52.03,528.3,,1479.704576,,,,,,,,,
EXP_0175,Pi 5 sustained 30-minute mixed run,verified,2026-10-01T10:36:08.618654+00:00,system_performance,,,,PI5_LATENCY,sustained run,,,,,,Raspberry Pi 5 Model B Rev 1.0,,,,,savior_glass/results/pi5_benchmark_memo_20261001T111325Z.json,edbfd7972c9f661896c1caefd5c6f51ce511382a,,,,,,,,,,,,,,,,,,,,,,,,,,,,,,,,,,,,,,,,,,,,,,,,,,,,,,,,,,,,,,,,,,,,,,,,,,,,,,,,,,,,,,,,,,,,,,,,,,,,,,,,,,,,,,,,,1229,,,,,,,,,,77.1,,30.0,1479.72096,,,,,,,
EXP_0176,Emotion recognition on RAF-DB test,verified,2026-09-21T20:08:17+06:00,emotion_recognition,emotion,,,,,efficientnet_v2_s,RAF-DB,official RAF-DB train/test,3068,real,laptop (DESKTOP-EA33S9L),,,,,paper_evidence/emotion/emotion_rafdb.json,c54513575621fd1755153ddffd29e449ce3a60a6,,,,0.8653846153846154,,,,,,,,,,,,,,,,,,,,,,,,,,,,,,,,,,,,,,,,,,,,,,,,,,,,,,,,,,,,,0.7951703521347848,0.8145678597247563,0.7822927122723854,,,,,,,,,,,,,,,,,,,,,,,,,,,,,,,,,,,,,,,,,,,,,,,,,,,,,,,,,,,,,,,,,,
EXP_0177,Object detection on a COCO val2017 subset,verified,2026-09-15T21:42:40+06:00,object_detection,object,,,,,YOLOv8s (COCO),COCO val2017,COCO val2017 random subset,250,real,laptop (DESKTOP-EA33S9L),,,,,paper_evidence/object/object_coco.json,c54513575621fd1755153ddffd29e449ce3a60a6,,,,,,,,,,,,,,,,,,,,,,,,,,,,,,,,,,,,,,,,,,,,,,,,,,,,,,,,,,,,,,,,,,,,0.6042659697968573,,,,,,,,,,,,,,,,,,,,,,,,,,,,,,,,,,,,,,,,,,,,,,,,,,,,,,,,,,,,,,,,,
EXP_0178,Ekush handwritten Bangla letters (writer-disjoint),verified,2026-09-22T04:49:04+06:00,handwritten_character_recognition,ocr: handwritten fallback,,,,,Ekush CNN,Ekush,test (unseen writers),38608,real,laptop (DESKTOP-EA33S9L),42,,,,savior_glass/results/ekush_letters.json,c8b34af047dcb4cbc2e6fe78b44fee893da178b5,,,,0.9001243265644426,,0.9001243265644426,,0.877015491621878,0.8988878446115288,0.9428306551297899,,,,,,,0.9416330332194971,,,,0.9307735426008968,,,,0.9105147307822553,,,,,,,,,,,,,,,,,,,,,,,,,,,,,,,,,,,,,,,,,,,,,,,,,,,,,,,,,,,,,,,,,,,,,,,,,,,,,,,,,,,,,,,,,,,,,,,,,,,,,,,,,,,,
EXP_0179,Capture guide thresholds on back-lit test photos: clean,verified,2026-10-01T03:03:12+06:00,capture_quality_gate,currency: guided capture,,,DEVICE_BEHAVIOUR,capture guide,,JaalTaka,"test (serial-disjoint), back-lit view 6",222,real,laptop (DESKTOP-EA33S9L),,,,,realtime_bangla_taka_detection/results/capture_guide/thresholds.json,d98d13843c641f429ef9bd1bb5403ae0cb9b568e,,213,0.9594594594594594,,,,,,,,,,,,,,,,,,,,,,,,,,,,,,,,,,,,,,,,,,,,,,,,,,,,,,,,,,,,,,,,,,,,,,,,,,,,,,,,,,,,,,,,,,5,4,,,,,,,,,,,,,,,,,,,,,,,,,,,,,,,,,,,,,,,
EXP_0180,Capture guide thresholds on back-lit test photos: dark_x0.25,verified,2026-10-01T03:03:12+06:00,capture_quality_gate,currency: guided capture,,,DEVICE_BEHAVIOUR,capture guide,,JaalTaka,"test (serial-disjoint), back-lit view 6",222,real,laptop (DESKTOP-EA33S9L),,,,,realtime_bangla_taka_detection/results/capture_guide/thresholds.json,d98d13843c641f429ef9bd1bb5403ae0cb9b568e,,0,0.0,,,,,,,,,,,,,,,,,,,,,,,,,,,,,,,,,,,,,,,,,,,,,,,,,,,,,,,,,,,,,,,,,,,,,,,,,,,,,,,,,,,,,,,,,,0,222,,,,,,,,,,,,,,,,,,,,,,,,,,,,,,,,,,,,,,,
EXP_0181,Capture guide thresholds on back-lit test photos: defocus_sigma4,verified,2026-10-01T03:03:12+06:00,capture_quality_gate,currency: guided capture,,,DEVICE_BEHAVIOUR,capture guide,,JaalTaka,"test (serial-disjoint), back-lit view 6",222,real,laptop (DESKTOP-EA33S9L),,,,,realtime_bangla_taka_detection/results/capture_guide/thresholds.json,d98d13843c641f429ef9bd1bb5403ae0cb9b568e,,0,0.0,,,,,,,,,,,,,,,,,,,,,,,,,,,,,,,,,,,,,,,,,,,,,,,,,,,,,,,,,,,,,,,,,,,,,,,,,,,,,,,,,,,,,,,,,,218,4,,,,,,,,,,,,,,,,,,,,,,,,,,,,,,,,,,,,,,,
EXP_0182,Capture guide thresholds on back-lit test photos: motion_21px,verified,2026-10-01T03:03:12+06:00,capture_quality_gate,currency: guided capture,,,DEVICE_BEHAVIOUR,capture guide,,JaalTaka,"test (serial-disjoint), back-lit view 6",222,real,laptop (DESKTOP-EA33S9L),,,,,realtime_bangla_taka_detection/results/capture_guide/thresholds.json,d98d13843c641f429ef9bd1bb5403ae0cb9b568e,,11,0.04954954954954955,,,,,,,,,,,,,,,,,,,,,,,,,,,,,,,,,,,,,,,,,,,,,,,,,,,,,,,,,,,,,,,,,,,,,,,,,,,,,,,,,,,,,,,,,,207,4,,,,,,,,,,,,,,,,,,,,,,,,,,,,,,,,,,,,,,,
EXP_0183,"Currency mode switch timing, before (reload on every switch)",verified,2026-10-01T19:46:41+06:00,system_performance,currency,,,DEVICE_BEHAVIOUR,mode switch before,,,,,,laptop CPU (DESKTOP-EA33S9L),,model loading and warm-up,before (reload on every switch),,savior_glass/results/mode_switch_before.json,167bf636c8b2b076b314c6ef26389226229e9f11,,,,,,,,,,,,,,,,,,,,,,,,,,,,,,,,,,,,,,,,,,,,,,,,,,,,,,,,,,,,,,,,,,,,,,,,,,,,,,,,,,,,,,,,,,,,,,,,,,,,,,,,,,,,,,,317.6,1959.9,,,661.2,,,,,,,,,,,,,,,,39.4,,
EXP_0184,"Currency mode switch timing, after (load once + warm-up)",verified,2026-10-01T19:46:48+06:00,system_performance,currency,,,DEVICE_BEHAVIOUR,mode switch after,,,,,,laptop CPU (DESKTOP-EA33S9L),,model loading and warm-up,after (load once + warm-up),,savior_glass/results/mode_switch_after.json,167bf636c8b2b076b314c6ef26389226229e9f11,,,,,,,,,,,,,,,,,,,,,,,,,,,,,,,,,,,,,,,,,,,,,,,,,,,,,,,,,,,,,,,,,,,,,,,,,,,,,,,,,,,,,,,,,,,,,,,,,,,,,,,,,,,,,,,0.0,1996.0,,,43.1,,,,,,,,,,,,,,,,40.7,682.9,
EXP_0185,"Currency mode switch timing, before, watermark check on",verified,2026-10-01T19:47:01+06:00,system_performance,currency,,,DEVICE_BEHAVIOUR,mode switch before_wm,,,,,,laptop CPU (DESKTOP-EA33S9L),,model loading and warm-up,"before, watermark check on",,savior_glass/results/mode_switch_before_wm.json,167bf636c8b2b076b314c6ef26389226229e9f11,,,,,,,,,,,,,,,,,,,,,,,,,,,,,,,,,,,,,,,,,,,,,,,,,,,,,,,,,,,,,,,,,,,,,,,,,,,,,,,,,,,,,,,,,,,,,,,,,,,,,,,,,,,,,,,306.4,2018.2,,,714.7,,,,,,,,,,,,,,,,37.5,,
EXP_0186,"Currency mode switch timing, after, watermark check on",verified,2026-10-01T19:47:08+06:00,system_performance,currency,,,DEVICE_BEHAVIOUR,mode switch after_wm,,,,,,laptop CPU (DESKTOP-EA33S9L),,model loading and warm-up,"after, watermark check on",,savior_glass/results/mode_switch_after_wm.json,167bf636c8b2b076b314c6ef26389226229e9f11,,,,,,,,,,,,,,,,,,,,,,,,,,,,,,,,,,,,,,,,,,,,,,,,,,,,,,,,,,,,,,,,,,,,,,,,,,,,,,,,,,,,,,,,,,,,,,,,,,,,,,,,,,,,,,,0.0,1974.9,,,78.4,,,,,,,,,,,,,,,,40.0,1096.3,
EXP_0187,OCR text detection with DBNet18,failed,2026-10-02T14:02:47+06:00,ocr,ocr,,,OCR_BENCHMARK,DBNet18 detector,,,,,,,,,,,savior_glass/results/ocr_bench/task1_best.json,f24c93b889015b93d26a92b672864fc450270ca3,,,,,,,,,,,,,,,,,,,,,,,,,,,,,,,,,,,,,,,,,,,,,,,,,,,,,,,,,,,,,,,,,,,,,,,,,,,,,,,,,,,,,,,,,,,,,,,,,,,,,,,,,,,,,,,,,,,,,,,,,,,,,,,,,,,,,
EXP_0188,PaddleOCR on Bangla text,failed,2026-10-02T19:27:06+06:00,ocr,ocr,,,OCR_BENCHMARK,PaddleOCR Bangla,,,,,,,,,,,paper_evidence/OCR_BANGLA_SPECIFIC.md,f24c93b889015b93d26a92b672864fc450270ca3,,,,,,,,,,,,,,,,,,,,,,,,,,,,,,,,,,,,,,,,,,,,,,,,,,,,,,,,,,,,,,,,,,,,,,,,,,,,,,,,,,,,,,,,,,,,,,,,,,,,,,,,,,,,,,,,,,,,,,,,,,,,,,,,,,,,,
EXP_0189,User study with blind and low-vision participants (guided vs unguided capture),planned,2026-10-03T11:47:52+06:00,user_study,,,,,,,,,,,,,,,,paper_evidence/STUDY_PREREGISTRATION.md,,,,,,,,,,,,,,,,,,,,,,,,,,,,,,,,,,,,,,,,,,,,,,,,,,,,,,,,,,,,,,,,,,,,,,,,,,,,,,,,,,,,,,,,,,,,,,,,,,,,,,,,,,,,,,,,,,,,,,,,,,,,,,,,,,,,,,
EXP_0190,Battery life of the glass,planned,2026-10-03T11:47:52+06:00,system_performance,,,,,,,,,,,,,,,,paper_evidence/PI5_RESULTS.md,,,,,,,,,,,,,,,,,,,,,,,,,,,,,,,,,,,,,,,,,,,,,,,,,,,,,,,,,,,,,,,,,,,,,,,,,,,,,,,,,,,,,,,,,,,,,,,,,,,,,,,,,,,,,,,,,,,,,,,,,,,,,,,,,,,,,,
EXP_0191,Pi 5 timing of OCR pipeline v2 and of the mode-switch warm-up,planned,2026-10-03T11:47:52+06:00,system_performance,,,,,,,,,,,,,,,,paper_evidence/PI5_RESULTS.md,,,,,,,,,,,,,,,,,,,,,,,,,,,,,,,,,,,,,,,,,,,,,,,,,,,,,,,,,,,,,,,,,,,,,,,,,,,,,,,,,,,,,,,,,,,,,,,,,,,,,,,,,,,,,,,,,,,,,,,,,,,,,,,,,,,,,,
EXP_0192,"Counterfeit detectors on a print-disjoint dataset (~100 unseen prints, second currency)",planned,2026-10-03T11:47:52+06:00,counterfeit_detection,,,,,,,,,,,,,,,,paper_evidence/PRINT_DISJOINT_DATASET_PLAN.md,,,,,,,,,,,,,,,,,,,,,,,,,,,,,,,,,,,,,,,,,,,,,,,,,,,,,,,,,,,,,,,,,,,,,,,,,,,,,,,,,,,,,,,,,,,,,,,,,,,,,,,,,,,,,,,,,,,,,,,,,,,,,,,,,,,,,,
EXP_0193,Capture-guide thresholds calibrated on glass-camera photos,planned,2026-10-03T11:47:52+06:00,capture_quality_gate,,,,,,,,,,,,,,,,paper_evidence/STUDY_PREREGISTRATION.md,,,,,,,,,,,,,,,,,,,,,,,,,,,,,,,,,,,,,,,,,,,,,,,,,,,,,,,,,,,,,,,,,,,,,,,,,,,,,,,,,,,,,,,,,,,,,,,,,,,,,,,,,,,,,,,,,,,,,,,,,,,,,,,,,,,,,,
EXP_0194,OCR accuracy on real glass-camera photos,planned,2026-10-03T11:47:52+06:00,ocr,,,,,,,,,,,,,,,,paper_evidence/OCR_TEXT_REGION.md,,,,,,,,,,,,,,,,,,,,,,,,,,,,,,,,,,,,,,,,,,,,,,,,,,,,,,,,,,,,,,,,,,,,,,,,,,,,,,,,,,,,,,,,,,,,,,,,,,,,,,,,,,,,,,,,,,,,,,,,,,,,,,,,,,,,,,
